{
"type": "FeatureCollection",
"name": "Agro-ecological_zones_of_Pakistan",
"crs": { "type": "name", "properties": { "name": "urn:ogc:def:crs:OGC:1.3:CRS84" } },
"features": [
{ "type": "Feature", "properties": { "FID": 1, "pk_key": 1, "AEZ": "Northern dry mountaiins", "Shape__Area": 120914129795.43401, "Shape__Length": 2241839.2650983301 }, "geometry": { "type": "Polygon", "coordinates": [ [ [ 74.7062597527854, 37.084797480319502 ], [ 74.699550956011905, 37.089423897794703 ], [ 74.690190072913595, 37.0883303221867 ], [ 74.682626715150803, 37.083664614230599 ], [ 74.671707320436596, 37.077656491853602 ], [ 74.656066557825497, 37.074225150170598 ], [ 74.645140616046703, 37.071615627859003 ], [ 74.630076108425698, 37.067071063978503 ], [ 74.626081607680106, 37.06312895144 ], [ 74.623897729996301, 37.054187162307798 ], [ 74.618131896669794, 37.048093911005203 ], [ 74.614585958874997, 37.044151796668103 ], [ 74.5990074059671, 37.0394533479937 ], [ 74.5752237543728, 37.034263771455898 ], [ 74.571618880407101, 37.033867594913602 ], [ 74.573409857778799, 37.021671269913199 ], [ 74.568907859709995, 36.987449529971798 ], [ 74.562981591827096, 36.964183199894798 ], [ 74.558427205551098, 36.960280376038497 ], [ 74.550749251676706, 36.959674652962903 ], [ 74.541489867863206, 36.9610530834331 ], [ 74.5365916923528, 36.965172002685797 ], [ 74.5283211113303, 36.990494519306701 ], [ 74.524644205265901, 36.993313589050899 ], [ 74.517355879070607, 36.998909164526403 ], [ 74.498129889083103, 36.999557452514502 ], [ 74.427872511707093, 36.9976355077725 ], [ 74.420548168563201, 36.996116288435999 ], [ 74.413453018542, 36.988173124490203 ], [ 74.401191210306195, 36.980429686480903 ], [ 74.379859921798001, 36.975387447672603 ], [ 74.373946750741993, 36.973986097980102 ], [ 74.354088843125695, 36.964703794944199 ], [ 74.3314118648657, 36.9442401642522 ], [ 74.310836911594293, 36.929856686237102 ], [ 74.263993203823404, 36.904452316021597 ], [ 74.254815674503803, 36.901266537820497 ], [ 74.252320748303902, 36.900398880004403 ], [ 74.236375486939195, 36.899570511769802 ], [ 74.210267167895594, 36.907621722964201 ], [ 74.190618806812594, 36.910041342633903 ], [ 74.166481544487695, 36.911524546820402 ], [ 74.152039132100299, 36.909848166459803 ], [ 74.147514213909901, 36.905699779121598 ], [ 74.141198318347804, 36.895713527257499 ], [ 74.134207942942297, 36.871566441638002 ], [ 74.127427114070102, 36.848103660955204 ], [ 74.119667304802306, 36.8417157332945 ], [ 74.109733439346797, 36.840956122726901 ], [ 74.094138514280999, 36.846329053942704 ], [ 74.085000275442397, 36.8463028611881 ], [ 74.078897202643802, 36.844135352964202 ], [ 74.0527561419824, 36.828717235512002 ], [ 74.033921013544003, 36.829094448050398 ], [ 74.031277546321704, 36.829147389340598 ], [ 74.031012304774094, 36.8291527007366 ], [ 74.025259568274507, 36.832976944530401 ], [ 74.014183014334705, 36.835167371077397 ], [ 74.006079416731794, 36.836768445807202 ], [ 73.999999263155502, 36.834018133729899 ], [ 73.979682969293705, 36.833029330938899 ], [ 73.963204016951906, 36.837508410684698 ], [ 73.9355404607238, 36.867359119028201 ], [ 73.917372030294999, 36.876189584681597 ], [ 73.908332016309501, 36.881028824920399 ], [ 73.890121021867699, 36.878805655856397 ], [ 73.883811674269396, 36.879214929225697 ], [ 73.879142692781102, 36.885465339753701 ], [ 73.846580962841202, 36.898614451495803 ], [ 73.822135926431898, 36.897632196668603 ], [ 73.807961997648107, 36.893444518849499 ], [ 73.800179270057299, 36.889689034521403 ], [ 73.794364323854495, 36.895160189691097 ], [ 73.790739805997305, 36.901341844350704 ], [ 73.784600715350805, 36.903434046044403 ], [ 73.775930685153099, 36.901436794772302 ], [ 73.763305442891905, 36.902242243784599 ], [ 73.749963154975703, 36.9064855824437 ], [ 73.740242111384404, 36.904557089737999 ], [ 73.736840237786794, 36.902222598993802 ], [ 73.733520217783905, 36.900732845944198 ], [ 73.725099024600397, 36.901266537820497 ], [ 73.713858760773206, 36.905375634677902 ], [ 73.705054487874307, 36.912732720338802 ], [ 73.693473710143707, 36.913459588389301 ], [ 73.662552344515106, 36.911161112795199 ], [ 73.639550320690802, 36.903254781483 ], [ 73.639547948279201, 36.903253965797902 ], [ 73.618508061697796, 36.904570185665598 ], [ 73.597625334341799, 36.907569335656397 ], [ 73.585563252042505, 36.9032244977125 ], [ 73.577544782465793, 36.8969216998766 ], [ 73.559152011656096, 36.891741603991903 ], [ 73.550352709310104, 36.8892633898936 ], [ 73.527770682371198, 36.885563566405501 ], [ 73.523146871131203, 36.888126493043302 ], [ 73.515708600071903, 36.892249443057402 ], [ 73.512982970787505, 36.8929164549305 ], [ 73.506409925777504, 36.894524999429201 ], [ 73.484509019275905, 36.895866546004299 ], [ 73.469581937956093, 36.896780910110998 ], [ 73.457403710013196, 36.895026419133998 ], [ 73.440605435392598, 36.892606329118799 ], [ 73.419986814639898, 36.896055445902199 ], [ 73.416648253314307, 36.896613926691401 ], [ 73.403129388010896, 36.899131728946202 ], [ 73.403129159583102, 36.899131772113698 ], [ 73.399445363812603, 36.898243170885699 ], [ 73.389053455652501, 36.895736446479901 ], [ 73.372237262040102, 36.885710904134903 ], [ 73.365102479795695, 36.883365766317098 ], [ 73.3569566590227, 36.880688310117499 ], [ 73.347802048925502, 36.884636972418399 ], [ 73.336227819158594, 36.885331098851204 ], [ 73.3177123259632, 36.879647120917902 ], [ 73.317710977879401, 36.879646332212502 ], [ 73.317390589903894, 36.879458990839801 ], [ 73.306603029506306, 36.873151145109297 ], [ 73.297661240373998, 36.873684836985703 ], [ 73.289200757608896, 36.879345895696602 ], [ 73.273353721097394, 36.8885430698069 ], [ 73.261946474750104, 36.890252192684599 ], [ 73.233375971124204, 36.886791382916002 ], [ 73.231112018704806, 36.887188810415303 ], [ 73.215675748437107, 36.889898581054801 ], [ 73.199638396494805, 36.885815365786499 ], [ 73.1893775267515, 36.883202881108097 ], [ 73.186032434549205, 36.883853958793203 ], [ 73.181807620125696, 36.884676262899298 ], [ 73.160767135495007, 36.889944612853597 ], [ 73.144134892811095, 36.894109178096102 ], [ 73.133702802042805, 36.890886205733899 ], [ 73.121667462883195, 36.887167913768302 ], [ 73.108104341042605, 36.887538520786201 ], [ 73.088355945670401, 36.888078137396199 ], [ 73.079566400968702, 36.888587525094202 ], [ 73.071746025058999, 36.889040745633999 ], [ 73.060056128087894, 36.8818327594743 ], [ 73.047287892722096, 36.873959867653802 ], [ 73.028945136808701, 36.862067183453803 ], [ 73.026840632389295, 36.860702708663197 ], [ 73.026840519974101, 36.860702715857698 ], [ 72.997467955082101, 36.862388912318501 ], [ 72.974616234051993, 36.871119401239397 ], [ 72.968903999420107, 36.873301758169603 ], [ 72.953391383905299, 36.872123086910896 ], [ 72.953390929747698, 36.872123052736796 ], [ 72.946770826812298, 36.865640017273101 ], [ 72.9295123277318, 36.848738852116398 ], [ 72.927594214101802, 36.847745354864301 ], [ 72.924132847652899, 36.845952523989901 ], [ 72.911855484742901, 36.846645092796898 ], [ 72.907532750336202, 36.846888939472997 ], [ 72.8970937275935, 36.844453534003399 ], [ 72.882635877443803, 36.841080542133298 ], [ 72.878006770096405, 36.840928724880797 ], [ 72.871055099713104, 36.840700736849598 ], [ 72.8276948394453, 36.843134173703199 ], [ 72.825082323290601, 36.843280791974998 ], [ 72.798522167763906, 36.8478548230417 ], [ 72.794331047339995, 36.847067925244602 ], [ 72.781571732349605, 36.8446723192721 ], [ 72.776879983624397, 36.845701382013203 ], [ 72.762673159438805, 36.848817432178798 ], [ 72.7563167206402, 36.849683995520003 ], [ 72.749992256337606, 36.850546199847301 ], [ 72.735775079156596, 36.846683012710898 ], [ 72.718458618770299, 36.841977668035 ], [ 72.702399393517197, 36.842857972117798 ], [ 72.6852486008423, 36.843798113492198 ], [ 72.662335291540501, 36.848560324998999 ], [ 72.656167325461794, 36.849842251019098 ], [ 72.631597870545406, 36.848427805398998 ], [ 72.626594923117196, 36.841588040355802 ], [ 72.566101153345599, 36.8324137854678 ], [ 72.553409566298498, 36.826555821094303 ], [ 72.545401781566994, 36.822859725296198 ], [ 72.526070530430701, 36.807562225816099 ], [ 72.507539151610601, 36.792897694373103 ], [ 72.507539005021101, 36.792897190752797 ], [ 72.504464696888306, 36.7823973963228 ], [ 72.496595242276697, 36.778275832163999 ], [ 72.495224957865602, 36.777558156084098 ], [ 72.457994523428596, 36.777163723327199 ], [ 72.411163633694798, 36.776667579045601 ], [ 72.390068085373898, 36.761783151671203 ], [ 72.367630122632093, 36.7576249419376 ], [ 72.358617520881893, 36.7580943988375 ], [ 72.336829902877795, 36.759229291098997 ], [ 72.326549004333103, 36.753442732895799 ], [ 72.323805210542105, 36.751898399991198 ], [ 72.313691264840003, 36.746207873194898 ], [ 72.302552502096404, 36.745009522971102 ], [ 72.265167875297294, 36.750186716743599 ], [ 72.241364606791294, 36.7534831034625 ], [ 72.241364242565794, 36.753482719452002 ], [ 72.234105425824794, 36.745824469723601 ], [ 72.226905823145302, 36.738228694099 ], [ 72.196897953777594, 36.693559042515901 ], [ 72.202932618745393, 36.680463426046302 ], [ 72.2044449420804, 36.677181589458797 ], [ 72.207949127050696, 36.672652152175203 ], [ 72.214460661130701, 36.664235477185599 ], [ 72.198337945539805, 36.657517485743398 ], [ 72.191649441968295, 36.654730529890102 ], [ 72.179942823902294, 36.656920289140103 ], [ 72.165550944420602, 36.659612334141997 ], [ 72.153158666139603, 36.655808487871496 ], [ 72.140686814944601, 36.651980217812898 ], [ 72.128044553013794, 36.650777967229402 ], [ 72.116241778535297, 36.6496555494641 ], [ 72.102912587445999, 36.648545601698203 ], [ 72.099577400376802, 36.639225724088 ], [ 72.097290818316694, 36.632836081420102 ], [ 72.106232607448902, 36.605735685153803 ], [ 72.096763675303393, 36.5973243143657 ], [ 72.059159706555207, 36.595644658674097 ], [ 72.012947915514005, 36.5677289918995 ], [ 71.971985623737595, 36.566748702090997 ], [ 71.964378714506196, 36.566566657725097 ], [ 71.935303987988704, 36.560879405360303 ], [ 71.935303699306402, 36.560878943108797 ], [ 71.931140322068202, 36.554191426093503 ], [ 71.927786467771298, 36.548804226234097 ], [ 71.917158476782305, 36.524447593181897 ], [ 71.916624784905906, 36.517368814419299 ], [ 71.909126910378703, 36.505300182357601 ], [ 71.896666103757795, 36.504989167116399 ], [ 71.884858680683607, 36.504694459282 ], [ 71.832069059339702, 36.5054573433817 ], [ 71.821869986510706, 36.486404883878301 ], [ 71.818283998307905, 36.464356617164199 ], [ 71.817855840974303, 36.461724107281803 ], [ 71.817855863457396, 36.461723505635398 ], [ 71.818059898045902, 36.456486059084398 ], [ 71.818618725074103, 36.442141231232902 ], [ 71.829063361385096, 36.4345385820899 ], [ 71.8482403374217, 36.431527560148801 ], [ 71.861677478632799, 36.429417763219298 ], [ 71.861677685476906, 36.429416874689103 ], [ 71.865020417858005, 36.415044108498897 ], [ 71.860745548068607, 36.406429350634099 ], [ 71.857270431884999, 36.399426265110101 ], [ 71.857269503784593, 36.399425944052098 ], [ 71.8543265164556, 36.398408641745398 ], [ 71.843734966895298, 36.394747460327103 ], [ 71.828050686090407, 36.395499259383399 ], [ 71.825176491502006, 36.395637029225497 ], [ 71.817436744310399, 36.396008020254001 ], [ 71.811510060940606, 36.397263999933699 ], [ 71.7957911346532, 36.400595148147602 ], [ 71.768765972971295, 36.417079656501002 ], [ 71.757889215115298, 36.4237141404952 ], [ 71.742174512943393, 36.435314626868603 ], [ 71.724472923286797, 36.4483818202648 ], [ 71.716823380794395, 36.4519352314258 ], [ 71.707443907810202, 36.456292240794298 ], [ 71.687959256614505, 36.460754950180799 ], [ 71.673369506497593, 36.4720967132927 ], [ 71.656196426823698, 36.478222705313698 ], [ 71.641747020408701, 36.473819165921803 ], [ 71.635955439491994, 36.472054148380302 ], [ 71.631619011108498, 36.465394303504397 ], [ 71.631618619004101, 36.465393701857899 ], [ 71.623605228798297, 36.453086817802401 ], [ 71.622577735374307, 36.438553063972797 ], [ 71.621977960414597, 36.430069324739598 ], [ 71.619262364866302, 36.4230266078917 ], [ 71.613900556465595, 36.409121115047498 ], [ 71.592805008144694, 36.390556508975699 ], [ 71.565390290729397, 36.375822693762402 ], [ 71.556137454879703, 36.369140090642702 ], [ 71.556678196541597, 36.366846383254 ], [ 71.559522958118094, 36.354779532749298 ], [ 71.559524457287907, 36.354778620836697 ], [ 71.572174394033098, 36.347091756479401 ], [ 71.571367641003903, 36.342956476760001 ], [ 71.568739825582597, 36.329486729728799 ], [ 71.568739777918495, 36.329486484213902 ], [ 71.535529934459007, 36.325672083499903 ], [ 71.535529759990496, 36.325672062815499 ], [ 71.524214189633199, 36.320859017129997 ], [ 71.521162654133306, 36.308564468175703 ], [ 71.520621244275006, 36.300690763368102 ], [ 71.520553655726701, 36.299707807969 ], [ 71.485160192688795, 36.2959818357931 ], [ 71.4851597583162, 36.295981789927701 ], [ 71.468870708616393, 36.282505261109002 ], [ 71.461417521401501, 36.276034682154901 ], [ 71.457198253097005, 36.272371671515501 ], [ 71.446477650822999, 36.270404007938701 ], [ 71.441642618512105, 36.269516584822597 ], [ 71.439935175567896, 36.267477788469201 ], [ 71.434472162860104, 36.260954600974102 ], [ 71.419060592472405, 36.227895196106502 ], [ 71.419060266018505, 36.227894929007803 ], [ 71.400482889573794, 36.212735738063898 ], [ 71.384573643359005, 36.204560108362401 ], [ 71.367589871875197, 36.201908844018 ], [ 71.366851630997999, 36.201793601293701 ], [ 71.366850501449605, 36.201793425026601 ], [ 71.364342838151501, 36.200795003087002 ], [ 71.359071047390998, 36.198696049283299 ], [ 71.354830743943793, 36.187569156691303 ], [ 71.352408089961401, 36.181211922891997 ], [ 71.347454133101806, 36.172575928436402 ], [ 71.347434608820194, 36.172541890895602 ], [ 71.345035658269097, 36.171093360969898 ], [ 71.340575199885606, 36.168400052420502 ], [ 71.328661306074494, 36.1643776807854 ], [ 71.310279203022802, 36.158171511506097 ], [ 71.290783986591705, 36.148393315998803 ], [ 71.284193801402907, 36.145087883898803 ], [ 71.280243891742302, 36.142886544978097 ], [ 71.254601753368306, 36.128595833830701 ], [ 71.246437991120402, 36.123400445873898 ], [ 71.245443869738807, 36.122767791700198 ], [ 71.244079972312903, 36.1184469000045 ], [ 71.2426771864031, 36.114002809282297 ], [ 71.243813327822906, 36.097952774201197 ], [ 71.243090054362597, 36.095312254057298 ], [ 71.242369519337899, 36.092681729878002 ], [ 71.242369414117206, 36.092681342270197 ], [ 71.239832057003895, 36.092320100792001 ], [ 71.227995759396805, 36.090634979021097 ], [ 71.209371579534803, 36.072307978330599 ], [ 71.208092012436495, 36.071048827641299 ], [ 71.199006160905597, 36.049216588874501 ], [ 71.201415957280702, 36.035779349637302 ], [ 71.207062983869704, 36.031849388738401 ], [ 71.211329822713196, 36.028879948750699 ], [ 71.215026728800495, 36.026307144858897 ], [ 71.228814304336694, 36.019490299937502 ], [ 71.248050432381604, 36.002113029192998 ], [ 71.253616225908203, 35.997085078813399 ], [ 71.256243196866095, 35.996032676866598 ], [ 71.261078084386199, 35.994095752117403 ], [ 71.284851912685696, 35.989502076259797 ], [ 71.289769723993601, 35.986853609706401 ], [ 71.302817343645501, 35.979826871113303 ], [ 71.310277437653696, 35.973075360139802 ], [ 71.319329038504407, 35.964883509366501 ], [ 71.332245682692104, 35.961648618289097 ], [ 71.349631583331004, 35.959991881819903 ], [ 71.354299967669405, 35.960128740648898 ], [ 71.361693666529604, 35.960345494349099 ], [ 71.3767247877188, 35.9561219812445 ], [ 71.376725431633403, 35.956121800480801 ], [ 71.379089368879306, 35.950173884117497 ], [ 71.3814009628842, 35.944357668072001 ], [ 71.381783404980197, 35.940808342531 ], [ 71.384095614121307, 35.919349473499402 ], [ 71.381142301675894, 35.907925855893602 ], [ 71.3807232068106, 35.901718009378698 ], [ 71.3884441968423, 35.8958746050291 ], [ 71.393204384874494, 35.892271996455499 ], [ 71.399040551480297, 35.891644757099897 ], [ 71.407309556890596, 35.890756050651298 ], [ 71.412460259333599, 35.890523897859602 ], [ 71.418206031483194, 35.890264922787999 ], [ 71.429655842743003, 35.8817520527151 ], [ 71.461798477817595, 35.840300920950803 ], [ 71.464995233143597, 35.832576979344203 ], [ 71.467423520479102, 35.826709796020303 ], [ 71.489861482321601, 35.803466385165599 ], [ 71.489373629789199, 35.796374508676699 ], [ 71.481332241889504, 35.774516076255999 ], [ 71.480546437667996, 35.762997507329104 ], [ 71.485375759283897, 35.7538823666779 ], [ 71.485375854612101, 35.753882186813499 ], [ 71.497817743094402, 35.744426353293697 ], [ 71.504928307495405, 35.741245914367497 ], [ 71.522164552851905, 35.733536426664799 ], [ 71.532799092703996, 35.729492813042903 ], [ 71.5466685236335, 35.720226881265603 ], [ 71.546668525432196, 35.720226608771 ], [ 71.546710160445599, 35.7145351997397 ], [ 71.546776571781393, 35.705457050002899 ], [ 71.538803940649402, 35.688290519192201 ], [ 71.538803111474493, 35.688289668433498 ], [ 71.538080943281003, 35.687547599142398 ], [ 71.509575326640103, 35.658256457069903 ], [ 71.500420716542905, 35.640215718680501 ], [ 71.499570353588993, 35.6277299082087 ], [ 71.499481026628104, 35.626418319849599 ], [ 71.504109880366698, 35.621763670856701 ], [ 71.510056632107904, 35.6157837799975 ], [ 71.515870497325594, 35.611878121478199 ], [ 71.526267101745404, 35.604893854267999 ], [ 71.555862423312206, 35.591535195992499 ], [ 71.574307786475202, 35.584499251039603 ], [ 71.577887840051901, 35.583133646700503 ], [ 71.581022102388104, 35.582368989137599 ], [ 71.601226201328203, 35.577439847271201 ], [ 71.612237272931793, 35.5732357981936 ], [ 71.613680446495493, 35.569714845363897 ], [ 71.614165764738303, 35.568530799756701 ], [ 71.610885036115604, 35.5539181304175 ], [ 71.601353244056995, 35.536937777256597 ], [ 71.599274789400098, 35.533235128998101 ], [ 71.593682488356194, 35.517803913819598 ], [ 71.593555379976905, 35.508751451418398 ], [ 71.593397634393298, 35.497517088043303 ], [ 71.603467127505994, 35.487515228445098 ], [ 71.606071989530705, 35.484927861831402 ], [ 71.6110917273014, 35.481306986228503 ], [ 71.636161712493106, 35.463223316003301 ], [ 71.639244395112797, 35.460630074118697 ], [ 71.648947389310607, 35.452467631176297 ], [ 71.650679431410694, 35.445005772698302 ], [ 71.646400076702193, 35.432285580015602 ], [ 71.641066436866694, 35.420541092397599 ], [ 71.628039151785501, 35.412321323969998 ], [ 71.623366450701198, 35.409373009956497 ], [ 71.623366213280207, 35.409372860669002 ], [ 71.555800214508295, 35.312853279455297 ], [ 71.554822747671693, 35.305701742841201 ], [ 71.553544303826598, 35.296348131660999 ], [ 71.557058252736198, 35.289043482770602 ], [ 71.559447651587902, 35.2840765019291 ], [ 71.570036353894693, 35.274362007200899 ], [ 71.570036405156003, 35.274361974825297 ], [ 71.5803664768315, 35.267993460829601 ], [ 71.595948221433304, 35.258387276851401 ], [ 71.622528023549506, 35.235919846923402 ], [ 71.635405378155696, 35.227007526775999 ], [ 71.657646888493204, 35.223193106276902 ], [ 71.6716726764529, 35.218915465676297 ], [ 71.955165454222396, 35.530066074589698 ], [ 72.276852683005004, 35.737688589356999 ], [ 72.457161206224697, 35.788531283691803 ], [ 72.6577583646568, 35.841052221782697 ], [ 73.155951365763002, 35.896407000083101 ], [ 73.486174105950298, 35.884598532896 ], [ 73.888633727564496, 35.834291408222001 ], [ 74.173095411524102, 35.647310499080298 ], [ 74.205268859170602, 35.624874114648698 ], [ 74.322598574464706, 35.466890245888202 ], [ 74.442497252646106, 35.134658813253701 ], [ 74.446411132767594, 35.134468078738898 ], [ 74.449615478371697, 35.134387969829 ], [ 74.451942443589004, 35.133769988993798 ], [ 74.453704833311505, 35.131511687914099 ], [ 74.455215453330496, 35.128150940313702 ], [ 74.457138061772199, 35.123680115444998 ], [ 74.459312439017907, 35.119312286332999 ], [ 74.4622650149186, 35.1150627144727 ], [ 74.466346740909401, 35.110595702729498 ], [ 74.469398498541906, 35.110286712761599 ], [ 74.474510192891202, 35.111923218082097 ], [ 74.477828979024196, 35.112701415837698 ], [ 74.481880187420799, 35.112972260161698 ], [ 74.484718322792403, 35.112358093351403 ], [ 74.487136840792601, 35.111289978449797 ], [ 74.489410399770193, 35.110858917205299 ], [ 74.490791320463103, 35.109733582039198 ], [ 74.491607665661306, 35.109516143954899 ], [ 74.494346618401806, 35.1084518430782 ], [ 74.497657775585907, 35.1065483092571 ], [ 74.501144408487704, 35.104320525771698 ], [ 74.504028319351505, 35.101810454988502 ], [ 74.506813048483494, 35.100563049445199 ], [ 74.509780884080598, 35.099151611158 ], [ 74.507972717067304, 35.095455170020202 ], [ 74.507713317515694, 35.091999053813304 ], [ 74.508598327750704, 35.088481903317202 ], [ 74.511024474699795, 35.084888457936003 ], [ 74.515342711596901, 35.081043242851401 ], [ 74.519134520441796, 35.077854156044502 ], [ 74.525085448634599, 35.075794220227102 ], [ 74.529289245902007, 35.072902679515103 ], [ 74.532394408874893, 35.070850371747298 ], [ 74.534660338903606, 35.067737578926199 ], [ 74.536987305020105, 35.065567017503902 ], [ 74.5374832145787, 35.061912536934102 ], [ 74.537765502775798, 35.057956696244602 ], [ 74.5376129148042, 35.055912018325003 ], [ 74.535209655601193, 35.054615021466098 ], [ 74.532981873015103, 35.0529937740435 ], [ 74.531188964799, 35.0510101322119 ], [ 74.529953003128597, 35.047286987504499 ], [ 74.529037475299305, 35.0427589423713 ], [ 74.528366089123793, 35.038848877173997 ], [ 74.528533935892497, 35.035999297929301 ], [ 74.531227111342204, 35.033496856994397 ], [ 74.534133910851395, 35.031299591103298 ], [ 74.536506652460105, 35.029758453489897 ], [ 74.537864684507696, 35.027320861768402 ], [ 74.538078307667803, 35.025100708131198 ], [ 74.539863586035693, 35.023277283220096 ], [ 74.543144225625596, 35.021057128683601 ], [ 74.546646117324499, 35.019145965913602 ], [ 74.548477172983198, 35.017948150786602 ], [ 74.551033020157803, 35.016239166404397 ], [ 74.554260253507906, 35.013233185163401 ], [ 74.558036803555694, 35.012413025041099 ], [ 74.562271117518094, 35.012668609668602 ], [ 74.563629149565699, 35.015441894927598 ], [ 74.565483092970396, 35.017082214272797 ], [ 74.567878722325204, 35.018379211131702 ], [ 74.570625304914003, 35.019184113356197 ], [ 74.572547912456201, 35.019245147645499 ], [ 74.575439452268895, 35.016887664833902 ], [ 74.575477599711505, 35.014835357965502 ], [ 74.576339721301196, 35.011005401677998 ], [ 74.5778503413202, 35.008087158295801 ], [ 74.579879760442594, 35.0045127866359 ], [ 74.583496093569906, 35.001644135468602 ], [ 74.582160949268399, 35.000099182031697 ], [ 74.580589294060701, 34.998592376936699 ], [ 74.579040526599101, 34.9971046446637 ], [ 74.576683043787497, 34.996299744237803 ], [ 74.574119567663999, 34.995052337795201 ], [ 74.572189330273403, 34.993896484135497 ], [ 74.571319579734805, 34.991825104445098 ], [ 74.5718536376353, 34.988594055271498 ], [ 74.573020934268797, 34.984542846874902 ], [ 74.570617675964996, 34.978038787959697 ], [ 74.567573546382107, 34.9758262632715 ], [ 74.564689635518306, 34.973136901846601 ], [ 74.564872741983507, 34.970443726396901 ], [ 74.566421508545801, 34.9681549068235 ], [ 74.567260741490102, 34.966533661199499 ], [ 74.567680358861494, 34.964462279710503 ], [ 74.565986632377204, 34.963397979733003 ], [ 74.5646591188233, 34.962562560813602 ], [ 74.562751770078194, 34.960136413864497 ], [ 74.562713622635599, 34.956981658676703 ], [ 74.565696716130603, 34.953361511524598 ], [ 74.569137572640898, 34.949790954788803 ], [ 74.572692870579502, 34.948665618723403 ], [ 74.574699401955897, 34.947299956827599 ], [ 74.573547362320994, 34.945789336808502 ], [ 74.571968079063694, 34.943698883396799 ], [ 74.570419311601995, 34.9413642883313 ], [ 74.570350646565103, 34.9378967291508 ], [ 74.570327758819104, 34.935054778854997 ], [ 74.567848205630199, 34.932659149500203 ], [ 74.564811706794899, 34.930446624811999 ], [ 74.563377379862203, 34.9292564386338 ], [ 74.566436767343006, 34.929100036637401 ], [ 74.568511962856903, 34.9286804201653 ], [ 74.570549010928204, 34.927787780981397 ], [ 74.5719451895189, 34.925979613968103 ], [ 74.571769713801302, 34.923622131156499 ], [ 74.571144104017307, 34.920337676642497 ], [ 74.569557190012304, 34.917106628368202 ], [ 74.566986084040593, 34.913452147798402 ], [ 74.565757750419905, 34.909885405986699 ], [ 74.565963744631205, 34.907505035429097 ], [ 74.567947387362096, 34.905826568641203 ], [ 74.571884154330306, 34.904678344829797 ], [ 74.574005127134996, 34.903640747522601 ], [ 74.579216002316699, 34.906688690230901 ], [ 74.582893371531995, 34.909111023155198 ], [ 74.585662841866693, 34.910934448066399 ], [ 74.590492248918196, 34.914001465395401 ], [ 74.594421386937498, 34.916614531935103 ], [ 74.599990844302098, 34.919326782005399 ], [ 74.606445311901695, 34.918521880680302 ], [ 74.609794616528404, 34.917243958442 ], [ 74.617004395036901, 34.914615631306397 ], [ 74.6199874876325, 34.913516997911202 ], [ 74.624458312501204, 34.911865233793499 ], [ 74.626586913355396, 34.9109878543061 ], [ 74.629623413090101, 34.909233093532499 ], [ 74.633201598774804, 34.908416748334297 ], [ 74.637016295365797, 34.905696869315101 ], [ 74.639175414713705, 34.903846740834503 ], [ 74.645149230652507, 34.901802062914904 ], [ 74.649513244840406, 34.901260376065601 ], [ 74.653533935642699, 34.901210784749999 ], [ 74.656906128015507, 34.902774811008797 ], [ 74.659164429095199, 34.904708862424101 ], [ 74.661987304770406, 34.906612396245102 ], [ 74.6641616820161, 34.907447815164602 ], [ 74.665267943460904, 34.904392241708599 ], [ 74.666244506478805, 34.902130127503398 ], [ 74.666519164827704, 34.8981704709905 ], [ 74.669166564785201, 34.897720336924102 ], [ 74.671333313082002, 34.896026611339103 ], [ 74.673362731305104, 34.892452239679201 ], [ 74.674369811917401, 34.888137816806903 ], [ 74.675064086738203, 34.884628296159001 ], [ 74.6763610835972, 34.881565093754098 ], [ 74.677398681803794, 34.880088806253497 ], [ 74.680160521391002, 34.878684997814403 ], [ 74.681747436295197, 34.876865386928102 ], [ 74.685028075885, 34.874645233290899 ], [ 74.687431335088107, 34.8735733034652 ], [ 74.691940307399307, 34.8749160767156 ], [ 74.695610045866999, 34.875354766908998 ], [ 74.698844909964706, 34.875030518143902 ], [ 74.700065612837804, 34.871944427093702 ], [ 74.700912475630304, 34.870151519776897 ], [ 74.701835631509297, 34.868198394640302 ], [ 74.702209472489201, 34.865791321412402 ], [ 74.702514647532993, 34.863796233909099 ], [ 74.703887938377704, 34.859397888102102 ], [ 74.705665587796702, 34.857570648266901 ], [ 74.7077178955645, 34.856834411978603 ], [ 74.710945128914602, 34.8565063482894 ], [ 74.713699340452294, 34.857467650711499 ], [ 74.717407226362496, 34.860904694096398 ], [ 74.720115661508601, 34.861236571810402 ], [ 74.722770690415103, 34.860939025715503 ], [ 74.7244949335944, 34.858573913954999 ], [ 74.726234435570802, 34.856178283700899 ], [ 74.728103637772705, 34.852764129860802 ], [ 74.728218078301694, 34.850124358852099 ], [ 74.728225708150006, 34.847587585398799 ], [ 74.725883484135494, 34.843296051171897 ], [ 74.728927611919801, 34.8419265752513 ], [ 74.7326660154243, 34.840244292640001 ], [ 74.735656737868197, 34.8385391240814 ], [ 74.737304687061695, 34.837078094478599 ], [ 74.739501952952807, 34.835124969341898 ], [ 74.742576598331397, 34.832599639761597 ], [ 74.744895934599796, 34.8299560547282 ], [ 74.747627257491999, 34.827201843190601 ], [ 74.749954223608597, 34.824005127434802 ], [ 74.752548217326407, 34.821472168006203 ], [ 74.755561828415694, 34.819927216368001 ], [ 74.759117125455006, 34.817943572737803 ], [ 74.761848450145905, 34.815959930006798 ], [ 74.764450072812707, 34.812873839855897 ], [ 74.765396117337005, 34.809570312519902 ], [ 74.766212462535194, 34.806156157780499 ], [ 74.766334533811701, 34.802410126226398 ], [ 74.766387939152096, 34.798580169938901 ], [ 74.766586303515197, 34.795364380461798 ], [ 74.768356323085897, 34.791179656915702 ], [ 74.769577025959094, 34.786334991067001 ], [ 74.771209716355401, 34.782146454395402 ], [ 74.772712707425598, 34.7792854312777 ], [ 74.775306702042698, 34.776969909933399 ], [ 74.776397704690396, 34.7739944462867 ], [ 74.778305053435503, 34.770580292446603 ], [ 74.780075073006302, 34.767608642824698 ], [ 74.782394408375296, 34.763969421052003 ], [ 74.785537719690097, 34.760665893716101 ], [ 74.788681030105494, 34.757911682178403 ], [ 74.791419982845994, 34.755924225422703 ], [ 74.795387267408501, 34.754161834800897 ], [ 74.799491882044805, 34.752616882263297 ], [ 74.826562713098795, 34.726501906437903 ], [ 74.856768145533493, 34.688628941472501 ], [ 74.864878771338297, 34.679933009001203 ], [ 74.889816888938398, 34.683870008893798 ], [ 74.893745906448501, 34.684485555264203 ], [ 74.910506438321505, 34.683224995337298 ], [ 74.927810485365697, 34.678310449467702 ], [ 74.946715607139595, 34.666346592021704 ], [ 74.998902778040801, 34.650267088855102 ], [ 75.003653614922399, 34.646763715073497 ], [ 75.018744314398603, 34.641498832005503 ], [ 75.029915820558799, 34.641469363920102 ], [ 75.041801097942397, 34.641433347870802 ], [ 75.050795272583798, 34.643921726106797 ], [ 75.054498371402801, 34.646622925307803 ], [ 75.084725610598497, 34.655381359762004 ], [ 75.1055461273519, 34.655659664861702 ], [ 75.111213735825302, 34.657990882073598 ], [ 75.142302083974101, 34.662407752116103 ], [ 75.164664741085005, 34.6604465177926 ], [ 75.177895705522502, 34.657319674863203 ], [ 75.205081508604806, 34.646918204211801 ], [ 75.206734692751894, 34.646285684936501 ], [ 75.235757032860803, 34.648292757704702 ], [ 75.242618053380497, 34.647811424357798 ], [ 75.249711592715897, 34.647313777309002 ], [ 75.259642183739899, 34.644085435094802 ], [ 75.2660595776874, 34.639550694508998 ], [ 75.266943606762098, 34.634537922886899 ], [ 75.258080398591602, 34.6176005851989 ], [ 75.261855529509106, 34.610881965130702 ], [ 75.2791530276901, 34.601750274255799 ], [ 75.335197184902199, 34.572125485502802 ], [ 75.350546544687305, 34.5622407320242 ], [ 75.3778139243732, 34.5524214626804 ], [ 75.394973908119397, 34.5488100416501 ], [ 75.413954334624904, 34.547336659858999 ], [ 75.464943155302393, 34.543365079235102 ], [ 75.478508087478303, 34.539357480763201 ], [ 75.506096336276997, 34.537330763204203 ], [ 75.516884762721702, 34.537792422082603 ], [ 75.521203407911003, 34.5395866738859 ], [ 75.5518039035274, 34.538136211317102 ], [ 75.5646288708258, 34.538755032119099 ], [ 75.591889701648498, 34.540064704022903 ], [ 75.615562030663199, 34.538535662290997 ], [ 75.644148904648304, 34.533535987495902 ], [ 75.692305559653903, 34.5215262907058 ], [ 75.713836574098707, 34.518399447776297 ], [ 75.729225224364697, 34.516159909252501 ], [ 75.7492075513874, 34.5158324903772 ], [ 75.768783879472494, 34.522141837076198 ], [ 75.793029189945202, 34.533915791880297 ], [ 75.810477300287204, 34.548171576057399 ], [ 75.820646906829296, 34.558914164057398 ], [ 75.842184470137198, 34.573860801135098 ], [ 75.881461545713805, 34.5907359300192 ], [ 75.911927799528399, 34.601128179921602 ], [ 75.918646418697307, 34.604834553172203 ], [ 75.932211350873203, 34.624427252515702 ], [ 75.946251038754497, 34.631178613302403 ], [ 75.967713295532207, 34.633473814464999 ], [ 75.983275478080898, 34.629407282520098 ], [ 75.9918440098932, 34.629970440683302 ], [ 76.000389622483198, 34.635811579640702 ], [ 76.014367100661204, 34.653570736700203 ], [ 76.019246998350397, 34.6582166083099 ], [ 76.025427285141205, 34.664100503735298 ], [ 76.036461275067794, 34.670265786237103 ], [ 76.055016058744201, 34.676025070700497 ], [ 76.074438499337305, 34.676306650231801 ], [ 76.085822827361696, 34.671457588496999 ], [ 76.092957267863696, 34.6665561394543 ], [ 76.121923948031807, 34.646649118961697 ], [ 76.130751140153095, 34.6435190025 ], [ 76.139090478842604, 34.642474537969598 ], [ 76.157913744323906, 34.643410954352099 ], [ 76.192793595547997, 34.655266762750998 ], [ 76.197852205614893, 34.659127023493397 ], [ 76.227378769514601, 34.672141891635 ], [ 76.234297113720899, 34.673094679276097 ], [ 76.260061644429399, 34.684370958253197 ], [ 76.275116328755701, 34.693640165361401 ], [ 76.283301781751902, 34.7015145698415 ], [ 76.289948368822195, 34.712319366645502 ], [ 76.301512777092995, 34.724440386014997 ], [ 76.316138542359894, 34.731627212925602 ], [ 76.339889451437102, 34.734318589731203 ], [ 76.350740087585095, 34.734701669446601 ], [ 76.385934259958205, 34.735955680510301 ], [ 76.394147840150794, 34.741596606098497 ], [ 76.409537830406606, 34.752166150147801 ], [ 76.427621132809094, 34.762443804837801 ], [ 76.436972193512005, 34.7643788464067 ], [ 76.469199956612798, 34.791669144415501 ], [ 76.4743436956051, 34.794373618048098 ], [ 76.477326474337403, 34.793987264800499 ], [ 76.483917310635405, 34.793131898917999 ], [ 76.489738894734302, 34.792376366775898 ], [ 76.514092252455598, 34.783801286999797 ], [ 76.545318117736997, 34.765587018126404 ], [ 76.561806892474195, 34.758341255944202 ], [ 76.570977873829904, 34.758423110438201 ], [ 76.580017887815302, 34.755515638236098 ], [ 76.618040951428895, 34.756068974004002 ], [ 76.652504981319893, 34.756556827435702 ], [ 76.671639294418, 34.757421210820297 ], [ 76.681815449823205, 34.759588719044203 ], [ 76.6871949290028, 34.7632099633691 ], [ 76.696699876298297, 34.779132305511503 ], [ 76.706191727666194, 34.801246123809598 ], [ 76.727287275987095, 34.820901031957099 ], [ 76.737853057272801, 34.830736671660098 ], [ 76.743239085315594, 34.840094282125399 ], [ 76.744689547884406, 34.844730521995999 ], [ 76.743438810352899, 34.864889653934398 ], [ 76.738861505754002, 34.901927190087797 ], [ 76.743370052685904, 34.9181442094877 ], [ 76.749368352667403, 34.926598144289002 ], [ 76.763313090126999, 34.933054828717403 ], [ 76.799338902468406, 34.935772399176898 ], [ 76.804420431757606, 34.934325211039699 ], [ 76.811050648468694, 34.935454804495699 ], [ 76.825522528941605, 34.941652827715899 ], [ 76.848153667857602, 34.957974620832097 ], [ 76.853163165048102, 34.963868147097301 ], [ 76.863152690444295, 34.970835604179797 ], [ 76.870041567464398, 34.972426856514303 ], [ 76.883514822750996, 34.970324832425099 ], [ 76.898468007792403, 34.964264321841 ], [ 76.90140494808, 34.9630725213798 ], [ 76.908431340434007, 34.961684268514198 ], [ 76.950340857544603, 34.940935782960103 ], [ 76.970359199717294, 34.9355759476719 ], [ 76.980724464562499, 34.935372996766397 ], [ 76.988753548837295, 34.935215788078203 ], [ 76.9974890640691, 34.939151354451504 ], [ 77.010140499984104, 34.956288418076099 ], [ 77.011450171888001, 34.966719958459301 ], [ 77.0113061076908, 34.972718258440899 ], [ 77.010674190961197, 34.999998734054401 ], [ 77.010300934540595, 35.016179737404997 ], [ 77.010962318456293, 35.027580434889202 ], [ 77.013787937063697, 35.035120874328904 ], [ 77.018096759857698, 35.038463812654904 ], [ 77.026917403115704, 35.0407950298668 ], [ 77.036906777425898, 35.033775241234402 ], [ 77.052264737427706, 35.024560370264901 ], [ 77.076837806719496, 35.024560370264901 ], [ 77.125983587372701, 35.042989994392798 ], [ 77.833967088110697, 35.5021425468411 ], [ 77.827382629804603, 35.508177820649998 ], [ 77.819187354412904, 35.515511987088601 ], [ 77.814053438715305, 35.519473746216498 ], [ 77.805648615891002, 35.5143431040511 ], [ 77.802800078960601, 35.5070220353387 ], [ 77.800174185390404, 35.494059552706197 ], [ 77.794745593334497, 35.492304592283197 ], [ 77.791168209845097, 35.492787469766 ], [ 77.786134496609805, 35.493466926457501 ], [ 77.774399832286505, 35.494331309842202 ], [ 77.762282089147106, 35.497287894920497 ], [ 77.755042874928805, 35.4981391823774 ], [ 77.750884664295896, 35.494016987793799 ], [ 77.746916356304794, 35.491459852790001 ], [ 77.737421231404795, 35.484656104695503 ], [ 77.731972994558106, 35.476686747995103 ], [ 77.730434129531503, 35.4696832748633 ], [ 77.733194264903403, 35.462578302446701 ], [ 77.730096888260803, 35.460188149963201 ], [ 77.725470471685, 35.458855557937703 ], [ 77.708303940874202, 35.458403722353999 ], [ 77.700364051359898, 35.457450934712902 ], [ 77.695050055415805, 35.454677704312601 ], [ 77.691857728351494, 35.449471756516402 ], [ 77.687974551084693, 35.449209820876597 ], [ 77.681377075991307, 35.457660482145599 ], [ 77.672291223561103, 35.466026015388401 ], [ 77.6646820264544, 35.472282974779503 ], [ 77.655000273344001, 35.478490822193699 ], [ 77.645993001875595, 35.479401044023 ], [ 77.639385703487505, 35.474977626016702 ], [ 77.640980229354199, 35.458747510689101 ], [ 77.637015196693994, 35.456023392265799 ], [ 77.626417494871504, 35.460440882840501 ], [ 77.625657062323597, 35.4607578578889 ], [ 77.614479009099099, 35.463930539263004 ], [ 77.601185834058995, 35.465286050510898 ], [ 77.592980736271997, 35.464415118263197 ], [ 77.588144770464893, 35.461357033000702 ], [ 77.585564717137999, 35.461415968272398 ], [ 77.583511805025907, 35.464277602029803 ], [ 77.582863517037794, 35.470629512741901 ], [ 77.579857819083102, 35.474669852831497 ], [ 77.575751995758097, 35.476771876920601 ], [ 77.554774317980502, 35.480055880874303 ], [ 77.5368416286383, 35.482521338988597 ], [ 77.5278801956146, 35.477443084131103 ], [ 77.516138981528897, 35.483019013916397 ], [ 77.499728786854106, 35.481267327924897 ], [ 77.484268103590196, 35.476925764412499 ], [ 77.4742294644183, 35.4742343867076 ], [ 77.456755160422304, 35.4661831764125 ], [ 77.449080480979504, 35.461301372160698 ], [ 77.438429569868802, 35.461812143915402 ], [ 77.430339069092895, 35.464447859880899 ], [ 77.421420200082295, 35.468157506663701 ], [ 77.417173586991495, 35.470004144875404 ], [ 77.407026899671706, 35.469440985812902 ], [ 77.394126626742505, 35.468547134342799 ], [ 77.385315805879799, 35.471935912012803 ], [ 77.3769699174278, 35.477885099118097 ], [ 77.374648523510601, 35.486378324400199 ], [ 77.375496536536005, 35.492874299309499 ], [ 77.372756046854093, 35.495084370647199 ], [ 77.369570268653007, 35.496164851227 ], [ 77.364829255066098, 35.495909465349598 ], [ 77.358343102552197, 35.494986145794002 ], [ 77.352249852149001, 35.494979597830202 ], [ 77.344575170907504, 35.501115413145797 ], [ 77.341032507544199, 35.510017910897901 ], [ 77.335361625538695, 35.524849950964501 ], [ 77.328620087147399, 35.531542377378798 ], [ 77.316109441897297, 35.537003711052499 ], [ 77.304852806811695, 35.541302711451003 ], [ 77.291877227352202, 35.539452797908297 ], [ 77.278878728670506, 35.536892389372298 ], [ 77.265389103024702, 35.535199636853797 ], [ 77.245053164372095, 35.528759322784602 ], [ 77.227257990363995, 35.524941627853899 ], [ 77.2092794625772, 35.520122034204597 ], [ 77.192918380778707, 35.5200827428244 ], [ 77.182689838964905, 35.523798939369598 ], [ 77.174049275953394, 35.5304717200939 ], [ 77.159577395480497, 35.536797438051401 ], [ 77.150291818013002, 35.540471068784797 ], [ 77.142823410671895, 35.545667194185697 ], [ 77.134592120130307, 35.551626202787098 ], [ 77.128040483481598, 35.556147847445203 ], [ 77.119507967718604, 35.5591208037821 ], [ 77.103660932106393, 35.563655544367897 ], [ 77.090371030598604, 35.570275937784302 ], [ 77.076904325074594, 35.582180860858102 ], [ 77.069553788276806, 35.591708727375902 ], [ 77.061492754686896, 35.596430096172099 ], [ 77.052079483381505, 35.598456813730998 ], [ 77.046133571607101, 35.599746841743404 ], [ 77.038285359881499, 35.600126647027203 ], [ 77.027100756894498, 35.600899354421699 ], [ 77.016449846683102, 35.605312950032697 ], [ 77.013191408656695, 35.6072969812707 ], [ 77.006211482474001, 35.611546990201496 ], [ 76.995311733449796, 35.611851488955097 ], [ 76.990233478592202, 35.607185780998996 ], [ 76.986612234267199, 35.600562113151099 ], [ 76.976691466538, 35.595974985257399 ], [ 76.964089143499194, 35.592674610944599 ], [ 76.955435482761402, 35.593548816724599 ], [ 76.949237458641804, 35.5968000790605 ], [ 76.938910691974897, 35.602372735313502 ], [ 76.931340784449702, 35.604844742291 ], [ 76.923620265662805, 35.606383607317703 ], [ 76.915238362960196, 35.609461337370902 ], [ 76.910776870356401, 35.612007409814197 ], [ 76.904027566319201, 35.615859087426998 ], [ 76.898540039891003, 35.620524795383098 ], [ 76.895520734294493, 35.6237924073938 ], [ 76.892050612945496, 35.627547913305598 ], [ 76.876557188063799, 35.639066482232401 ], [ 76.870696403416304, 35.643702722103001 ], [ 76.8645540410362, 35.6487187672574 ], [ 76.860847667785706, 35.651740836470502 ], [ 76.857206778669905, 35.656845284981898 ], [ 76.851964814824399, 35.664402093881598 ], [ 76.846336497731201, 35.669005593033702 ], [ 76.842188109493705, 35.667633711426703 ], [ 76.8342449464472, 35.662925439457503 ], [ 76.825031401977697, 35.6626340375308 ], [ 76.812661545593897, 35.6613898479632 ], [ 76.7963332045138, 35.658426714021701 ], [ 76.788337655058797, 35.656730687970899 ], [ 76.778233532651498, 35.656236287474698 ], [ 76.766685495639194, 35.654910244312397 ], [ 76.758621187617806, 35.656711043180202 ], [ 76.752099019953803, 35.673785897101503 ], [ 76.748955805765902, 35.6812739492334 ], [ 76.742158605635197, 35.688703066093701 ], [ 76.730027764769602, 35.698826834191102 ], [ 76.723181452661905, 35.707477220497402 ], [ 76.716040463296807, 35.714228581283997 ], [ 76.707314771359705, 35.718298387660496 ], [ 76.700720570697897, 35.720668895353299 ], [ 76.695838766445902, 35.723117983108502 ], [ 76.695563735777895, 35.733176267071102 ], [ 76.694702625925501, 35.740559545486697 ], [ 76.690514949005802, 35.748443773261599 ], [ 76.681671385626004, 35.7509125049082 ], [ 76.673109402676801, 35.750205281648498 ], [ 76.663666665084605, 35.752804982463999 ], [ 76.652095708849899, 35.756842047222698 ], [ 76.647387436880805, 35.762643895699298 ], [ 76.642741373715495, 35.765587383950702 ], [ 76.638635550390404, 35.7661243502586 ], [ 76.626884514808594, 35.765322175677902 ], [ 76.619003560565901, 35.761756593092301 ], [ 76.602779994101496, 35.767587908754997 ], [ 76.591123909840604, 35.773023049674102 ], [ 76.586363250563593, 35.783634670303798 ], [ 76.578050104628701, 35.797346940209202 ], [ 76.572195869743695, 35.802425195066697 ], [ 76.568862752913802, 35.807395401776397 ], [ 76.563804143746296, 35.8202400138656 ], [ 76.569917039839595, 35.827312244664398 ], [ 76.582293443287796, 35.8375440609097 ], [ 76.585227110043107, 35.841315917395697 ], [ 76.584068049400997, 35.849170677085098 ], [ 76.583802841128303, 35.850090722209103 ], [ 76.577218462861794, 35.867453704524898 ], [ 76.579071649936793, 35.8740086147059 ], [ 76.587810438700799, 35.884813412409102 ], [ 76.5949776208206, 35.896682317634898 ], [ 76.589941930875497, 35.907192438979898 ], [ 76.585105965068294, 35.914981716333202 ], [ 76.5735710257823, 35.921769093169203 ], [ 76.555527013860697, 35.924100310381 ], [ 76.546356032504903, 35.920073067118402 ], [ 76.5429934484889, 35.903898613530302 ], [ 76.537237438457097, 35.897288042509203 ], [ 76.512703999590002, 35.881771698405203 ], [ 76.489070961955406, 35.889822908700303 ], [ 76.479333548004902, 35.889829456664103 ], [ 76.468902006722303, 35.886591292054597 ], [ 76.4617020829848, 35.881961600147797 ], [ 76.455124252682197, 35.875671899138901 ], [ 76.446608107278394, 35.8660425324369 ], [ 76.440734227602604, 35.860443683429303 ], [ 76.428894788663598, 35.852392472234797 ], [ 76.419786017011106, 35.850742283729502 ], [ 76.410729632666502, 35.851203944406599 ], [ 76.400268623298402, 35.8527657277562 ], [ 76.381081923791797, 35.857834160218403 ], [ 76.366813042787697, 35.8639536051748 ], [ 76.357429239567793, 35.858390771317097 ], [ 76.355484375603496, 35.849982674061202 ], [ 76.358915717286607, 35.842036237482397 ], [ 76.364036537056606, 35.8278328397138 ], [ 76.363005169353102, 35.8248664322401 ], [ 76.348896723804799, 35.8269553595023 ], [ 76.336395900950194, 35.828857657654801 ], [ 76.3273395157061, 35.830019992728502 ], [ 76.310317049092603, 35.835851309290497 ], [ 76.304993230753098, 35.837665204985299 ], [ 76.295995781680105, 35.842344009768297 ], [ 76.283668489309406, 35.842255607310499 ], [ 76.274765991557302, 35.839649359430403 ], [ 76.262238975048703, 35.837648833726703 ], [ 76.252262545580095, 35.837897671640299 ], [ 76.246660422140806, 35.839014168269301 ], [ 76.239745351466894, 35.839086200367902 ], [ 76.231527156852806, 35.838824264728103 ], [ 76.225892291795901, 35.837828913973198 ], [ 76.224942778586396, 35.832557482941503 ], [ 76.223083043547703, 35.826919343453 ], [ 76.218761125725507, 35.824175580238901 ], [ 76.213204839831604, 35.823828515673497 ], [ 76.200540307988902, 35.824630691153502 ], [ 76.185901444995693, 35.823461808116001 ], [ 76.169471603731594, 35.822924841808103 ], [ 76.157406247000793, 35.825157834166802 ], [ 76.149705373903899, 35.830514394124101 ], [ 76.144139265614697, 35.8340898000043 ], [ 76.143808574106501, 35.840782226418597 ], [ 76.147387253519, 35.848839984677603 ], [ 76.151787752302994, 35.854075401458701 ], [ 76.157121393937203, 35.864490569684101 ], [ 76.155448287108797, 35.870740982010801 ], [ 76.153879953996693, 35.8779900195238 ], [ 76.153997824539999, 35.887799464673598 ], [ 76.158653710100694, 35.897101413399596 ], [ 76.160798299102296, 35.903649774717401 ], [ 76.161813294647899, 35.909536753018799 ], [ 76.159884801942098, 35.917525755409301 ], [ 76.153938889268403, 35.927505458410202 ], [ 76.150196500867906, 35.9352227027656 ], [ 76.1448825049237, 35.9407233269201 ], [ 76.138733592781193, 35.950120226966902 ], [ 76.133190404613501, 35.955804204900197 ], [ 76.128521423125207, 35.962185583697803 ], [ 76.119962712808999, 35.968956590174599 ], [ 76.114020074566795, 35.9757112253928 ], [ 76.109894606450993, 35.982069684968003 ], [ 76.104407079123504, 35.989177931816101 ], [ 76.102586634565597, 35.995169682934502 ], [ 76.100000031476299, 35.9999990998786 ], [ 76.101424299491896, 36.013295549350197 ], [ 76.101070688761396, 36.019375702926403 ], [ 76.094296407852994, 36.023091899471602 ], [ 76.086281212707803, 36.023877701894499 ], [ 76.075148997927997, 36.025668679266197 ], [ 76.063646799360399, 36.026254758450399 ], [ 76.055094638806594, 36.026811368649803 ], [ 76.041526433098497, 36.027413818193203 ], [ 76.037967397577404, 36.026009194069097 ], [ 76.025165349501293, 36.017732065082797 ], [ 76.020728834668006, 36.017051035477003 ], [ 76.011603692656394, 36.018809270331602 ], [ 76.000736686149196, 36.022738286942499 ], [ 75.990167628633202, 36.026906319970699 ], [ 75.979840862865601, 36.032256331964199 ], [ 75.965873205284296, 36.042933435829497 ], [ 75.958535767111997, 36.052441658455798 ], [ 75.955101150997393, 36.059261776909501 ], [ 75.954783554517505, 36.068910788402199 ], [ 75.946886230814997, 36.071120859739899 ], [ 75.951593432590897, 36.076400725513103 ], [ 75.954475781332306, 36.079633730712096 ], [ 75.946657037692205, 36.087914135029301 ], [ 75.943206050319006, 36.0936603217665 ], [ 75.941208800845502, 36.105015181705298 ], [ 75.944990479726897, 36.112542524318101 ], [ 75.946139717074303, 36.117221329101099 ], [ 75.940033369844201, 36.122273390304798 ], [ 75.931730046304693, 36.127341821867603 ], [ 75.933589780444095, 36.135546919654601 ], [ 75.940236368413693, 36.138706505101197 ], [ 75.960536291017107, 36.141401156338397 ], [ 75.972087601561597, 36.1491642391384 ], [ 75.965169256456093, 36.159585957126303 ], [ 75.974464656318901, 36.162722623350398 ], [ 75.992302394340101, 36.162018674522201 ], [ 76.013509266139707, 36.166140868206597 ], [ 76.013594395065397, 36.172571358981102 ], [ 76.012900267733201, 36.179447139174201 ], [ 76.0130541543258, 36.189299150135703 ], [ 76.011505466903799, 36.198260583159403 ], [ 76.011070000779995, 36.206514793822699 ], [ 76.0092561050852, 36.217313042662902 ], [ 76.008620913924105, 36.229790946295203 ], [ 76.017962151332299, 36.235782698312903 ], [ 76.028072822602695, 36.233192820792098 ], [ 76.044774420103494, 36.228756305059498 ], [ 76.052665196741501, 36.225469028473 ], [ 76.057962821427097, 36.225776800758801 ], [ 76.0620359031345, 36.230936910110401 ], [ 76.058837028106396, 36.243126686247599 ], [ 76.052223181754499, 36.253289743926601 ], [ 76.041022208408293, 36.260064023935598 ], [ 76.028131757874405, 36.270354775452603 ], [ 76.025705589341598, 36.286814083003598 ], [ 76.020070724284594, 36.294367619270197 ], [ 76.013545281289694, 36.301570817439298 ], [ 76.0069510806279, 36.303774340813199 ], [ 75.996041510107702, 36.312827450726303 ], [ 75.991667204078297, 36.322731848995701 ], [ 75.988340636111502, 36.332521650254002 ], [ 75.986680627009406, 36.340752940795703 ], [ 75.988167104728205, 36.352572734943799 ], [ 75.989057681766695, 36.3535975528848 ], [ 76.008093770910904, 36.384093274784803 ], [ 76.013063976721199, 36.387632665515099 ], [ 76.024438481450801, 36.3911196680383 ], [ 76.028973222936003, 36.398643736219498 ], [ 76.031785743817096, 36.4096875476422 ], [ 76.027352502515996, 36.424542507830601 ], [ 76.025335607352503, 36.430121712047402 ], [ 76.021485170804098, 36.4372725229086 ], [ 76.017647831082598, 36.442278745667601 ], [ 76.013951279328097, 36.448313061698499 ], [ 76.007553531070599, 36.454979294459001 ], [ 76.007147532132905, 36.461354125292701 ], [ 76.011665901460205, 36.467686391214002 ], [ 76.011233709768007, 36.4720705187395 ], [ 76.0107720508895, 36.474463945654598 ], [ 75.996532637071596, 36.478965943723402 ], [ 75.996070977293797, 36.481359370638501 ], [ 75.998654306850796, 36.490494335944902 ], [ 75.996742184504299, 36.494891561196702 ], [ 75.992348233684098, 36.498512805521599 ], [ 75.984012168526803, 36.502170064996598 ], [ 75.975175154909607, 36.509995358399102 ], [ 75.960123744115506, 36.524270787367001 ], [ 75.957563334680202, 36.531277534930297 ], [ 75.956368258888105, 36.537989606135397 ], [ 75.952026694476402, 36.5483392920247 ], [ 75.948166434633293, 36.5546322683646 ], [ 75.943209324750597, 36.558721720431102 ], [ 75.9384191973881, 36.5646643577739 ], [ 75.932479833577503, 36.569634565382998 ], [ 75.930613550574904, 36.573773130325797 ], [ 75.930695405068903, 36.580475378236102 ], [ 75.934297004603096, 36.590582775075099 ], [ 75.937905152101195, 36.597651732341603 ], [ 75.9433435665524, 36.600876800124297 ], [ 75.939650291028201, 36.600834236111197 ], [ 75.933340943429897, 36.603738434781 ], [ 75.928108801979704, 36.608531835675699 ], [ 75.921092232920302, 36.614661102128203 ], [ 75.914520950581405, 36.621147254642203 ], [ 75.909698082500498, 36.6258293338567 ], [ 75.901335823689394, 36.630897766318903 ], [ 75.896928776941493, 36.6330750969382 ], [ 75.892937549728202, 36.634852977483 ], [ 75.887152071610899, 36.639590716638303 ], [ 75.881058820308297, 36.645926256991203 ], [ 75.876736901586796, 36.650739302676698 ], [ 75.872359322025105, 36.655774993521199 ], [ 75.867981741564193, 36.6608106843656 ], [ 75.865791315017205, 36.663328528888499 ], [ 75.857884168019993, 36.670178116327101 ], [ 75.850838129975799, 36.674516406307099 ], [ 75.844679395437794, 36.679208307017802 ], [ 75.838065549985203, 36.683186437404203 ], [ 75.832345556002707, 36.687514904089603 ], [ 75.8257415329455, 36.692206805699598 ], [ 75.818679124542001, 36.695474438394697 ], [ 75.810889848088095, 36.697255593370997 ], [ 75.803948583760203, 36.702664539736801 ], [ 75.797020417158606, 36.707382635000698 ], [ 75.793860831712095, 36.7087119516952 ], [ 75.791244761436602, 36.711200329931302 ], [ 75.786903197924303, 36.714805202997802 ], [ 75.779434790583196, 36.717915674668703 ], [ 75.777424443383396, 36.720207602299098 ], [ 75.776245738849795, 36.721477983721996 ], [ 75.774883678738803, 36.722476608908401 ], [ 75.772798025908202, 36.723383557205501 ], [ 75.7698938263391, 36.724107150824402 ], [ 75.766537792085501, 36.724107150824402 ], [ 75.763060611957698, 36.7247587132441 ], [ 75.760421621560596, 36.726458012827102 ], [ 75.756649765074698, 36.729853339360098 ], [ 75.753441067651195, 36.733248664993901 ], [ 75.749420372352304, 36.737478906826098 ], [ 75.741559064699103, 36.741925244054798 ], [ 75.731569538403505, 36.746358486255197 ], [ 75.720722176687204, 36.751063483792798 ], [ 75.7097798636498, 36.747465158690098 ], [ 75.701332476812397, 36.746443614281397 ], [ 75.693408958556603, 36.753993876116603 ], [ 75.686333453326299, 36.757254959948497 ], [ 75.678829030835203, 36.762300473188397 ], [ 75.665981143415095, 36.765947911167203 ], [ 75.645298142895101, 36.771612244309701 ], [ 75.631206067705904, 36.772204869658999 ], [ 75.618931162643094, 36.769778702025498 ], [ 75.601139263965905, 36.766655134426998 ], [ 75.585789902382103, 36.763338387956303 ], [ 75.569631820052507, 36.770387700432103 ], [ 75.559645567289195, 36.771327390346798 ], [ 75.546322925062995, 36.771749758744399 ], [ 75.534342696358394, 36.773589848992401 ], [ 75.533720602024204, 36.764687351240298 ], [ 75.531091434921805, 36.7535944260419 ], [ 75.531494158528602, 36.747517545998001 ], [ 75.534038197604801, 36.730711173881602 ], [ 75.529130199698997, 36.727158688122998 ], [ 75.521576664331604, 36.726120773354999 ], [ 75.511397235394199, 36.730812674065703 ], [ 75.501718756715306, 36.7440763810202 ], [ 75.495487990978106, 36.741957985672599 ], [ 75.487479343796707, 36.739489254025898 ], [ 75.479444503860805, 36.732734617908399 ], [ 75.469612137690007, 36.722054240510801 ], [ 75.462500616410395, 36.720652889919002 ], [ 75.455163176439498, 36.721347017251098 ], [ 75.450386146803297, 36.7282522637311 ], [ 75.446463678156306, 36.736071009169798 ], [ 75.442246533151007, 36.741142715164301 ], [ 75.438713691283894, 36.752189801917901 ], [ 75.435652331589907, 36.760064207297397 ], [ 75.429480501124303, 36.768305321133703 ], [ 75.4224344639794, 36.779051182666002 ], [ 75.420401196657906, 36.786208543289703 ], [ 75.420093423472807, 36.797822062638097 ], [ 75.421684675807199, 36.804543956238703 ], [ 75.424025715414501, 36.812552603420002 ], [ 75.427827039985999, 36.824680169853998 ], [ 75.431314042509101, 36.833373120173398 ], [ 75.429978176951394, 36.843929079963097 ], [ 75.430154982766297, 36.848169144190699 ], [ 75.428894422839406, 36.860683063872301 ], [ 75.426743285873997, 36.873553870514797 ], [ 75.421016743028304, 36.8839395724534 ], [ 75.410398573535403, 36.8943383712189 ], [ 75.3988636351487, 36.9004545408445 ], [ 75.393097801822194, 36.904403203145399 ], [ 75.391794677882203, 36.910126472458799 ], [ 75.390868084794405, 36.919415323458402 ], [ 75.392986480142, 36.925665734885797 ], [ 75.396581529913703, 36.932086404164302 ], [ 75.404599999490401, 36.933130866896001 ], [ 75.410398573535403, 36.935612697168303 ], [ 75.414425816798101, 36.939171730890699 ], [ 75.413590900599601, 36.949537788038498 ], [ 75.410280703891402, 36.954730639907197 ], [ 75.400723368388796, 36.957444935935101 ], [ 75.395147438603502, 36.955853684499999 ], [ 75.387787079410302, 36.955139912377099 ], [ 75.381562861636795, 36.955005671474602 ], [ 75.374886806481001, 36.9557423619205 ], [ 75.361996355947099, 36.960427714667297 ], [ 75.349089535054105, 36.961897822026899 ], [ 75.342852219554302, 36.961200421162602 ], [ 75.335740698274705, 36.9640817015094 ], [ 75.323288987396893, 36.968403620231001 ], [ 75.314838327027203, 36.9709280127176 ], [ 75.301489491147194, 36.973465502930601 ], [ 75.285590067327803, 36.974879950349496 ], [ 75.267185896711794, 36.971045884160297 ], [ 75.260938758816707, 36.967843734700601 ], [ 75.253807592746298, 36.965715516957601 ], [ 75.241778252064805, 36.963597122509299 ], [ 75.232875753413296, 36.965401195808603 ], [ 75.223541063968995, 36.9714944462118 ], [ 75.217316845296196, 36.974365903263902 ], [ 75.207520496074096, 36.975456205339597 ], [ 75.195949539839404, 36.979047982478399 ], [ 75.186009126420103, 36.982299243915001 ], [ 75.171917052130297, 36.9876623518361 ], [ 75.165244270506705, 36.991961352234703 ], [ 75.168858966867901, 37.014111187481397 ], [ 75.144967268025098, 37.026179817744399 ], [ 75.132335476900806, 37.023449151357298 ], [ 75.129513132724895, 37.012791692282804 ], [ 75.127856398054405, 37.0113019392331 ], [ 75.107006412316096, 37.010237829912001 ], [ 75.091765099779593, 37.0113379552824 ], [ 75.071707467126004, 37.005634331659103 ], [ 75.060123414963698, 37.006354651745802 ], [ 75.049878502790705, 37.011360874504803 ], [ 75.039633589718406, 37.016370370795997 ], [ 75.0293821286824, 37.017087417350503 ], [ 75.022149463327096, 37.011832356677999 ], [ 75.012893353945202, 37.003869547941299 ], [ 75.009291754410995, 36.999976547379802 ], [ 75.002645166441297, 36.994934307672203 ], [ 74.9897252487213, 36.993863651286503 ], [ 74.980046770042506, 36.996106465141303 ], [ 74.972797732529401, 36.994931034139903 ], [ 74.967005706448305, 36.990998743097599 ], [ 74.958096659833004, 36.989924811381002 ], [ 74.944734728025296, 36.987059903191998 ], [ 74.932266645889101, 36.983124336818697 ], [ 74.924700013694704, 36.978471725689602 ], [ 74.925151851077104, 36.972041234915103 ], [ 74.927381568104906, 36.967398446181399 ], [ 74.930508411034396, 36.959180252466801 ], [ 74.936303710647806, 36.9509653313849 ], [ 74.9367522735986, 36.9466761542811 ], [ 74.935861696560096, 36.943817794056002 ], [ 74.924287466793203, 36.944881903377201 ], [ 74.920279870119899, 36.945238789438598 ], [ 74.917303638452196, 36.936339565218802 ], [ 74.910172472381802, 36.934054186451597 ], [ 74.899619787023596, 36.9347581352798 ], [ 74.892688345990507, 36.938068331987999 ], [ 74.891349206001095, 36.940209647457301 ], [ 74.874824413415993, 36.972712442125498 ], [ 74.872581599561201, 36.980930635840203 ], [ 74.867221766071694, 36.990929985430498 ], [ 74.862310494633704, 36.996640157017701 ], [ 74.857844511714902, 37.001996716975 ], [ 74.847527566544002, 37.007520260351797 ], [ 74.841355736078398, 37.014026057656501 ], [ 74.839921644768097, 37.020924757071903 ], [ 74.843709871613299, 37.031578941714798 ], [ 74.845615445996103, 37.043952072530203 ], [ 74.844299224329802, 37.057356569250302 ], [ 74.834876131528304, 37.055879913927001 ], [ 74.804020250034597, 37.054625901963803 ], [ 74.796902179891703, 37.0488960864852 ], [ 74.792455842663102, 37.044600360518302 ], [ 74.792937146332306, 37.0313792166776 ], [ 74.789826674661398, 37.027800537265001 ], [ 74.780914354513897, 37.027784166006498 ], [ 74.772892610505593, 37.027054024423698 ], [ 74.763990112753604, 37.025773818806698 ], [ 74.753732103753606, 37.0259440766579 ], [ 74.741480117913198, 37.0272733942518 ], [ 74.736333105388596, 37.028291664229002 ], [ 74.7318736704336, 37.031971843825602 ], [ 74.726504013649404, 37.037318582286801 ], [ 74.721131082433502, 37.044096135828099 ], [ 74.717542580625704, 37.049806308314501 ], [ 74.720626858642703, 37.0601756389946 ], [ 74.718374222392498, 37.065528925419599 ], [ 74.712565825952097, 37.068731073979897 ], [ 74.708525485862495, 37.076225674974999 ], [ 74.7062597527854, 37.084797480319502 ] ] ] } },
{ "type": "Feature", "properties": { "FID": 2, "pk_key": 2, "AEZ": "Temperate mountains", "Shape__Area": 76058755512.732407, "Shape__Length": 1725911.4141993299 }, "geometry": { "type": "Polygon", "coordinates": [ [ [ 73.486174105950298, 35.884598532896 ], [ 73.155951365763002, 35.896407000083101 ], [ 72.6577583646568, 35.841052221782697 ], [ 72.457161206224697, 35.788531283691803 ], [ 72.276852683005004, 35.737688589356999 ], [ 71.955165454222396, 35.530066074589698 ], [ 71.6716726764529, 35.218915465676297 ], [ 71.671966754761996, 35.218825776288597 ], [ 71.671968156805093, 35.218825348211297 ], [ 71.673293784480606, 35.215421930477802 ], [ 71.676728816082104, 35.206602830456298 ], [ 71.675584697675703, 35.200324484287599 ], [ 71.674895274697207, 35.196541272062099 ], [ 71.672899002786806, 35.194789964685199 ], [ 71.660037350343501, 35.183506581063902 ], [ 71.638954589482793, 35.165010908926398 ], [ 71.628830821385307, 35.148879019351298 ], [ 71.617318801321701, 35.139793166921102 ], [ 71.612734839041707, 35.138472642898201 ], [ 71.603645821897203, 35.135854327015601 ], [ 71.585333326371995, 35.129371448933298 ], [ 71.5712408779642, 35.120160191439702 ], [ 71.552598065948004, 35.107974676290297 ], [ 71.535766552384501, 35.090419614074001 ], [ 71.535765501077094, 35.090418516901103 ], [ 71.533830899276595, 35.084282273508201 ], [ 71.533830476595298, 35.084280934417599 ], [ 71.530068425417497, 35.072348312224896 ], [ 71.5339581524468, 35.063920570178198 ], [ 71.535329132033894, 35.061016345428101 ], [ 71.538826859871705, 35.053606900338302 ], [ 71.540011384817603, 35.051193244072998 ], [ 71.546652152375003, 35.037661638074198 ], [ 71.554520673490302, 35.029603547066102 ], [ 71.556029406731795, 35.028058465026199 ], [ 71.556029261940907, 35.028058134974998 ], [ 71.552146595489006, 35.019245866203804 ], [ 71.552070922035497, 35.019074112780103 ], [ 71.552070887861206, 35.019074100189599 ], [ 71.534897842361602, 35.012535572958399 ], [ 71.534896871993098, 35.012535103512299 ], [ 71.517610166576006, 35.0041700415143 ], [ 71.514915515338799, 34.999998734054401 ], [ 71.510131937738805, 34.992595810848101 ], [ 71.510321093943404, 34.985021237640098 ], [ 71.510429887629201, 34.980664695019698 ], [ 71.510429375914995, 34.980663532196303 ], [ 71.509704435111601, 34.979015445406603 ], [ 71.509402493130594, 34.978329009975901 ], [ 71.507007413261604, 34.9728840232791 ], [ 71.507005862830297, 34.972880497037401 ], [ 71.5064779517961, 34.971680341874297 ], [ 71.506477357344195, 34.9716796907651 ], [ 71.499252047544005, 34.963760332773198 ], [ 71.499251833505397, 34.9637600989495 ], [ 71.494061528516795, 34.962942628699402 ], [ 71.485739288637305, 34.961631881206401 ], [ 71.482699181721898, 34.958838919680403 ], [ 71.482685551597001, 34.958826398419603 ], [ 71.481445730935803, 34.957687369276698 ], [ 71.478964781099805, 34.955408107698098 ], [ 71.477479505774596, 34.954043578948102 ], [ 71.477314400139505, 34.953891894795198 ], [ 71.476234341341794, 34.952899640406102 ], [ 71.454899538283101, 34.947483742280902 ], [ 71.446061872657395, 34.945240276417699 ], [ 71.446041139686898, 34.9452350126857 ], [ 71.446040323102494, 34.9452348058417 ], [ 71.445640393689203, 34.945133283174499 ], [ 71.445400840376493, 34.945005977843699 ], [ 71.432930023401894, 34.938378647057 ], [ 71.431758508048702, 34.937514927372 ], [ 71.431709783679693, 34.937479003952902 ], [ 71.428664341086503, 34.935233699875397 ], [ 71.427504191365401, 34.934378360073303 ], [ 71.428645794367995, 34.933047468665798 ], [ 71.427490189820404, 34.934368036755501 ], [ 71.424856859756304, 34.932426569530598 ], [ 71.422387160439101, 34.930605741861498 ], [ 71.408745259786002, 34.924905200214901 ], [ 71.400620404907798, 34.921510067036003 ], [ 71.385600855295294, 34.916994000872499 ], [ 71.385600512653596, 34.916993703196901 ], [ 71.385599514406096, 34.916993597976202 ], [ 71.384711159592399, 34.916726487637298 ], [ 71.370163972589296, 34.915547783103797 ], [ 71.355940354463797, 34.912071225306903 ], [ 71.354316936977099, 34.911674427332997 ], [ 71.343728235569699, 34.902981476114299 ], [ 71.341323853113394, 34.9009338502171 ], [ 71.328391971712193, 34.889920767729301 ], [ 71.319059232897402, 34.884332667418697 ], [ 71.315964743977801, 34.8824798014018 ], [ 71.309860106358897, 34.878824568998702 ], [ 71.304549425315798, 34.870630659677303 ], [ 71.301199898556504, 34.865462636291703 ], [ 71.298572848458306, 34.858073468215999 ], [ 71.298174636750204, 34.856953405775101 ], [ 71.295745112846802, 34.850119824470397 ], [ 71.294605029698403, 34.844461341417798 ], [ 71.292585694674102, 34.834438935908203 ], [ 71.292451286497695, 34.833771837700198 ], [ 71.285066928895702, 34.8174309906478 ], [ 71.279456063146895, 34.805014705863996 ], [ 71.274358610461505, 34.800699917866901 ], [ 71.272900130436696, 34.799465374427498 ], [ 71.272528527869298, 34.799150826649402 ], [ 71.271224770806597, 34.7980472487816 ], [ 71.257418289722395, 34.794083101953603 ], [ 71.256218107579699, 34.793738503329301 ], [ 71.255032365850994, 34.793398049680299 ], [ 71.247817368576804, 34.791326464045099 ], [ 71.246308254022793, 34.790893163488803 ], [ 71.246100396416196, 34.790507599845903 ], [ 71.231474333473798, 34.7633770124392 ], [ 71.229898058448697, 34.760453103328103 ], [ 71.227979120140304, 34.757670064921598 ], [ 71.226773938666398, 34.755922191156202 ], [ 71.226472582143998, 34.755485133232398 ], [ 71.225002839909195, 34.753353566413999 ], [ 71.224990060542893, 34.753335033185301 ], [ 71.220674198755304, 34.749494178913302 ], [ 71.219857183562198, 34.748767086032302 ], [ 71.219099809608593, 34.748093069339703 ], [ 71.195715608988195, 34.747281072363599 ], [ 71.194762673858307, 34.746573229470997 ], [ 71.185198545776302, 34.739468960324302 ], [ 71.1846433466132, 34.739056556415001 ], [ 71.184300584404497, 34.738801951149199 ], [ 71.181725033083893, 34.736888822461303 ], [ 71.172778679892204, 34.7309928707244 ], [ 71.171286943837501, 34.7300097669373 ], [ 71.1697378355327, 34.729493001201099 ], [ 71.162559631321997, 34.727098424952402 ], [ 71.162174503850295, 34.726969950502799 ], [ 71.161249263342896, 34.726661300478703 ], [ 71.160014375463106, 34.726249353424997 ], [ 71.154267750756205, 34.724332337867203 ], [ 71.154099541560598, 34.724193424986701 ], [ 71.143721613361805, 34.7156230162892 ], [ 71.139643259828603, 34.712086422450497 ], [ 71.139106781852504, 34.711621209451302 ], [ 71.137035856319798, 34.709825381136497 ], [ 71.136672302684701, 34.709510120195901 ], [ 71.114525741869599, 34.7104629069377 ], [ 71.113408899900904, 34.708945533010002 ], [ 71.112619772684397, 34.707873402635499 ], [ 71.108140737904804, 34.701788057273099 ], [ 71.106025967724307, 34.698914869925403 ], [ 71.105252801675505, 34.697168033078299 ], [ 71.105010467659, 34.696620522219398 ], [ 71.103774514082602, 34.693828093092101 ], [ 71.100116796852802, 34.685564103200903 ], [ 71.099705895710599, 34.684635742945197 ], [ 71.098170994895597, 34.681167896881 ], [ 71.095673007403406, 34.675524121341198 ], [ 71.095732961606899, 34.670893138007898 ], [ 71.095737686644995, 34.670528234490497 ], [ 71.095762819098894, 34.6685869858008 ], [ 71.095764057465303, 34.668491324914797 ], [ 71.095862910045298, 34.660855790262602 ], [ 71.095863333625999, 34.660854989865904 ], [ 71.101064570773403, 34.651028906359002 ], [ 71.1013124805866, 34.650560559222498 ], [ 71.1035863624207, 34.6462647810948 ], [ 71.103888057987504, 34.645694824956202 ], [ 71.105790226637694, 34.642101280649598 ], [ 71.110573806036399, 34.629983537510299 ], [ 71.109447042746893, 34.626912927389697 ], [ 71.107047513032299, 34.6203738164985 ], [ 71.101299160727805, 34.611757889514998 ], [ 71.100909062703096, 34.611173189890899 ], [ 71.090855164734094, 34.596103887084801 ], [ 71.0904501379636, 34.595496813227399 ], [ 71.087088104332594, 34.590457624020203 ], [ 71.080795889718601, 34.586558748187699 ], [ 71.073814574982705, 34.582232881442401 ], [ 71.067576088565701, 34.580527184981598 ], [ 71.054343020613899, 34.576909063102804 ], [ 71.017960320412499, 34.5731699482346 ], [ 71.017959847369099, 34.573169734195901 ], [ 71.017306092402293, 34.572874160314299 ], [ 71.005811173846695, 34.567677102316502 ], [ 71.003737278752496, 34.566739457460102 ], [ 70.996878014608697, 34.556703184404498 ], [ 70.9965901353265, 34.556281968038398 ], [ 70.995558374619307, 34.5547723246831 ], [ 70.994321597263905, 34.542437297243502 ], [ 70.992837530627597, 34.527635913266799 ], [ 70.994874070581901, 34.491508599842099 ], [ 71.001116171374306, 34.4756174362957 ], [ 71.004747303745106, 34.466373286098303 ], [ 71.005124730322095, 34.465412432437901 ], [ 71.006811734374097, 34.461117650759 ], [ 71.009099659122001, 34.459282223495798 ], [ 71.016242532566906, 34.453552034798598 ], [ 71.016834121897304, 34.453077448165701 ], [ 71.017495736039507, 34.4525466853813 ], [ 71.020670124326799, 34.450000112015601 ], [ 71.021277379847305, 34.4495129573572 ], [ 71.023002560120105, 34.448128975372001 ], [ 71.053573587651002, 34.427495086828799 ], [ 71.065354091318298, 34.412047501291198 ], [ 71.066941866873705, 34.409624157528903 ], [ 71.074607317473806, 34.3979247529251 ], [ 71.076018098356599, 34.395771547518997 ], [ 71.083533827124498, 34.391341269484002 ], [ 71.087271459010694, 34.389138056376197 ], [ 71.089636999747796, 34.388369652237699 ], [ 71.094187985687, 34.386891345759103 ], [ 71.107451059518795, 34.382583074249503 ], [ 71.111380168759794, 34.3813067743882 ], [ 71.118467855307401, 34.379004465883398 ], [ 71.136126231640304, 34.374303389390001 ], [ 71.136934944292307, 34.374191067663702 ], [ 71.138184161969505, 34.373941225207403 ], [ 71.138632966838003, 34.373636036673801 ], [ 71.153937058348603, 34.369561728291103 ], [ 71.163328069634801, 34.365963654998701 ], [ 71.164583265105605, 34.365482738937303 ], [ 71.165795186099004, 34.365018403676501 ], [ 71.165809703854805, 34.365018246295101 ], [ 71.165807484327999, 34.365013692128201 ], [ 71.169473048142706, 34.363609266754302 ], [ 71.171257476651306, 34.358255981228602 ], [ 71.171169886281305, 34.348116164729298 ], [ 71.171157000795006, 34.346624468244698 ], [ 71.171090492332397, 34.338925215726199 ], [ 71.169161862929698, 34.336468739140997 ], [ 71.169124434944806, 34.336388536701598 ], [ 71.169110114140494, 34.336402826029598 ], [ 71.161677161671705, 34.326935552233998 ], [ 71.161094619521094, 34.326193573774397 ], [ 71.159714440768894, 34.324435655481203 ], [ 71.158409590130503, 34.322773681360303 ], [ 71.158409567647496, 34.322773551857999 ], [ 71.158377980759298, 34.322591956253802 ], [ 71.157905807906801, 34.3198774228049 ], [ 71.157703339037894, 34.318713424884699 ], [ 71.156739757733703, 34.313173781844597 ], [ 71.154519610391802, 34.310461431949598 ], [ 71.153912996087996, 34.309720330329 ], [ 71.152810512695098, 34.308373429190397 ], [ 71.151782781849903, 34.307117851507698 ], [ 71.133615678820604, 34.284923125701802 ], [ 71.132872459296607, 34.284015136889103 ], [ 71.131782215676793, 34.282683186979597 ], [ 71.130333487900202, 34.280913277126103 ], [ 71.122056358913895, 34.267207555184598 ], [ 71.121293473914804, 34.254932650121802 ], [ 71.123223878579196, 34.2483622680043 ], [ 71.123597456057794, 34.247090748039597 ], [ 71.125051062656496, 34.242143211440101 ], [ 71.126525615364898, 34.237124380186003 ], [ 71.132497006731498, 34.229101713473398 ], [ 71.133520886679605, 34.227726112270297 ], [ 71.134582880795406, 34.226299306367899 ], [ 71.135313517005301, 34.225317682864798 ], [ 71.128264205428806, 34.214195290480298 ], [ 71.127398976681505, 34.211848291965197 ], [ 71.126625740485593, 34.2097508328347 ], [ 71.125992585389596, 34.208033351657903 ], [ 71.124436688102705, 34.203812862074003 ], [ 71.125466624085504, 34.188223183653101 ], [ 71.126067230018705, 34.179132086376697 ], [ 71.126067796591599, 34.178167063459298 ], [ 71.126068083475303, 34.1776792621882 ], [ 71.126069278674294, 34.175647896933 ], [ 71.126071190632999, 34.172396484410299 ], [ 71.126077052414104, 34.162427214444399 ], [ 71.126075744799806, 34.162426169432301 ], [ 71.124270283846599, 34.160983852922499 ], [ 71.109375454913405, 34.149084926528197 ], [ 71.107425905481193, 34.1467467980263 ], [ 71.1067550166308, 34.145942188980897 ], [ 71.093218770130207, 34.129707940369201 ], [ 71.091056631758207, 34.127114851369399 ], [ 71.082135947915702, 34.116416125104102 ], [ 71.080676895922096, 34.114666258441098 ], [ 71.080056146973703, 34.113921784362901 ], [ 71.079658988371605, 34.113445465635799 ], [ 71.072754036869398, 34.105689264448102 ], [ 71.072753740992397, 34.105688930799502 ], [ 71.074377255605896, 34.096494028376704 ], [ 71.0747462078713, 34.0944044383142 ], [ 71.075052361377502, 34.092670511235198 ], [ 71.076696879657305, 34.083356655485296 ], [ 71.076965186993803, 34.081837078218598 ], [ 71.077347416849904, 34.079672288645298 ], [ 71.0772847197141, 34.078657916329803 ], [ 71.076286581960204, 34.062509032266099 ], [ 71.076286390404704, 34.062508846106397 ], [ 71.066144621477207, 34.052638489874496 ], [ 71.065441884935098, 34.051954559055702 ], [ 71.065275510356599, 34.051792637020597 ], [ 71.063886567710995, 34.051643162502003 ], [ 71.053922362726894, 34.050570838773197 ], [ 71.045778278544802, 34.049694392782001 ], [ 71.043155285288293, 34.049412112678901 ], [ 71.042366066340904, 34.049327178906204 ], [ 71.039833236414793, 34.049701289682801 ], [ 71.034164242985497, 34.050538625956797 ], [ 71.0282186091016, 34.0454765130307 ], [ 71.023554041485895, 34.041505101479302 ], [ 71.023541732465006, 34.041435350061398 ], [ 71.022613742730101, 34.040614436307202 ], [ 71.022393513150206, 34.040517026239797 ], [ 71.0177933378923, 34.036600438259697 ], [ 71.017140569481697, 34.036333889997103 ], [ 71.015585290928499, 34.035698814848502 ], [ 71.001671003614007, 34.030017128387797 ], [ 70.998701962925296, 34.028804764927997 ], [ 70.998701588807293, 34.028804612942601 ], [ 70.997981170694501, 34.0287950396594 ], [ 70.995220650412804, 34.028758357212403 ], [ 70.9831786967395, 34.028598339042198 ], [ 70.967162571495507, 34.022990030065898 ], [ 70.956887702005901, 34.019392115953501 ], [ 70.954880610351907, 34.018689300270999 ], [ 70.954650757126799, 34.0186088127465 ], [ 70.949995756499007, 34.016908147992702 ], [ 70.947117328801795, 34.015856538348601 ], [ 70.942884263098307, 34.014310022789303 ], [ 70.935624490378004, 34.0116577269226 ], [ 70.935623333849804, 34.011657775486 ], [ 70.935082358364198, 34.011680438401598 ], [ 70.925307547005701, 34.012089917715599 ], [ 70.922798054486705, 34.011313274887797 ], [ 70.922214250587302, 34.011132598390802 ], [ 70.919679229912603, 34.010348054119397 ], [ 70.917938223370399, 34.009811353111502 ], [ 70.917937365417103, 34.009811087811499 ], [ 70.917048169737299, 34.0049064102027 ], [ 70.916655060782503, 34.002738079099103 ], [ 70.916388834477203, 34.001269613901599 ], [ 70.916388677995101, 34.0012687496531 ], [ 70.911453436926607, 33.995948672493299 ], [ 70.904060123875695, 33.987978847245998 ], [ 70.902740237472003, 33.9865560397295 ], [ 70.898711374530393, 33.982213017516798 ], [ 70.887242382530005, 33.977666897809101 ], [ 70.886298887583706, 33.977292912038301 ], [ 70.884949991748798, 33.976758230907699 ], [ 70.8735901567604, 33.977819116159303 ], [ 70.873015108660397, 33.977872819175303 ], [ 70.868507054557, 33.978293822402001 ], [ 70.863992699803305, 33.978925763413301 ], [ 70.862466824584303, 33.979139363191102 ], [ 70.860433160661898, 33.979424045383404 ], [ 70.851081862537995, 33.9807330868625 ], [ 70.837919415648599, 33.981270133210202 ], [ 70.835326858148093, 33.981375913267797 ], [ 70.827134534331407, 33.9817101714873 ], [ 70.824279527678101, 33.981826658873302 ], [ 70.824279417960796, 33.981826663369901 ], [ 70.823959953589096, 33.981673477349098 ], [ 70.816529431088398, 33.978110467724001 ], [ 70.8093884417233, 33.974688949335601 ], [ 70.788322398359995, 33.967800084006697 ], [ 70.7883223614879, 33.967800072315498 ], [ 70.787536753318605, 33.966915354360097 ], [ 70.785498456988293, 33.964619913977899 ], [ 70.780586229570901, 33.959087979926402 ], [ 70.779472250144295, 33.957833465242302 ], [ 70.767937310858301, 33.954857234473799 ], [ 70.759154717016699, 33.957843215691902 ], [ 70.750718392739699, 33.960711470258197 ], [ 70.741318150812006, 33.960307542459198 ], [ 70.7403556100234, 33.960266180839596 ], [ 70.718776339756303, 33.960655288710598 ], [ 70.713851184584499, 33.960744096762703 ], [ 70.701134194387606, 33.960973404099398 ], [ 70.695074526468304, 33.960793651206103 ], [ 70.691120884621199, 33.9606763724167 ], [ 70.687621748444997, 33.960572574464798 ], [ 70.685225643348801, 33.960501495647598 ], [ 70.676299532097801, 33.960236713653401 ], [ 70.669428993153602, 33.958625383055001 ], [ 70.669261199444904, 33.958586030520998 ], [ 70.667455430024106, 33.958162527178899 ], [ 70.654129982812506, 33.9550373408007 ], [ 70.651387059565195, 33.954394050345201 ], [ 70.651170192550396, 33.954343188287602 ], [ 70.640521844507603, 33.955653414173803 ], [ 70.637409619158603, 33.956036357192197 ], [ 70.6306541745506, 33.956867580774301 ], [ 70.622166966632307, 33.958587390295897 ], [ 70.612416626726002, 33.960563153167001 ], [ 70.608671102389494, 33.961322127913903 ], [ 70.593878574037007, 33.964319616856898 ], [ 70.585374538903906, 33.962678137386199 ], [ 70.585188544715606, 33.962642234651497 ], [ 70.583555557542994, 33.962327030368201 ], [ 70.581309956689196, 33.961893576027798 ], [ 70.579471875526707, 33.961538782688699 ], [ 70.560462281309299, 33.957869481291603 ], [ 70.557317974444999, 33.9562932899034 ], [ 70.547712620541105, 33.9514782791992 ], [ 70.539862749566296, 33.946266012766301 ], [ 70.539137540764997, 33.945784478870699 ], [ 70.525038917611994, 33.952345937015401 ], [ 70.523598448309798, 33.9519469213134 ], [ 70.521995627096501, 33.951502933213902 ], [ 70.5202023834333, 33.951006197178302 ], [ 70.519623247914595, 33.950845774313102 ], [ 70.516679488067993, 33.950030340128102 ], [ 70.515437258123001, 33.949686237030299 ], [ 70.511398679805296, 33.948567533464903 ], [ 70.506181829527904, 33.945945694038599 ], [ 70.501847894065094, 33.943767582807801 ], [ 70.501846345432597, 33.943767563922002 ], [ 70.501519498526093, 33.943763454020299 ], [ 70.491730467087507, 33.943640375503001 ], [ 70.491137800369202, 33.943632922821202 ], [ 70.467734201372394, 33.943338664647698 ], [ 70.464405378805196, 33.944575008529903 ], [ 70.463449549657099, 33.944930007813603 ], [ 70.454828746549495, 33.948131821826202 ], [ 70.453724527464999, 33.948541935162197 ], [ 70.453247460501998, 33.948719121390397 ], [ 70.4526318808567, 33.948947749738899 ], [ 70.447957400014005, 33.950683878358298 ], [ 70.444376904870296, 33.952013694176699 ], [ 70.439383067574596, 33.9538684316828 ], [ 70.432495425323694, 33.957299316510301 ], [ 70.430305221808595, 33.9583903038695 ], [ 70.429172773005106, 33.958954400924902 ], [ 70.427448838293301, 33.959813130271797 ], [ 70.426309262362594, 33.960380777850702 ], [ 70.403723962790707, 33.962944460818299 ], [ 70.401302866434193, 33.962952954915004 ], [ 70.390651068592007, 33.962990325343299 ], [ 70.388784656087097, 33.962996873307098 ], [ 70.371313353128798, 33.963058168399797 ], [ 70.369256722320003, 33.9630653827613 ], [ 70.359343583539598, 33.963100162242803 ], [ 70.356680140576103, 33.963109506198798 ], [ 70.326263388144895, 33.963216217954098 ], [ 70.312027961021599, 33.968922234673499 ], [ 70.310033253032302, 33.969721777837798 ], [ 70.304385348704997, 33.971985640325101 ], [ 70.302791524309399, 33.972624496223503 ], [ 70.297935470345706, 33.9745709591825 ], [ 70.2979351735694, 33.974571077893003 ], [ 70.297843496680102, 33.972855407051398 ], [ 70.290679752668495, 33.975695598273298 ], [ 70.279121729584205, 33.980277975947899 ], [ 70.279121558713001, 33.980277951666203 ], [ 70.260956573587094, 33.977714292080996 ], [ 70.240116810442501, 33.973410696146701 ], [ 70.238823109598897, 33.9731435354458 ], [ 70.223784796531206, 33.981188197777101 ], [ 70.207824049740196, 33.983765151140901 ], [ 70.205849928131698, 33.984083885263097 ], [ 70.198440130507706, 33.985280238092599 ], [ 70.198234516709604, 33.9853134347672 ], [ 70.198233087686901, 33.985313665893003 ], [ 70.1871520731098, 33.990636518360702 ], [ 70.185559354880397, 33.9914015923097 ], [ 70.171405811928693, 33.998200356361401 ], [ 70.169745990784904, 33.998997663811203 ], [ 70.169312246862802, 33.999206016044901 ], [ 70.169036860063102, 33.999373086698697 ], [ 70.155283617045399, 34.007716841059398 ], [ 70.154303400981206, 34.008311514165101 ], [ 70.153234777962695, 34.008541513080402 ], [ 70.151174030057504, 34.008985046123001 ], [ 70.1364591149962, 34.0121521283181 ], [ 70.132355488714893, 34.0119358881308 ], [ 70.129940439399803, 34.011808627766001 ], [ 70.119361233933802, 34.011251158714103 ], [ 70.117488638589904, 34.011152483300499 ], [ 70.111915853733706, 34.010858825874202 ], [ 70.102443676834298, 34.0085924767615 ], [ 70.100174640547294, 34.0080495794246 ], [ 70.096499972895501, 34.009343761405503 ], [ 70.094424473410797, 34.010074731263899 ], [ 70.083994586880706, 34.013748033744797 ], [ 70.082474859427293, 34.014283266159801 ], [ 70.0799172828564, 34.0151840199266 ], [ 70.078145892718894, 34.016465945946699 ], [ 70.076631495547105, 34.017561891268301 ], [ 70.069695365448794, 34.022581459067098 ], [ 70.068414997054504, 34.023508042262399 ], [ 70.067475394374, 34.0241880169635 ], [ 70.0461801219151, 34.036715034371397 ], [ 70.024413365484506, 34.039599587351098 ], [ 70.021244907326704, 34.039708357654703 ], [ 70.0192637907913, 34.039776368884397 ], [ 70.019263078528297, 34.039776393166001 ], [ 70.018139302786693, 34.041135004376997 ], [ 70.011962068294807, 34.048603086163503 ], [ 70.011961655506099, 34.048603585287303 ], [ 70.0016709048884, 34.048950648054003 ], [ 70.001120299462301, 34.048645116878703 ], [ 70.000001071592195, 34.048024054966199 ], [ 69.988877224104698, 34.041848217121597 ], [ 69.987097525130807, 34.040860147278003 ], [ 69.981770927886103, 34.040212715444497 ], [ 69.980909005945904, 34.040107950721399 ], [ 69.966355587540406, 34.038339028323499 ], [ 69.962031111146899, 34.038306887452997 ], [ 69.961179518819804, 34.038300558024403 ], [ 69.952227816460606, 34.038234027978 ], [ 69.951498462684, 34.038228606864799 ], [ 69.937757272380296, 34.038126479853197 ], [ 69.9312908015293, 34.038078420083103 ], [ 69.930332483057697, 34.038071297452497 ], [ 69.913490661464905, 34.037946126212802 ], [ 69.913461440692998, 34.037927438300699 ], [ 69.906879388972698, 34.0337177342861 ], [ 69.897538852136407, 34.027743778053001 ], [ 69.8969952866033, 34.016300084881003 ], [ 69.896935947535994, 34.015050824935699 ], [ 69.896674467852407, 34.009545880438097 ], [ 69.901061870708801, 33.993312489779598 ], [ 69.901040654802401, 33.992861279224698 ], [ 69.901032163403698, 33.992680690861199 ], [ 69.900969819701501, 33.991354751120902 ], [ 69.900659145303393, 33.984747233298201 ], [ 69.898271745644607, 33.981568767484703 ], [ 69.897798141071405, 33.980938233013099 ], [ 69.896311958330301, 33.978959604002597 ], [ 69.895155723358002, 33.977420249744803 ], [ 69.8951552476166, 33.977419615722702 ], [ 69.886035303686398, 33.972948643365299 ], [ 69.876701964124393, 33.968373053773497 ], [ 69.876659461265206, 33.968324199002602 ], [ 69.865815311927193, 33.955859134091803 ], [ 69.863161673372602, 33.946688251661499 ], [ 69.861467624930995, 33.940833675034099 ], [ 69.861358683756293, 33.940457179255503 ], [ 69.861205264811204, 33.939926968654703 ], [ 69.861418971608302, 33.939313024876199 ], [ 69.861619434988995, 33.938737128715601 ], [ 69.8657367318647, 33.926908825182203 ], [ 69.869907962882195, 33.922880226641198 ], [ 69.870490542804404, 33.9223175685011 ], [ 69.870970582926105, 33.921853942805299 ], [ 69.882972019443201, 33.9102628894208 ], [ 69.892918594117901, 33.900761358649802 ], [ 69.903900584344598, 33.890270740002698 ], [ 69.906054487624502, 33.8862958112028 ], [ 69.912184263093295, 33.874983588122099 ], [ 69.914130212539305, 33.864796333284197 ], [ 69.914411390073695, 33.863324341844901 ], [ 69.915165945552005, 33.859374161488397 ], [ 69.915540499694401, 33.857413329161901 ], [ 69.915759844341395, 33.856265037001897 ], [ 69.916306383033202, 33.853403851106897 ], [ 69.916306456777605, 33.853403460801097 ], [ 69.916879482302306, 33.8526212322841 ], [ 69.917509934935595, 33.851760611662897 ], [ 69.918290883717404, 33.850694549913598 ], [ 69.919553240489705, 33.848971325666199 ], [ 69.925965290665701, 33.840218333909 ], [ 69.9348907040428, 33.834647998806098 ], [ 69.945937795293005, 33.827753527103702 ], [ 69.955688306969805, 33.816706440350004 ], [ 69.957497262688605, 33.808190144759401 ], [ 69.963029019573597, 33.782147460037301 ], [ 69.963113757294096, 33.7819029613526 ], [ 69.963648915964797, 33.780358846983198 ], [ 69.968415115964902, 33.7666067389099 ], [ 69.968737901533004, 33.7656753902071 ], [ 69.969796752518207, 33.762620243929199 ], [ 69.971655498302695, 33.760749629791597 ], [ 69.971961572668505, 33.760441601198998 ], [ 69.973334892291504, 33.759059511387399 ], [ 69.973762753748105, 33.758628918689702 ], [ 69.987366178706196, 33.744938628215202 ], [ 69.991845087580799, 33.740431119100897 ], [ 69.996205262562896, 33.738250156119904 ], [ 69.998053449407195, 33.737325690828001 ], [ 69.998532820433397, 33.737085909986803 ], [ 70.000001071592195, 33.736351490329099 ], [ 70.001460548065893, 33.735621751642597 ], [ 70.002213232954404, 33.735245409648002 ], [ 70.005639211980096, 33.733532419685403 ], [ 70.014192681047504, 33.7323422649836 ], [ 70.016497576901699, 33.7320215550508 ], [ 70.0166267285408, 33.732003583898297 ], [ 70.026039561876402, 33.730693854437902 ], [ 70.026040633868206, 33.730693705150401 ], [ 70.035064276595193, 33.731459863681799 ], [ 70.055924590147796, 33.726039174867999 ], [ 70.086420532381695, 33.718114605304798 ], [ 70.086629497952998, 33.718060305138998 ], [ 70.086797285366501, 33.718016704207599 ], [ 70.088166255868103, 33.7176609683791 ], [ 70.088366422472504, 33.717608953390503 ], [ 70.088673338603797, 33.717529198813502 ], [ 70.092116880489698, 33.716634372478403 ], [ 70.099812669719, 33.717959554989498 ], [ 70.099818625029599, 33.718077636873502 ], [ 70.099909838768099, 33.7179762877755 ], [ 70.101063242674599, 33.718174899452102 ], [ 70.102479664105303, 33.718418800986903 ], [ 70.106823198032203, 33.719569524014403 ], [ 70.106946558936599, 33.719602206276903 ], [ 70.108361876899195, 33.719977163315498 ], [ 70.116791109122502, 33.722210302263697 ], [ 70.118743432063795, 33.722142061706897 ], [ 70.1244723374285, 33.721941818660099 ], [ 70.136001173915105, 33.715602017319299 ], [ 70.136969886750904, 33.7150693128985 ], [ 70.136970041434296, 33.7150690799741 ], [ 70.145168764826707, 33.702730105410097 ], [ 70.145758139126897, 33.701843104075998 ], [ 70.146240363701907, 33.701117362876097 ], [ 70.148028246506399, 33.698426620092498 ], [ 70.148637467944894, 33.697509751374 ], [ 70.150099352802997, 33.695309631034696 ], [ 70.150531764829196, 33.686534343285402 ], [ 70.150734543964106, 33.682419180500901 ], [ 70.149720165353401, 33.6769120164764 ], [ 70.149510895811304, 33.675775872358599 ], [ 70.148566225451006, 33.670647158339797 ], [ 70.148431537585495, 33.669915924080698 ], [ 70.147752530554897, 33.666229529269401 ], [ 70.1475445335535, 33.665100291045597 ], [ 70.147201702996298, 33.663239028058697 ], [ 70.148169298874095, 33.658720537322999 ], [ 70.148420261885605, 33.657548588496603 ], [ 70.149284081395294, 33.6535147100359 ], [ 70.154549847597394, 33.651076951040501 ], [ 70.169341714948203, 33.644229133467803 ], [ 70.177455551332699, 33.642658122174602 ], [ 70.178623123158701, 33.642432055994597 ], [ 70.179908782264505, 33.642183125450899 ], [ 70.180632752699395, 33.642042949022901 ], [ 70.189667829406901, 33.640293567094503 ], [ 70.195684742656795, 33.634815122020299 ], [ 70.197021429295603, 33.633598058703498 ], [ 70.197021640636294, 33.633597867147898 ], [ 70.196474100998998, 33.630882090835897 ], [ 70.196134278674094, 33.6291965859537 ], [ 70.196011153392107, 33.628585888727798 ], [ 70.195893505880605, 33.628002360920298 ], [ 70.193587024521605, 33.616562302807999 ], [ 70.180098079662699, 33.567037402154398 ], [ 70.179413094838495, 33.564522469636302 ], [ 70.176139847675898, 33.552688598400202 ], [ 70.1747146452647, 33.547536019072098 ], [ 70.174697451126505, 33.547196773212598 ], [ 70.174488109638602, 33.543066491925103 ], [ 70.174078581761194, 33.534986546492 ], [ 70.173665383750503, 33.526834196640898 ], [ 70.173598785355694, 33.525520230474299 ], [ 70.173575230312693, 33.5250554923172 ], [ 70.175370157506805, 33.522458754767797 ], [ 70.176334078754806, 33.521064241721398 ], [ 70.176871308564102, 33.520287026924798 ], [ 70.180033314985593, 33.515712527311301 ], [ 70.180816400556495, 33.514579628846803 ], [ 70.181930940260699, 33.512967216363997 ], [ 70.190345581883193, 33.507823784939802 ], [ 70.200561030467199, 33.501579613908099 ], [ 70.200561056547599, 33.501579569841297 ], [ 70.205491649020402, 33.493181585461798 ], [ 70.2057985516619, 33.492658856321199 ], [ 70.206791513817393, 33.490967602073198 ], [ 70.207633261265997, 33.489533901968102 ], [ 70.211876158358095, 33.483679362212897 ], [ 70.212585930296498, 33.482699987914103 ], [ 70.214813541112093, 33.479626231065801 ], [ 70.219046985430097, 33.478646236234901 ], [ 70.220260747335701, 33.478365262846602 ], [ 70.229192652019293, 33.476297627033901 ], [ 70.231263025368406, 33.475818358530503 ], [ 70.231531874996094, 33.475743467487099 ], [ 70.2340125919076, 33.475052437420104 ], [ 70.2352355988439, 33.4747117553433 ], [ 70.237112346357804, 33.474188965948102 ], [ 70.238668282315402, 33.473755543983202 ], [ 70.240090217489595, 33.473359448379902 ], [ 70.240241946608606, 33.472930639037799 ], [ 70.240674866751803, 33.471707146467701 ], [ 70.245065348886797, 33.4592990068438 ], [ 70.245324377917797, 33.458566955100899 ], [ 70.245554479355803, 33.457916653530802 ], [ 70.246349985463496, 33.455668435649798 ], [ 70.2468489689048, 33.4542582393263 ], [ 70.248445435508501, 33.449746392781798 ], [ 70.2488743114004, 33.448534325198999 ], [ 70.249889291657595, 33.445665845802203 ], [ 70.2504543563835, 33.444068890866703 ], [ 70.251485217768604, 33.4411555272059 ], [ 70.251960978916102, 33.439810958009303 ], [ 70.252388041774694, 33.4386040174615 ], [ 70.255696512683997, 33.435581003960202 ], [ 70.258497663436501, 33.433021537913703 ], [ 70.260657723475205, 33.432943052280102 ], [ 70.264572264598399, 33.432800816404601 ], [ 70.266031125935797, 33.432747807665201 ], [ 70.273178835934601, 33.432488094250203 ], [ 70.275224901508096, 33.432413749994602 ], [ 70.287873616074606, 33.431954155060303 ], [ 70.296927279970106, 33.426741438966303 ], [ 70.297270163587299, 33.426544020690102 ], [ 70.297813455726399, 33.426231216697303 ], [ 70.297814028594601, 33.426230886646202 ], [ 70.300973614041098, 33.413248759222903 ], [ 70.308438114727295, 33.404098562099001 ], [ 70.309630977287796, 33.402636317512098 ], [ 70.315399656069303, 33.395564906894997 ], [ 70.3959966802027, 33.427443290575503 ], [ 70.508982847180704, 33.447018494508001 ], [ 70.713749676306605, 33.4450098218459 ], [ 70.813351462599996, 33.457686412697797 ], [ 70.975490387171703, 33.478322276152198 ], [ 71.079397729921396, 33.504299111614799 ], [ 71.157875622162294, 33.523918584675002 ], [ 71.175189642687897, 33.528247090031201 ], [ 71.261025707870203, 33.549706106551596 ], [ 71.431915283263805, 33.622671077308397 ], [ 71.523494051209497, 33.660936929995401 ], [ 71.415707169850094, 33.835745815617003 ], [ 71.382659912125305, 33.971294403413999 ], [ 71.455352980056006, 34.1642396694252 ], [ 71.551353454598299, 34.257307002416297 ], [ 71.645086499042705, 34.334150282409702 ], [ 71.7810149901497, 34.416273746536199 ], [ 71.899952419868299, 34.470078773516697 ], [ 72.056621168632105, 34.470625953424999 ], [ 72.261517931807205, 34.439250609128301 ], [ 72.4160838120184, 34.333293027051603 ], [ 72.483312193602899, 34.300168159632896 ], [ 72.624904371239793, 34.189726261058098 ], [ 72.6587722504391, 34.053407636853002 ], [ 72.669249608582604, 33.950903339017898 ], [ 72.684420475424602, 33.897643791327901 ], [ 72.836044310796396, 33.702171326045899 ], [ 73.031956625497898, 33.608635043372601 ], [ 73.163601147475006, 33.595466530556003 ], [ 73.297645568787999, 33.582057952712397 ], [ 73.571654530632102, 33.634436056878599 ], [ 73.571655262680295, 33.634437522773503 ], [ 73.571691008933001, 33.634509094419201 ], [ 73.576094320796301, 33.643325458703004 ], [ 73.572767752829606, 33.653878144061103 ], [ 73.573417289076701, 33.660021120678202 ], [ 73.573884248559295, 33.6644373782824 ], [ 73.575284403052805, 33.665786854179998 ], [ 73.581663702617803, 33.671935252809703 ], [ 73.591934449615195, 33.679436140065903 ], [ 73.591934808444705, 33.6794364008692 ], [ 73.593099935913401, 33.6813762475159 ], [ 73.5949561078382, 33.684466628332302 ], [ 73.596937756772107, 33.687765918062702 ], [ 73.598876071873306, 33.698600182952099 ], [ 73.599426135008201, 33.7216569664959 ], [ 73.597212787440199, 33.733604451784103 ], [ 73.595125350354706, 33.739492355487897 ], [ 73.592484870680295, 33.746940190837201 ], [ 73.583045336473205, 33.760658821647297 ], [ 73.577656105944598, 33.7684910802991 ], [ 73.571654530632102, 33.777213269376901 ], [ 73.566664679131705, 33.788885723996998 ], [ 73.5660851488106, 33.799995021353197 ], [ 73.567214741367295, 33.8111043169108 ], [ 73.568141199556706, 33.813595274402402 ], [ 73.570832711260707, 33.820831909365097 ], [ 73.5718601651146, 33.826433354715597 ], [ 73.571938881874004, 33.826862500404097 ], [ 73.572767752829606, 33.831381320291797 ], [ 73.573960096481301, 33.835551014367901 ], [ 73.575547532992303, 33.841102362983698 ], [ 73.582763827088996, 33.861664220327597 ], [ 73.582860386397797, 33.862144747881899 ], [ 73.5847152390171, 33.871375441523497 ], [ 73.585540332820202, 33.881934674845397 ], [ 73.583602017719002, 33.8944387721317 ], [ 73.577773975588599, 33.905548067689203 ], [ 73.574338982658006, 33.909454831475301 ], [ 73.573364122955994, 33.910563581344299 ], [ 73.569717069886906, 33.914711529813303 ], [ 73.569716215531002, 33.914712501081098 ], [ 73.562483549276394, 33.926100101738399 ], [ 73.539799203770301, 33.950105474887799 ], [ 73.538828186871399, 33.951133038458998 ], [ 73.538589391687097, 33.9513857398601 ], [ 73.538588576901404, 33.951386602309903 ], [ 73.5299199235657, 33.9758905982725 ], [ 73.529158936136099, 33.9780417100569 ], [ 73.516386356145503, 34.001105040665102 ], [ 73.513976557971802, 34.011238631157902 ], [ 73.512007528324801, 34.017673062761702 ], [ 73.5094287205591, 34.026100139310003 ], [ 73.508234481136498, 34.033009037037502 ], [ 73.507218648321995, 34.038885816127603 ], [ 73.506697333814898, 34.049520024129798 ], [ 73.506102152592305, 34.061661019240702 ], [ 73.50138733176, 34.086106054750701 ], [ 73.495817950837804, 34.099435244940601 ], [ 73.494308556594703, 34.1075349179022 ], [ 73.493765375971407, 34.110449724974899 ], [ 73.493591506442897, 34.111382732027501 ], [ 73.488038495879906, 34.1252685342155 ], [ 73.487312525352806, 34.131501627398201 ], [ 73.486646969482095, 34.137216020403102 ], [ 73.487197031717699, 34.1627644548158 ], [ 73.488310253915103, 34.1730486574696 ], [ 73.487975855401501, 34.180351344039401 ], [ 73.487763464312494, 34.184989594793997 ], [ 73.483323675947005, 34.2086029894365 ], [ 73.480000452558897, 34.219981321680699 ], [ 73.479430674486096, 34.221932180525698 ], [ 73.464994982732307, 34.258887419718697 ], [ 73.464994810062507, 34.2588878612858 ], [ 73.462265025010893, 34.257225113748099 ], [ 73.462264143675299, 34.257224576852799 ], [ 73.464117650908904, 34.270917174088403 ], [ 73.464706682567396, 34.275268588774402 ], [ 73.456373891841693, 34.280274810634097 ], [ 73.456241415409096, 34.280419512450599 ], [ 73.453322354543104, 34.283607928363303 ], [ 73.444976467889703, 34.2886043278275 ], [ 73.430540603466099, 34.299438592716903 ], [ 73.414153328013796, 34.316100899736803 ], [ 73.410326785552698, 34.3220918648477 ], [ 73.409713537849498, 34.323051986460101 ], [ 73.406098841488401, 34.331666356717101 ], [ 73.404160526387201, 34.339989325047398 ], [ 73.402948063102698, 34.342254015810198 ], [ 73.401930809359399, 34.344154082744801 ], [ 73.400542556493903, 34.353325064100503 ], [ 73.399405982500099, 34.356742828718602 ], [ 73.399154623786899, 34.357498682817997 ], [ 73.399154303628293, 34.357499645092602 ], [ 73.398540774437294, 34.365609063107797 ], [ 73.398041082330195, 34.372213813716598 ], [ 73.398146153722095, 34.3738818357781 ], [ 73.398688364876193, 34.382489582528201 ], [ 73.399720738021699, 34.398878743859001 ], [ 73.400569157540602, 34.403389299876302 ], [ 73.400817588061301, 34.404710061320301 ], [ 73.403489061970703, 34.413321954844399 ], [ 73.406937033017698, 34.424437002465801 ], [ 73.424699464508805, 34.459716301965798 ], [ 73.427362182618694, 34.467431356471998 ], [ 73.427764097734993, 34.468595881394897 ], [ 73.427764814494694, 34.468597188109797 ], [ 73.427944806607599, 34.468925305758297 ], [ 73.430815635033596, 34.474158714353202 ], [ 73.432203887899206, 34.479155114716797 ], [ 73.434831014439794, 34.496550800878801 ], [ 73.438035203561896, 34.5177675310468 ], [ 73.438310235129293, 34.528045185736801 ], [ 73.441361771528605, 34.549995295046898 ], [ 73.442750024394201, 34.5549916954105 ], [ 73.448319407114994, 34.563049455467997 ], [ 73.455552071570906, 34.568327435362903 ], [ 73.461043798732405, 34.570493876990902 ], [ 73.464706682567396, 34.571938856393203 ], [ 73.476379138086799, 34.572770498159997 ], [ 73.519441166976307, 34.572495467491898 ], [ 73.5260910275789, 34.573608688790003 ], [ 73.539112744057903, 34.577189994222898 ], [ 73.545258084093305, 34.578880119821697 ], [ 73.5494228417908, 34.581381593985398 ], [ 73.554429064549794, 34.5819382050841 ], [ 73.559707044444593, 34.584433131284001 ], [ 73.571211722443095, 34.586181307221601 ], [ 73.581663702617803, 34.587769521646202 ], [ 73.587203616353904, 34.586937879879301 ], [ 73.592484870680295, 34.584717985246897 ], [ 73.597253241643799, 34.581855837976597 ], [ 73.600814386974406, 34.579718310451703 ], [ 73.609042526291603, 34.572667881917297 ], [ 73.614425157594994, 34.568055678226997 ], [ 73.624984391816298, 34.563881097234898 ], [ 73.631362495283, 34.563881097234898 ], [ 73.633423360099997, 34.564273642314802 ], [ 73.637206908671899, 34.564994317633698 ], [ 73.641096635701203, 34.5669391824973 ], [ 73.641097267025302, 34.5669399298339 ], [ 73.644511658286405, 34.570990201136901 ], [ 73.6499925854895, 34.577491866956201 ], [ 73.652543513372507, 34.5829151736963 ], [ 73.654435650085205, 34.586937879879301 ], [ 73.668046419806501, 34.625550296209298 ], [ 73.6724862099707, 34.6349930338015 ], [ 73.674424525071899, 34.645827298690897 ], [ 73.674149493504402, 34.661101353744499 ], [ 73.671372987773196, 34.668884082234698 ], [ 73.666091733446805, 34.676660261861599 ], [ 73.663040197946799, 34.679718347124101 ], [ 73.6625225490764, 34.680904042987301 ], [ 73.661101881946394, 34.684158136388902 ], [ 73.663603357009407, 34.694435791078902 ], [ 73.667560903712797, 34.6982758989137 ], [ 73.672761240638806, 34.703321918471801 ], [ 73.6787078934546, 34.706297305676202 ], [ 73.682203979130406, 34.708046560800199 ], [ 73.688733329679494, 34.7124533440467 ], [ 73.693313274687895, 34.7155444362268 ], [ 73.6980280955203, 34.717764329959898 ], [ 73.698428430527699, 34.7184431022674 ], [ 73.6999958787069, 34.721100721221397 ], [ 73.703597477341802, 34.724708867819999 ], [ 73.704851527975705, 34.726401133805297 ], [ 73.7091537623363, 34.7322067432466 ], [ 73.711105174264404, 34.736106291772003 ], [ 73.711105229123106, 34.736106638011002 ], [ 73.711161178645497, 34.736464093343301 ], [ 73.711930268966796, 34.741377723703003 ], [ 73.713457681127096, 34.743872825270699 ], [ 73.714994901293693, 34.746383947361302 ], [ 73.7158199959961, 34.7519369579243 ], [ 73.720534815929099, 34.767211012078597 ], [ 73.720535136087705, 34.767211452746402 ], [ 73.722717359918306, 34.770220111269197 ], [ 73.726379228418693, 34.775268772136201 ], [ 73.729260800145894, 34.7778529083851 ], [ 73.739701871544199, 34.787216258323703 ], [ 73.760270120369796, 34.7994386834485 ], [ 73.760270276851799, 34.799438776078702 ], [ 73.7705381091465, 34.801658670711198 ], [ 73.788313637464498, 34.801933702278603 ], [ 73.794072501944498, 34.802799314137097 ], [ 73.799422933921306, 34.803603533776098 ], [ 73.802608052020005, 34.8052300278435 ], [ 73.812483641406999, 34.810273040968099 ], [ 73.818032951259696, 34.815820428070403 ], [ 73.8219296534308, 34.819715779459699 ], [ 73.827831326654504, 34.824083479968699 ], [ 73.829437350353501, 34.825272064454303 ], [ 73.831749232141405, 34.826141576672498 ], [ 73.8338771405177, 34.826941895951798 ], [ 73.845536498310807, 34.828605180384798 ], [ 73.866379936085295, 34.825553643985501 ], [ 73.873423708737207, 34.825156152634399 ], [ 73.886106875432006, 34.824440421788097 ], [ 73.898329394086304, 34.824715453355601 ], [ 73.907759034851594, 34.826660317319899 ], [ 73.912490226942495, 34.828880211952303 ], [ 73.923874554067496, 34.836937971110601 ], [ 73.929702595298593, 34.843322624339699 ], [ 73.9297026933247, 34.843322681896304 ], [ 73.9338673547946, 34.8458240985034 ], [ 73.933868311673294, 34.845825137220302 ], [ 73.937193922761395, 34.849435520432898 ], [ 73.947203093847705, 34.853050215894797 ], [ 73.949064113118396, 34.853282671757903 ], [ 73.951659253471803, 34.853606826993499 ], [ 73.966658277857306, 34.858328195789703 ], [ 73.971873357369603, 34.860448443740701 ], [ 73.975541130818598, 34.861939616819903 ], [ 73.977740108119605, 34.863686039978802 ], [ 73.986375395707995, 34.870544164681498 ], [ 73.989426932107307, 34.874993777241102 ], [ 73.991242796418007, 34.878239633752202 ], [ 73.998594639031396, 34.891381052693497 ], [ 74.004439051521004, 34.905266854881503 ], [ 74.007359661019606, 34.9093009356897 ], [ 74.010270368982404, 34.913321340507501 ], [ 74.023039674541394, 34.925825436894499 ], [ 74.0284098034697, 34.9300920041428 ], [ 74.033873939430805, 34.9344332591876 ], [ 74.051649467748803, 34.955551726730803 ], [ 74.055251066383704, 34.971657422652001 ], [ 74.054640598484895, 34.9798522852548 ], [ 74.054154216344003, 34.986381415469999 ], [ 74.0544292479115, 34.991662668897099 ], [ 74.055817338899104, 34.996101941951103 ], [ 74.055817500777096, 34.996102459061198 ], [ 74.057258324412203, 34.997278795679897 ], [ 74.063308826441201, 35.002218628686798 ], [ 74.068053114459701, 35.003881913119898 ], [ 74.068873864537295, 35.004637229424603 ], [ 74.071379682426496, 35.006943271914501 ], [ 74.075819472590595, 35.008888135878799 ], [ 74.078436542012895, 35.011190563993402 ], [ 74.082764010450802, 35.014997756641201 ], [ 74.089077309670202, 35.023453124062499 ], [ 74.089538290459799, 35.024070513143698 ], [ 74.089011038628598, 35.024279340219401 ], [ 74.088372682753203, 35.024532172022198 ], [ 74.087494046013504, 35.024879197017299 ], [ 74.087203799715695, 35.024993831800003 ], [ 74.086653737480006, 35.029158590396698 ], [ 74.0852190328321, 35.032025889883002 ], [ 74.084427293984504, 35.033608202056897 ], [ 74.077210999887797, 35.044157612983497 ], [ 74.070266462027604, 35.050270509076803 ], [ 74.062195605143103, 35.060548163766803 ], [ 74.060257290041903, 35.069444112655702 ], [ 74.060257290041903, 35.0747155454861 ], [ 74.060847819071597, 35.077810608173102 ], [ 74.061370511340101, 35.080550134680998 ], [ 74.061370755056402, 35.080550652690498 ], [ 74.061804969323902, 35.081473840045803 ], [ 74.065810300604895, 35.089989598741099 ], [ 74.070121905001997, 35.094686457414099 ], [ 74.071929745561405, 35.096655832400799 ], [ 74.082213947315907, 35.105551782189004 ], [ 74.084240762001599, 35.106639528391597 ], [ 74.089980305446801, 35.109719814317998 ], [ 74.093323243772701, 35.1130529302486 ], [ 74.102202822302402, 35.117767751080898 ], [ 74.107781161371605, 35.119930917377999 ], [ 74.115813593822296, 35.123045730975797 ], [ 74.115944697889603, 35.1230644341763 ], [ 74.138427733753005, 35.1013336182519 ], [ 74.141395568450804, 35.100238799780797 ], [ 74.142242432142595, 35.097499847040403 ], [ 74.142898559521001, 35.0944862368504 ], [ 74.142791747940905, 35.090511322439603 ], [ 74.146202086856903, 35.089923859198798 ], [ 74.149116515315001, 35.0895004269032 ], [ 74.152488707687795, 35.088344574142802 ], [ 74.155136107645305, 35.086654663482001 ], [ 74.157562255493801, 35.0842666630761 ], [ 74.159667968601894, 35.082317351964299 ], [ 74.160743712452401, 35.080421447991498 ], [ 74.164703368965405, 35.080230713476702 ], [ 74.168182372918196, 35.080490112128999 ], [ 74.1717910770966, 35.080177307237001 ], [ 74.175445556767102, 35.080570221038897 ], [ 74.177261352729303, 35.081760406317699 ], [ 74.179542541555094, 35.082221985156501 ], [ 74.182533263999005, 35.083072661973802 ], [ 74.186721801569902, 35.083580017204099 ], [ 74.189895629579695, 35.0844230650724 ], [ 74.195121764457895, 35.085025787110503 ], [ 74.198554992918702, 35.084716797142498 ], [ 74.2018203737113, 35.084419250148301 ], [ 74.203964232463406, 35.085453033430802 ], [ 74.205032348264297, 35.088241577486897 ], [ 74.205039978112595, 35.090797423762098 ], [ 74.206192016848107, 35.092449187879801 ], [ 74.207122802575299, 35.090984344252099 ], [ 74.211120604732201, 35.088802338057498 ], [ 74.213836669726604, 35.088104248312398 ], [ 74.216186522689995, 35.087135315142703 ], [ 74.216255187726802, 35.085712432982497 ], [ 74.216239928929596, 35.0830154417093 ], [ 74.215797423812106, 35.0792007451183 ], [ 74.215652465688805, 35.074802399311302 ], [ 74.2158584590007, 35.070388793807901 ], [ 74.215789794863198, 35.066982268916597 ], [ 74.218849181444597, 35.066265106349597 ], [ 74.222251891411702, 35.0655326840862 ], [ 74.227081298463204, 35.065441132202501 ], [ 74.2311477656569, 35.0666656491005 ], [ 74.234268187426906, 35.069213867326098 ], [ 74.236045836846003, 35.0699806212087 ], [ 74.237953185591095, 35.066013335746902 ], [ 74.238082885816596, 35.062931061419398 ], [ 74.237388610995694, 35.058197021175701 ], [ 74.237098693849703, 35.054454802747003 ], [ 74.2376251219019, 35.0510940551465 ], [ 74.239273071095397, 35.0487632750052 ], [ 74.243240355657903, 35.045089722512699 ], [ 74.245018005076901, 35.042224884470897 ], [ 74.248573303015604, 35.039360046429103 ], [ 74.253913878422793, 35.039024352891602 ], [ 74.260086059624001, 35.039394378947499 ], [ 74.266242981128798, 35.039875031507499 ], [ 74.270347594865697, 35.0407257083248 ], [ 74.274261474987199, 35.041725159088898 ], [ 74.279586791597197, 35.045135498004903 ], [ 74.281631469516796, 35.046916962348 ], [ 74.283821105559596, 35.049789429338801 ], [ 74.285743713101894, 35.054004668680598 ], [ 74.288833617277604, 35.059543610249499 ], [ 74.291252135277901, 35.061786652532 ], [ 74.295791626082703, 35.066074370935503 ], [ 74.299491882144693, 35.067394257339203 ], [ 74.305656432598397, 35.066619872708998 ], [ 74.315795897462706, 35.065727234424401 ], [ 74.320976256848795, 35.063781738236699 ], [ 74.331268310584093, 35.060321808005099 ], [ 74.337852477509898, 35.060974121358598 ], [ 74.350677489774398, 35.0589828487795 ], [ 74.357666015274404, 35.059276580849598 ], [ 74.366607665911104, 35.059131621826999 ], [ 74.375076293835903, 35.061256408656398 ], [ 74.375770568656904, 35.062686919765603 ], [ 74.379653930284704, 35.068759918335601 ], [ 74.386749267364806, 35.076370238695603 ], [ 74.390815734558501, 35.083610534798403 ], [ 74.396774291700197, 35.087745667028997 ], [ 74.398704529090793, 35.090171813978102 ], [ 74.402046203869205, 35.093963622822997 ], [ 74.404953002479104, 35.097774506288502 ], [ 74.409469603739296, 35.099708556804501 ], [ 74.413581847324494, 35.102024078148801 ], [ 74.419929503343994, 35.104946136455098 ], [ 74.424919127315903, 35.106834412378298 ], [ 74.429397582932197, 35.110359191823299 ], [ 74.430191039484995, 35.1139373784073 ], [ 74.430946349494505, 35.117328644501399 ], [ 74.431716918301206, 35.119548798138503 ], [ 74.434631347658595, 35.125778197805602 ], [ 74.435981749857902, 35.1285934454312 ], [ 74.439468383659104, 35.134109497455398 ], [ 74.442497252646106, 35.134658813253701 ], [ 74.322598574464706, 35.466890245888202 ], [ 74.205268859170602, 35.624874114648698 ], [ 74.173095411524102, 35.647310499080298 ], [ 73.888633727564496, 35.834291408222001 ], [ 73.486174105950298, 35.884598532896 ] ] ] } },
{ "type": "Feature", "properties": { "FID": 3, "pk_key": 3, "AEZ": "Rainfed plateau", "Shape__Area": 36975450069.558601, "Shape__Length": 794559.35639235703 }, "geometry": { "type": "Polygon", "coordinates": [ [ [ 72.684420475424602, 33.897643791327901 ], [ 72.669249608582604, 33.950903339017898 ], [ 72.598800515531394, 33.950650812984698 ], [ 72.434622937598505, 33.925787959646698 ], [ 72.352944142358396, 33.915658846878301 ], [ 72.3122772490958, 33.910615682667697 ], [ 72.273983216152502, 33.905821161217702 ], [ 72.2419270535907, 33.901845826823497 ], [ 72.193006906543502, 33.8917063592611 ], [ 72.010589090913896, 33.8448366538885 ], [ 71.854193089439605, 33.794971261814297 ], [ 71.677567715377805, 33.718669077815697 ], [ 71.523494051209497, 33.660936929995401 ], [ 71.431915283263805, 33.622671077308397 ], [ 71.261025707870203, 33.549706106551596 ], [ 71.175189642687897, 33.528247090031201 ], [ 71.157875622162294, 33.523918584675002 ], [ 71.248284640124098, 33.383818181763701 ], [ 71.464527053281003, 33.0526458267436 ], [ 71.567597312466006, 32.904762876105899 ], [ 71.737855451368006, 32.682993866373899 ], [ 71.990818047914601, 32.485559645161601 ], [ 72.230666729486003, 32.453958565635297 ], [ 72.472063961782496, 32.467050187316303 ], [ 72.712686919166103, 32.534918200914298 ], [ 73.030013007094695, 32.660047644583202 ], [ 73.217363387410401, 32.723931114729197 ], [ 73.414548772507899, 32.818237168510599 ], [ 73.542104207543204, 32.885151495145401 ], [ 73.624375539099901, 32.951106160620903 ], [ 73.750274201693102, 33.053046283159503 ], [ 73.708320818351098, 33.068240606119097 ], [ 73.695814749750994, 33.072769948973999 ], [ 73.656937123349607, 33.081109287663502 ], [ 73.643051322960204, 33.086105688027097 ], [ 73.639029266087803, 33.088453526509099 ], [ 73.628310959783093, 33.094710235888698 ], [ 73.626459048846101, 33.100002523097999 ], [ 73.624421232753704, 33.105826081208697 ], [ 73.625859358422701, 33.112584790355903 ], [ 73.626372643782503, 33.1149970616651 ], [ 73.62664767535, 33.128044673223101 ], [ 73.630087029093104, 33.133325208091897 ], [ 73.631790604952499, 33.135940755861299 ], [ 73.631791413442997, 33.135941997825 ], [ 73.637142635024603, 33.138399037385703 ], [ 73.637603084314904, 33.138610455408198 ], [ 73.637793728897506, 33.138708742314599 ], [ 73.643814207060103, 33.141812603968603 ], [ 73.661164091649496, 33.149274463345897 ], [ 73.665947502874999, 33.154896290931099 ], [ 73.6685801116828, 33.1579903328876 ], [ 73.669472098858293, 33.1809645910431 ], [ 73.669883235622905, 33.191553962445496 ], [ 73.668540736665705, 33.202853067115399 ], [ 73.667060891446994, 33.215308145054898 ], [ 73.662440007500393, 33.217278136077198 ], [ 73.660968160851994, 33.2179056191491 ], [ 73.660194933649294, 33.218235262947097 ], [ 73.657920962782299, 33.219976668788298 ], [ 73.654029651147496, 33.222956631743202 ], [ 73.649351555030293, 33.222579167394699 ], [ 73.649079090127898, 33.222557181668698 ], [ 73.649079012786302, 33.222557120514701 ], [ 73.641175216663001, 33.216120142031002 ], [ 73.641174579043593, 33.216121888514401 ], [ 73.640061994465597, 33.219168404897999 ], [ 73.642769742529694, 33.232337161430898 ], [ 73.642768781154402, 33.232337567025098 ], [ 73.635828995311996, 33.235265264080702 ], [ 73.628248750079806, 33.238463154351201 ], [ 73.6232359784577, 33.244039084136503 ], [ 73.623513051486199, 33.252526907190997 ], [ 73.623602686914495, 33.255272799100403 ], [ 73.617732751665201, 33.266831529051899 ], [ 73.611825457678805, 33.278463822647304 ], [ 73.612102591861202, 33.281881812096003 ], [ 73.612326407937402, 33.284642202875403 ], [ 73.614980399026294, 33.2896416960075 ], [ 73.6158756192645, 33.291328080426602 ], [ 73.6158752361533, 33.2913284158737 ], [ 73.615776705530607, 33.291414535852198 ], [ 73.607713086389893, 33.298462520928602 ], [ 73.606613180454005, 33.301742595744301 ], [ 73.6066129619187, 33.301743250450698 ], [ 73.6074057304901, 33.303250317248398 ], [ 73.609193017044205, 33.306647973025598 ], [ 73.609076215794801, 33.308191197066101 ], [ 73.608931081404407, 33.310108782794103 ], [ 73.607123542117805, 33.311503088996403 ], [ 73.598633782822901, 33.318051945840701 ], [ 73.600784879318795, 33.324410288504097 ], [ 73.600784919788296, 33.324410405415897 ], [ 73.607208168322401, 33.3333283112526 ], [ 73.607208862598995, 33.333329274426497 ], [ 73.601775336862403, 33.337492487088603 ], [ 73.598876071873306, 33.339713926756403 ], [ 73.595420375649894, 33.339578096751801 ], [ 73.584716681529699, 33.339157373214299 ], [ 73.5847152390171, 33.339157317456298 ], [ 73.579537153117201, 33.351234733196399 ], [ 73.574408422910395, 33.363197030318801 ], [ 73.570541412756, 33.3722164813056 ], [ 73.570541309334004, 33.372216722323898 ], [ 73.570562813922805, 33.373037011948597 ], [ 73.570832711260707, 33.383332566744599 ], [ 73.5752725005256, 33.393050335904299 ], [ 73.577786227052798, 33.3972809428613 ], [ 73.580550480420399, 33.401933188865598 ], [ 73.595824535473994, 33.417770402981802 ], [ 73.594436282608399, 33.429436309638 ], [ 73.597212787440199, 33.439154078797699 ], [ 73.597213417865007, 33.4391544349293 ], [ 73.602194313916499, 33.441969002667399 ], [ 73.608030681970405, 33.445266974890998 ], [ 73.613044088513902, 33.447097879463598 ], [ 73.622482916753299, 33.450544954785897 ], [ 73.62664767535, 33.459715936141599 ], [ 73.626647626786607, 33.459716087227697 ], [ 73.625891658473293, 33.462039456056097 ], [ 73.625609998902405, 33.4629051002902 ], [ 73.623032979888194, 33.470825231699102 ], [ 73.6147001882632, 33.479989665090997 ], [ 73.608322293439102, 33.491936758274797 ], [ 73.608322083897093, 33.491937151278499 ], [ 73.611373620296405, 33.512770764858899 ], [ 73.611373806456101, 33.512770965407697 ], [ 73.6136023948347, 33.515162092756398 ], [ 73.619139978427299, 33.521103556484 ], [ 73.6241983195968, 33.523237006482702 ], [ 73.631653898108993, 33.5263815363788 ], [ 73.630653920342198, 33.531366737485001 ], [ 73.629424181081205, 33.537497379900202 ], [ 73.626139580876995, 33.542920672251299 ], [ 73.623032979888194, 33.548050065258302 ], [ 73.623159420071303, 33.553218894436498 ], [ 73.6233047370241, 33.559159361715203 ], [ 73.6269223903561, 33.568886103411003 ], [ 73.626922706917497, 33.5688869532704 ], [ 73.619706411921399, 33.578879753997498 ], [ 73.610535430565704, 33.585824291857598 ], [ 73.606404916353895, 33.590523780148402 ], [ 73.602477670508193, 33.594991998781801 ], [ 73.598601252545805, 33.606942107392399 ], [ 73.598601040305795, 33.606942759400802 ], [ 73.589433333381706, 33.614715665495602 ], [ 73.568878375636601, 33.624161515641497 ], [ 73.568878025800302, 33.624161677519403 ], [ 73.571654530632102, 33.634436056878599 ], [ 73.297645568787999, 33.582057952712397 ], [ 73.163601147475006, 33.595466530556003 ], [ 73.031956625497898, 33.608635043372601 ], [ 72.836044310796396, 33.702171326045899 ], [ 72.684420475424602, 33.897643791327901 ] ] ] } },
{ "type": "Feature", "properties": { "FID": 4, "pk_key": 4, "AEZ": "Western dry mountains", "Shape__Area": 221981847233.61301, "Shape__Length": 3048002.9720655899 }, "geometry": { "type": "Polygon", "coordinates": [ [ [ 71.248284640124098, 33.383818181763701 ], [ 71.157875622162294, 33.523918584675002 ], [ 71.079397729921396, 33.504299111614799 ], [ 70.975490387171703, 33.478322276152198 ], [ 70.813351462599996, 33.457686412697797 ], [ 70.713749676306605, 33.4450098218459 ], [ 70.508982847180704, 33.447018494508001 ], [ 70.3959966802027, 33.427443290575503 ], [ 70.315399656069303, 33.395564906894997 ], [ 70.314957641082302, 33.387006198377399 ], [ 70.313220747139795, 33.380146702208599 ], [ 70.312599393846995, 33.377692795885899 ], [ 70.311729298868102, 33.3742565367099 ], [ 70.311729453551493, 33.374256224645102 ], [ 70.319180870001205, 33.359316518642501 ], [ 70.319302813573998, 33.359072027152401 ], [ 70.320991957113193, 33.355685381774997 ], [ 70.3226164402965, 33.351270776225398 ], [ 70.3258504140654, 33.342482308911499 ], [ 70.326590806120905, 33.340470262892403 ], [ 70.326076917316001, 33.338867526215402 ], [ 70.325909293579102, 33.338344732323598 ], [ 70.324733880564196, 33.334678803384101 ], [ 70.324159891865605, 33.332888620113799 ], [ 70.323532720858495, 33.330932573979197 ], [ 70.3081735377786, 33.3304250757567 ], [ 70.294263658041402, 33.328260410289801 ], [ 70.293399396964702, 33.328125913080498 ], [ 70.292379465939604, 33.327967190833199 ], [ 70.291426824888106, 33.327818940291898 ], [ 70.291426101833196, 33.327818827876698 ], [ 70.2904688868297, 33.326744078676299 ], [ 70.278102735652794, 33.312859521150003 ], [ 70.271080340785105, 33.304974867096497 ], [ 70.268110250587696, 33.302119289373799 ], [ 70.266127816545605, 33.300213287813001 ], [ 70.264343484264401, 33.298497750970398 ], [ 70.260702280385999, 33.294996934860698 ], [ 70.258845652504903, 33.293211890316499 ], [ 70.256523439305298, 33.290979210921897 ], [ 70.233460001677798, 33.2688049887592 ], [ 70.213454050364206, 33.254202257827998 ], [ 70.208268452427205, 33.250417189401801 ], [ 70.207466573723494, 33.250023484196497 ], [ 70.206939189691894, 33.2497645513929 ], [ 70.206316667280404, 33.249458906903101 ], [ 70.202566222753006, 33.247617523430002 ], [ 70.200778019789794, 33.246739555785901 ], [ 70.1996502933264, 33.246185868383201 ], [ 70.189942861873604, 33.241419739429503 ], [ 70.186999941993804, 33.240947533302098 ], [ 70.185156439718, 33.240651733690598 ], [ 70.172512902548505, 33.238623015140099 ], [ 70.1718958201361, 33.238524000682197 ], [ 70.170633932809807, 33.238321525518003 ], [ 70.169189665670601, 33.2380897855152 ], [ 70.168068057295002, 33.2379098167847 ], [ 70.163972057264701, 33.232697321024602 ], [ 70.161490967134498, 33.229231686393298 ], [ 70.155737492291493, 33.221195123356303 ], [ 70.151782240657994, 33.2199566417856 ], [ 70.145993551061594, 33.218144068993603 ], [ 70.143336267554801, 33.217312011739999 ], [ 70.131112376535, 33.213484426964797 ], [ 70.129809188743096, 33.2133228538667 ], [ 70.129003147077597, 33.2132229185029 ], [ 70.116281308635607, 33.211645626344598 ], [ 70.113995922673695, 33.211362276947597 ], [ 70.104149495602798, 33.210141487739499 ], [ 70.0938489225898, 33.208360332763199 ], [ 70.088896898373207, 33.211023880947401 ], [ 70.087066394898301, 33.212008455126202 ], [ 70.078935028029207, 33.216382076771502 ], [ 70.068586397044697, 33.2138743783999 ], [ 70.067314959817594, 33.213566281458803 ], [ 70.067314767362703, 33.213565977487903 ], [ 70.067251287816802, 33.213465102332599 ], [ 70.065091665747801, 33.2100332992974 ], [ 70.064435925977307, 33.208991278225 ], [ 70.058339444309993, 33.199303510448701 ], [ 70.0230774999267, 33.143269615400499 ], [ 70.0138116733701, 33.141799801219904 ], [ 70.011417613332199, 33.141420037304997 ], [ 70.007324391307705, 33.140770739378198 ], [ 70.006379176857607, 33.1406208017087 ], [ 70.000001071592195, 33.139772788683302 ], [ 69.987130266748494, 33.138060393172701 ], [ 69.981570483391096, 33.137090396105002 ], [ 69.976846064094602, 33.136266142268703 ], [ 69.975889877915606, 33.1358606658371 ], [ 69.974551082366602, 33.1352929409165 ], [ 69.967989118802805, 33.132510300909701 ], [ 69.966447889458607, 33.131856733901202 ], [ 69.965140866957498, 33.131302483522902 ], [ 69.945898504812206, 33.1287355252244 ], [ 69.942487175742599, 33.126497656741499 ], [ 69.940275368713301, 33.1250466878544 ], [ 69.939984340005395, 33.124855769877897 ], [ 69.937343336925494, 33.123123243043302 ], [ 69.933220292482602, 33.120418482527 ], [ 69.931591875664594, 33.119350222834498 ], [ 69.930524024264301, 33.1186497022221 ], [ 69.928794399541999, 33.117515049180199 ], [ 69.928794183704696, 33.117514907087298 ], [ 69.928055972505206, 33.116689389703701 ], [ 69.926618024002707, 33.115081376704197 ], [ 69.926437977930405, 33.114880037383898 ], [ 69.922362061559994, 33.110322070906903 ], [ 69.922313034119298, 33.110267243738299 ], [ 69.918417251055402, 33.1059107155072 ], [ 69.916696084456802, 33.103985990960801 ], [ 69.916695600621594, 33.103985906424498 ], [ 69.901274691673706, 33.101284791759802 ], [ 69.898431589346401, 33.101377854504399 ], [ 69.892372193921702, 33.101576193686498 ], [ 69.890862218716407, 33.101049478750497 ], [ 69.883436214409798, 33.0984591128978 ], [ 69.8755330810869, 33.095702313111303 ], [ 69.871415459555905, 33.095837989331798 ], [ 69.8671764331459, 33.095977664837399 ], [ 69.856454427929606, 33.096330956308599 ], [ 69.854282791817496, 33.0969914750765 ], [ 69.850193864955003, 33.098235152030703 ], [ 69.837895251964397, 33.101975864094896 ], [ 69.828810517391503, 33.104739052665202 ], [ 69.815374925712305, 33.113416729798303 ], [ 69.806427913317606, 33.119195357779603 ], [ 69.801696954151197, 33.122250955517202 ], [ 69.799103874144507, 33.123925753071099 ], [ 69.788078582460699, 33.127098395774397 ], [ 69.786531018291896, 33.127543722964496 ], [ 69.779047734365506, 33.123489027896397 ], [ 69.773460487511599, 33.1204616697703 ], [ 69.766807351578095, 33.114243999960699 ], [ 69.756106023574205, 33.114022522121701 ], [ 69.746399381726107, 33.1138216306638 ], [ 69.737303792336206, 33.109823894157401 ], [ 69.737303706900605, 33.109823856385901 ], [ 69.736255556948393, 33.108369774945203 ], [ 69.732701111567096, 33.103438753495702 ], [ 69.730506506769899, 33.100394213822 ], [ 69.728860947075106, 33.098897451456303 ], [ 69.724038105973904, 33.094510707802897 ], [ 69.721723159296403, 33.093027845358797 ], [ 69.720244800657099, 33.092809677924301 ], [ 69.712333056325505, 33.091642111494302 ], [ 69.707608508426006, 33.090944891393697 ], [ 69.704591363900406, 33.090499638847298 ], [ 69.704590181291906, 33.090499928428997 ], [ 69.697670110387307, 33.092187640247502 ], [ 69.689461373943303, 33.094189640839303 ], [ 69.687701156982897, 33.094808359118502 ], [ 69.683887158265804, 33.096148984787902 ], [ 69.679429282735299, 33.097715933843297 ], [ 69.675126012355605, 33.097852175737401 ], [ 69.671540995420699, 33.097965679172802 ], [ 69.668722051581497, 33.098054927892598 ], [ 69.666709090052507, 33.098118659248797 ], [ 69.662824755358201, 33.097161283266601 ], [ 69.655183706063198, 33.095277986889599 ], [ 69.655111941063296, 33.0952602990236 ], [ 69.644190034542504, 33.095904861120502 ], [ 69.633370603970306, 33.096543375276603 ], [ 69.6169971996611, 33.097509660842199 ], [ 69.581848668781106, 33.097565734471097 ], [ 69.580054614828697, 33.097568596113902 ], [ 69.577690187452205, 33.094806440864602 ], [ 69.573528988372203, 33.089945275154399 ], [ 69.566643570144706, 33.081901639848901 ], [ 69.560265101553199, 33.075801104037801 ], [ 69.552869166978596, 33.0687274370217 ], [ 69.552556872901405, 33.068428751485698 ], [ 69.552235992097394, 33.068121850643003 ], [ 69.542748596870297, 33.059047855773997 ], [ 69.535153569481693, 33.052653440404001 ], [ 69.512072731771198, 33.033221185509397 ], [ 69.511902393880405, 33.033077773320599 ], [ 69.510963618576199, 33.032287398744501 ], [ 69.507102802952005, 33.029036893637802 ], [ 69.507102588014106, 33.029036712874102 ], [ 69.506497766958404, 33.026886858341904 ], [ 69.504004547671798, 33.0180246268351 ], [ 69.499627632709107, 33.002466734052597 ], [ 69.497536996735107, 32.991001389702397 ], [ 69.495883944788304, 32.981935816984397 ], [ 69.493020334321002, 32.966231373379202 ], [ 69.4920741495025, 32.943626661940897 ], [ 69.4920348068609, 32.942686737303099 ], [ 69.498637450358103, 32.926533606640703 ], [ 69.506799938266596, 32.906564372847598 ], [ 69.506862656986101, 32.906410934117403 ], [ 69.507994249635004, 32.9036425330765 ], [ 69.509626431014993, 32.899649461353597 ], [ 69.512196989299696, 32.893360682149797 ], [ 69.515091341292404, 32.886279754007496 ], [ 69.515091589505303, 32.886279146965101 ], [ 69.531089237278493, 32.874010789866098 ], [ 69.532434953110695, 32.871075489042703 ], [ 69.534576127386401, 32.866405114504502 ], [ 69.534576240701, 32.8664048680902 ], [ 69.534060671962493, 32.865736677205902 ], [ 69.530539175942295, 32.861172726640099 ], [ 69.512465696834496, 32.854215091953002 ], [ 69.506809769655206, 32.851269000164301 ], [ 69.500786692451896, 32.848131663945203 ], [ 69.474236358421294, 32.851062056268901 ], [ 69.463906317322795, 32.847083925882501 ], [ 69.462464999060501, 32.843571287285201 ], [ 69.4604882730155, 32.838753805243996 ], [ 69.45825836713, 32.833319297447602 ], [ 69.458258355438801, 32.833319268669399 ], [ 69.440980502048603, 32.814545115164997 ], [ 69.430179147849501, 32.806424764990901 ], [ 69.421526033000106, 32.799919438930999 ], [ 69.416156292578904, 32.795882521661099 ], [ 69.412170983803904, 32.792886406882197 ], [ 69.395210725994303, 32.7815904831144 ], [ 69.395210381553895, 32.781589586490298 ], [ 69.394702969666398, 32.780263991190303 ], [ 69.392372010559896, 32.774174463081103 ], [ 69.393118523401199, 32.761293834942599 ], [ 69.394866652573995, 32.759110155109603 ], [ 69.397312170920003, 32.756055330788897 ], [ 69.397794359522194, 32.755752240373603 ], [ 69.397606524421604, 32.755687638473802 ], [ 69.402777357289295, 32.749228478211798 ], [ 69.405910475688003, 32.746959381670202 ], [ 69.410961609690602, 32.743301201289498 ], [ 69.415101376127694, 32.740303060338 ], [ 69.426242925870397, 32.734805659353803 ], [ 69.431259458457305, 32.7323304301053 ], [ 69.434570960981105, 32.730808074832801 ], [ 69.441216243135202, 32.727753123707799 ], [ 69.441576394635007, 32.7249272218139 ], [ 69.4421755778407, 32.720225781994301 ], [ 69.440466455862307, 32.7095650493875 ], [ 69.440039789604697, 32.707104160728498 ], [ 69.439525991631299, 32.704140717420202 ], [ 69.438803171429299, 32.699971698734899 ], [ 69.437277404129006, 32.693583771074202 ], [ 69.437043476975006, 32.687952300958003 ], [ 69.436977111504603, 32.686354657141798 ], [ 69.436966355612896, 32.686095718942298 ], [ 69.442948284335898, 32.677350382214399 ], [ 69.445185284972993, 32.674285767873897 ], [ 69.447744959662202, 32.670779100774901 ], [ 69.451231963084695, 32.663176452531303 ], [ 69.444418391695507, 32.651595673901298 ], [ 69.441866867561899, 32.6481054257248 ], [ 69.438327905808293, 32.643264454291199 ], [ 69.433685626990197, 32.636914245995698 ], [ 69.424169338344399, 32.625419145777002 ], [ 69.421789337408001, 32.622544247918803 ], [ 69.4163652095868, 32.615992229957499 ], [ 69.416329212423193, 32.6159340168414 ], [ 69.413554883950795, 32.611447512292898 ], [ 69.410397514433797, 32.6063415745041 ], [ 69.410375046671106, 32.6063052391955 ], [ 69.410133701009599, 32.605914946917302 ], [ 69.405870139295502, 32.5990201298752 ], [ 69.4000990773106, 32.5896874594088 ], [ 69.385237570957202, 32.566552095802599 ], [ 69.368242978830395, 32.559747442090803 ], [ 69.342797635502507, 32.549559097274603 ], [ 69.332913176102196, 32.5454102548794 ], [ 69.326073119678796, 32.542539252884197 ], [ 69.300711312577107, 32.5411149839694 ], [ 69.285208065299997, 32.532981918280903 ], [ 69.270225413971701, 32.5055508305065 ], [ 69.248112517478802, 32.472477116525702 ], [ 69.240698850071894, 32.4613886762465 ], [ 69.238776904430694, 32.444303999929701 ], [ 69.250243086948998, 32.4139981797722 ], [ 69.255514546759002, 32.403986727105803 ], [ 69.271417215332306, 32.373784688712497 ], [ 69.280059043690002, 32.357822688266502 ], [ 69.280837034601504, 32.3563856912467 ], [ 69.279592845933195, 32.292162629901497 ], [ 69.277074367388195, 32.286903505192598 ], [ 69.269979849590499, 32.272088626888703 ], [ 69.271049870155395, 32.2549872042961 ], [ 69.271123755756804, 32.254887605278803 ], [ 69.271054795742302, 32.254908473147601 ], [ 69.272906415298905, 32.225315264088202 ], [ 69.2738728519506, 32.209869364779401 ], [ 69.275765327707703, 32.193753846462897 ], [ 69.274755890871702, 32.183449367694202 ], [ 69.273673126913295, 32.172396363401504 ], [ 69.2728414851465, 32.151006137823003 ], [ 69.289457952822303, 32.092719167655503 ], [ 69.288607385722301, 32.087305634747302 ], [ 69.2886484856392, 32.087242683103398 ], [ 69.288594971480805, 32.087226629305597 ], [ 69.286108465633205, 32.071400975075001 ], [ 69.288035720871903, 32.060261923648902 ], [ 69.296782167363205, 32.009709637489799 ], [ 69.298461950758494, 32.000000910113897 ], [ 69.300347878551804, 31.991933327660998 ], [ 69.306175347814104, 31.989032695702399 ], [ 69.311996478654606, 31.986135219464899 ], [ 69.311997414848904, 31.986134752716701 ], [ 69.312533089730394, 31.9786862105003 ], [ 69.312721008467804, 31.976073195221801 ], [ 69.315268321975495, 31.968784868127202 ], [ 69.319365309461503, 31.956539517484799 ], [ 69.320920657262604, 31.9518907905276 ], [ 69.323502887848093, 31.944172849197699 ], [ 69.323296613947605, 31.940738233083 ], [ 69.323196672288603, 31.940515295644399 ], [ 69.318397644335803, 31.9298101976825 ], [ 69.317619239736203, 31.928073826246099 ], [ 69.317619183978195, 31.9280737012404 ], [ 69.3157943399369, 31.9268241337268 ], [ 69.312851976737406, 31.9248093429769 ], [ 69.308511416868399, 31.922995893345799 ], [ 69.299270673302999, 31.919135187439 ], [ 69.289209983653905, 31.915587855695001 ], [ 69.277680723586599, 31.911522715900698 ], [ 69.274754567968998, 31.9088324344693 ], [ 69.271872327146198, 31.906182527201899 ], [ 69.267249182303999, 31.895132166016701 ], [ 69.262580513779795, 31.886600221323199 ], [ 69.262580200815606, 31.8865996502537 ], [ 69.231125143310706, 31.8625933552992 ], [ 69.222658740308702, 31.859072565246699 ], [ 69.210638593396396, 31.8540739363631 ], [ 69.205900088018694, 31.853104305319501 ], [ 69.203422298400397, 31.852597281039699 ], [ 69.201387295387406, 31.851127173680201 ], [ 69.197607353096899, 31.848396506393701 ], [ 69.192335922065197, 31.830008706136901 ], [ 69.191400854665702, 31.829051286987301 ], [ 69.185761365294795, 31.823276990141 ], [ 69.182572246112301, 31.814151297744299 ], [ 69.180938498113306, 31.809476316878499 ], [ 69.178056666481993, 31.805105236717299 ], [ 69.1746913593188, 31.8000008367692 ], [ 69.157017085670006, 31.7846111630748 ], [ 69.156251172653498, 31.783944252824998 ], [ 69.156251151069796, 31.783944179080699 ], [ 69.148972667954297, 31.758883670944702 ], [ 69.138700171775596, 31.7506764669454 ], [ 69.135260398048999, 31.747928261979801 ], [ 69.132277618417405, 31.7362066944834 ], [ 69.127425283150302, 31.724462205966098 ], [ 69.120009263117097, 31.7202319650332 ], [ 69.120906660613997, 31.711077342345501 ], [ 69.121017710698794, 31.709944487947801 ], [ 69.118622936599294, 31.7047392344282 ], [ 69.117943255077193, 31.7032618839288 ], [ 69.113955233047605, 31.7018734395077 ], [ 69.109695592377804, 31.7003904277761 ], [ 69.099714384811094, 31.695243134662999 ], [ 69.096451531113303, 31.6935604860277 ], [ 69.096451536509306, 31.693560023776101 ], [ 69.096455964770996, 31.6932500778289 ], [ 69.096464627041001, 31.692643715335201 ], [ 69.091690869138304, 31.689069275326801 ], [ 69.081177476059693, 31.681197178506999 ], [ 69.072828247525607, 31.673277211674002 ], [ 69.066466580967997, 31.667242618652001 ], [ 69.047228281060399, 31.660005017817301 ], [ 69.046814946352796, 31.659849517841 ], [ 69.031495053753801, 31.650229974433799 ], [ 69.026680331731995, 31.644890087907299 ], [ 69.024170710609795, 31.6421067311408 ], [ 69.024170510060998, 31.642105755376299 ], [ 69.022123999323199, 31.632136173345799 ], [ 69.021011126062703, 31.6267148064432 ], [ 69.010887357965302, 31.624730652897401 ], [ 69.006299137395303, 31.6263439107429 ], [ 69.0009142029282, 31.628237301110602 ], [ 68.994906005008204, 31.627225837202701 ], [ 68.993445795586993, 31.626980014716001 ], [ 68.985938098664406, 31.628011382419398 ], [ 68.980004435656198, 31.6342972136455 ], [ 68.978271326960197, 31.636133184099201 ], [ 68.978269966285893, 31.636134624813099 ], [ 68.973756045904807, 31.6358422318336 ], [ 68.968918905583095, 31.635528901737501 ], [ 68.961584740043705, 31.640453270002499 ], [ 68.956754964270303, 31.642513720231999 ], [ 68.949159223719306, 31.645754169119598 ], [ 68.949158408034194, 31.645753564775202 ], [ 68.944421483664598, 31.642244247374201 ], [ 68.933655975542905, 31.620549523042101 ], [ 68.928459851041296, 31.613369244994701 ], [ 68.916879072411305, 31.604712309825299 ], [ 68.916878671313697, 31.604712224389701 ], [ 68.912030070931095, 31.603677218029201 ], [ 68.900635861156104, 31.601244952092902 ], [ 68.878325904317094, 31.6015995637689 ], [ 68.872003147827101, 31.601700063007598 ], [ 68.872002203538898, 31.6016998201906 ], [ 68.858703424823304, 31.5982752701876 ], [ 68.848298076295194, 31.5974174347668 ], [ 68.841834843903001, 31.599142928003801 ], [ 68.831711327615693, 31.605718393089401 ], [ 68.831521174062999, 31.605841902381901 ], [ 68.831521143486, 31.605841899683998 ], [ 68.821908177720303, 31.604997163788099 ], [ 68.821907167781603, 31.604997645824799 ], [ 68.8213963465642, 31.605241377387699 ], [ 68.812170763769799, 31.609643226953398 ], [ 68.804938097515205, 31.609980467324799 ], [ 68.802339461496999, 31.613061264965399 ], [ 68.799844782610705, 31.616018817714298 ], [ 68.797508980654996, 31.6187880137559 ], [ 68.782676940588402, 31.635253870170001 ], [ 68.777939200533794, 31.655095407427101 ], [ 68.777938901958805, 31.655095804927502 ], [ 68.773513393028693, 31.660974661451501 ], [ 68.773512508995196, 31.660975836865401 ], [ 68.751899640056394, 31.6695378198146 ], [ 68.746030131085703, 31.675960776069001 ], [ 68.742836706848607, 31.679455314011602 ], [ 68.726744375752403, 31.690156356930402 ], [ 68.716987102073205, 31.696644728071799 ], [ 68.716987048113793, 31.696644764044699 ], [ 68.7164746108147, 31.6975517609051 ], [ 68.713912994489107, 31.702085738865801 ], [ 68.713912591592901, 31.702086452927499 ], [ 68.715719939323805, 31.7160835767957 ], [ 68.7119553403667, 31.736433017869601 ], [ 68.709259979564493, 31.7510027185007 ], [ 68.701843959531203, 31.769878371289799 ], [ 68.698052459153701, 31.7714139618849 ], [ 68.695486796778297, 31.771776172832201 ], [ 68.682189051383702, 31.773653502207399 ], [ 68.680160058539897, 31.773504433283001 ], [ 68.678178179379501, 31.773358825849201 ], [ 68.651725151994199, 31.774925433162199 ], [ 68.639533020532596, 31.775647478148599 ], [ 68.632742072488696, 31.7780806479036 ], [ 68.632232514818796, 31.7782632201715 ], [ 68.632231597510298, 31.778263549323398 ], [ 68.582123531475901, 31.820857370471298 ], [ 68.581779840267501, 31.821125995268499 ], [ 68.576112134667298, 31.825555819145801 ], [ 68.570143302771299, 31.8279656173194 ], [ 68.554793942986095, 31.820356420212601 ], [ 68.552669764997702, 31.819159580850101 ], [ 68.538406666634401, 31.811123230052999 ], [ 68.528645092397099, 31.8056393422819 ], [ 68.525344847586695, 31.803785318837502 ], [ 68.520706443947304, 31.8011795422021 ], [ 68.477821220872698, 31.780679893662199 ], [ 68.4659359434891, 31.7740431298866 ], [ 68.460583256012498, 31.772768394845599 ], [ 68.451293806064399, 31.770556127363399 ], [ 68.436965989788604, 31.7652454049515 ], [ 68.436822363561305, 31.765171094870201 ], [ 68.4331057308449, 31.763248155477999 ], [ 68.433107402684499, 31.763247537643799 ], [ 68.447610352935499, 31.757894869053001 ], [ 68.456036012152296, 31.753069239154101 ], [ 68.457671910430406, 31.7521323101581 ], [ 68.463676758375797, 31.748124713484799 ], [ 68.467907845570707, 31.748706397682099 ], [ 68.479157086430504, 31.7502529303285 ], [ 68.489883461452607, 31.752247087932801 ], [ 68.498353610131105, 31.753821788244998 ], [ 68.512735773337297, 31.754091423880102 ], [ 68.538521262746102, 31.754574849050101 ], [ 68.564017310750302, 31.752528485801001 ], [ 68.5761023122719, 31.751605167144799 ], [ 68.5820220312918, 31.750338059254101 ], [ 68.582021980929696, 31.750337952234801 ], [ 68.574645301739295, 31.734861004731599 ], [ 68.563513086959503, 31.719773578787699 ], [ 68.555619035889805, 31.714364632421901 ], [ 68.537146106707496, 31.714020843187399 ], [ 68.510382950812598, 31.7339016700261 ], [ 68.505305204971293, 31.7362564404824 ], [ 68.500900922739405, 31.7382988952779 ], [ 68.491897852903705, 31.740091654206498 ], [ 68.490394075826003, 31.740391096971599 ], [ 68.4791701841567, 31.739264778846501 ], [ 68.465229088951304, 31.7401296406704 ], [ 68.456633995662401, 31.740662854107502 ], [ 68.455144179660195, 31.741370215862801 ], [ 68.453386007758098, 31.742204992666299 ], [ 68.445334796563699, 31.742509492319201 ], [ 68.4361048808356, 31.747139184226 ], [ 68.423027802091397, 31.755357377940701 ], [ 68.421949514058895, 31.757068150175002 ], [ 68.421760693301394, 31.757367726039799 ], [ 68.419517879446602, 31.756205390965999 ], [ 68.409584014890399, 31.757154904175501 ], [ 68.372038980514603, 31.758480947337901 ], [ 68.320892998812894, 31.757462677360699 ], [ 68.286605775636104, 31.756997743151398 ], [ 68.278220597602598, 31.759803716068699 ], [ 68.274141156789, 31.7634249711856 ], [ 68.253762465265595, 31.781514810760001 ], [ 68.250969588276007, 31.7853488769492 ], [ 68.259354766309499, 31.801549524191199 ], [ 68.259353599888797, 31.801549839853301 ], [ 68.241255093547807, 31.806441150838499 ], [ 68.186134435755704, 31.8134065907416 ], [ 68.179012556984006, 31.814306562098199 ], [ 68.177490418448102, 31.8144989099968 ], [ 68.1719210366266, 31.821708657028999 ], [ 68.171203990971406, 31.827873940429999 ], [ 68.171203641135193, 31.827874896409401 ], [ 68.168876067076894, 31.8342356240748 ], [ 68.1688760490904, 31.834235672638201 ], [ 68.164953579544104, 31.830719202928901 ], [ 68.1540832986054, 31.8174391247159 ], [ 68.151083868026106, 31.812424229794399 ], [ 68.1443720774095, 31.801202461424499 ], [ 68.140706871524998, 31.7983497093716 ], [ 68.140443060798603, 31.798144376162099 ], [ 68.140442969067806, 31.798144223277301 ], [ 68.133966216267893, 31.7873942608365 ], [ 68.116682328426705, 31.758706866029101 ], [ 68.108726314068207, 31.753000423930501 ], [ 68.101211823666802, 31.747610666399201 ], [ 68.100370683260493, 31.746701885283802 ], [ 68.0908293952604, 31.736393321794399 ], [ 68.086142341895595, 31.731036688992099 ], [ 68.084091130401404, 31.728692447798299 ], [ 68.069880165737104, 31.7174987076992 ], [ 68.067344672918395, 31.715501542761999 ], [ 68.067343694456, 31.715500772942399 ], [ 68.067504129911697, 31.7102358898745 ], [ 68.064086155751596, 31.699399209406099 ], [ 68.064085885055604, 31.6993983514528 ], [ 68.0593952532884, 31.694825723328499 ], [ 68.057838748059893, 31.693308373682498 ], [ 68.046814579629199, 31.685967660179401 ], [ 68.035585340591098, 31.6810190192124 ], [ 68.031494687030303, 31.679216299392699 ], [ 68.022552898797301, 31.673748416856 ], [ 68.005265613317505, 31.661431225670601 ], [ 67.987715612485601, 31.648926850493801 ], [ 67.972387572028893, 31.640936433469701 ], [ 67.969802568833501, 31.639588885718499 ], [ 67.955431839607698, 31.635125250929701 ], [ 67.9499217419948, 31.6334137808214 ], [ 67.924530467707001, 31.632375865154099 ], [ 67.916839417005505, 31.630139600162501 ], [ 67.910980299701095, 31.628170628072098 ], [ 67.904397528523205, 31.625958471206499 ], [ 67.894499680016295, 31.625729278083799 ], [ 67.886618725773602, 31.629438924866498 ], [ 67.873770838353593, 31.629599360322299 ], [ 67.871762046981004, 31.6292812251485 ], [ 67.868705680322904, 31.628797184842199 ], [ 67.848785255435203, 31.619224866634301 ], [ 67.843147423514793, 31.6165157318156 ], [ 67.817391209736599, 31.597375932853101 ], [ 67.815451351398806, 31.595934396954899 ], [ 67.815451126568306, 31.5959342314796 ], [ 67.803595317270194, 31.582143379713301 ], [ 67.7900074667712, 31.572196418330101 ], [ 67.778190947054597, 31.5655007183835 ], [ 67.7774360435386, 31.564912003286398 ], [ 67.766976876881401, 31.5567553807563 ], [ 67.742066908061403, 31.5337084205072 ], [ 67.726052889029702, 31.524841937905101 ], [ 67.717138879056094, 31.521947193808 ], [ 67.713096953461701, 31.520634616194599 ], [ 67.699767763271694, 31.5193904275263 ], [ 67.677794734739294, 31.5209129212943 ], [ 67.672068275530506, 31.5209339573363 ], [ 67.661751247622007, 31.520971855666598 ], [ 67.657342824911495, 31.519719834802601 ], [ 67.653808084575502, 31.5187159458842 ], [ 67.648468004694706, 31.5183525190536 ], [ 67.648467894977401, 31.518352510959701 ], [ 67.646031485864498, 31.520322486693399 ], [ 67.636376344592705, 31.528129216290299 ], [ 67.636375674597801, 31.528129377269 ], [ 67.629595186568693, 31.5297601916795 ], [ 67.627745603976507, 31.530205046725602 ], [ 67.621567223748499, 31.531170930294198 ], [ 67.612712888289195, 31.531319509987402 ], [ 67.610055203684695, 31.5313641073677 ], [ 67.594467239371696, 31.533211050449701 ], [ 67.584549333285196, 31.534386175681501 ], [ 67.569563406625903, 31.5346939488667 ], [ 67.565920891535995, 31.533856099079699 ], [ 67.559485477872599, 31.532375829381099 ], [ 67.555939070631695, 31.530066540338598 ], [ 67.553994676113504, 31.528800423500801 ], [ 67.5539947345694, 31.528800040389601 ], [ 67.555039139744594, 31.5219541113932 ], [ 67.575676302719302, 31.505069159214401 ], [ 67.590996195318198, 31.479569836778602 ], [ 67.595046357803199, 31.470510178002399 ], [ 67.595046572741197, 31.470509524195201 ], [ 67.598631586078895, 31.459603881014299 ], [ 67.598944315427801, 31.4556872058 ], [ 67.599106341784307, 31.453657969239899 ], [ 67.594696081758798, 31.434301280779501 ], [ 67.5946960206049, 31.434301010982999 ], [ 67.595068777901801, 31.433348918517801 ], [ 67.597626412928705, 31.426816233282601 ], [ 67.605392769261002, 31.4185358289654 ], [ 67.612205340604007, 31.417188119336299 ], [ 67.622870347688405, 31.415078294527699 ], [ 67.625539852082596, 31.4141411847679 ], [ 67.627739055113395, 31.413369170750698 ], [ 67.629393607129302, 31.4098959584318 ], [ 67.633779919107994, 31.4006882676494 ], [ 67.642850858080706, 31.3972787273315 ], [ 67.644066014834806, 31.396821979650699 ], [ 67.644067395294101, 31.396821459842599 ], [ 67.654241627948807, 31.397075400509401 ], [ 67.660071592829794, 31.397220910816401 ], [ 67.673755599741199, 31.400571561728299 ], [ 67.689208529949795, 31.4043553513185 ], [ 67.693577705346897, 31.4052441342095 ], [ 67.726341016524799, 31.411908886685801 ], [ 67.740936480933897, 31.414783452694198 ], [ 67.740937315504794, 31.414783617270199 ], [ 67.750321117825393, 31.4136376543543 ], [ 67.753141744296101, 31.411911393995702 ], [ 67.753958731610197, 31.411411387125799 ], [ 67.760405595441895, 31.407465822989401 ], [ 67.764013742939895, 31.4034287582306 ], [ 67.771338086083901, 31.399938481275999 ], [ 67.774892783275405, 31.3954667112198 ], [ 67.778305544065702, 31.391173497958601 ], [ 67.785790320866695, 31.374625787050501 ], [ 67.787048303336604, 31.3690425358844 ], [ 67.789847031315503, 31.356621066509 ], [ 67.785453080495301, 31.343917244185501 ], [ 67.778039057856304, 31.336718769255899 ], [ 67.774078575765699, 31.332873430964099 ], [ 67.762772828703106, 31.327562709451499 ], [ 67.762771856536006, 31.327562450446798 ], [ 67.761976341435101, 31.327349971224201 ], [ 67.756165532113698, 31.325797925733799 ], [ 67.737853036588405, 31.324570108323901 ], [ 67.731409755655804, 31.323275755471801 ], [ 67.731186804727301, 31.323230968334599 ], [ 67.717736468663105, 31.323427418940302 ], [ 67.717735718628504, 31.323427194109801 ], [ 67.717064402600201, 31.3232261506664 ], [ 67.707098654379493, 31.320241640739201 ], [ 67.695144619328801, 31.315147015522399 ], [ 67.691719826508901, 31.313686729658901 ], [ 67.691719738375298, 31.313686662209701 ], [ 67.690433033357905, 31.312687427282999 ], [ 67.682882811992201, 31.306824047192102 ], [ 67.658316631507404, 31.291549992138499 ], [ 67.6204212608326, 31.276393808527502 ], [ 67.612189969391594, 31.275270763934699 ], [ 67.602943682405098, 31.272746371447901 ], [ 67.590629487760694, 31.274039672093199 ], [ 67.574661306274294, 31.2729460964852 ], [ 67.571000772367796, 31.270791685088199 ], [ 67.539244490540895, 31.263562293265299 ], [ 67.535228755902395, 31.261940329982298 ], [ 67.531356988334394, 31.260376515064198 ], [ 67.518112811956797, 31.253811309444401 ], [ 67.510392407383705, 31.249984264262402 ], [ 67.490668740669904, 31.242136051637502 ], [ 67.487886266138304, 31.2416541463218 ], [ 67.471941824056003, 31.2388926754567 ], [ 67.464164245983198, 31.237545651110999 ], [ 67.449387772327896, 31.2341247703419 ], [ 67.445037708423598, 31.233117692427601 ], [ 67.444067322848795, 31.232893039082501 ], [ 67.430656276366093, 31.227726381767202 ], [ 67.420133373856203, 31.2242632742308 ], [ 67.406410966792706, 31.2197472026713 ], [ 67.399289179751904, 31.218324020137501 ], [ 67.390534463094994, 31.216574521297201 ], [ 67.366181104474407, 31.2191283818694 ], [ 67.365091380662804, 31.219158885973901 ], [ 67.347710529717205, 31.219645408408901 ], [ 67.345360587721004, 31.219711187521298 ], [ 67.327185608429104, 31.213716161072 ], [ 67.323927505849795, 31.2141026582112 ], [ 67.314599656648895, 31.215209187654001 ], [ 67.309926709150403, 31.213651538487699 ], [ 67.304855693835194, 31.211961199749599 ], [ 67.297194974568498, 31.212276796137299 ], [ 67.294974645563499, 31.212368266182601 ], [ 67.291503583523607, 31.212511262884501 ], [ 67.271498337278501, 31.205772998025498 ], [ 67.266912561965199, 31.206319191377599 ], [ 67.262124357353301, 31.206889493755199 ], [ 67.261996718373894, 31.206950607184801 ], [ 67.261991661485993, 31.206953028159798 ], [ 67.250839436790599, 31.212292645788999 ], [ 67.245835306754003, 31.214688593503901 ], [ 67.226989121151107, 31.219436155054598 ], [ 67.195754209589197, 31.220621379672998 ], [ 67.1957534343736, 31.220621409350599 ], [ 67.194331632299097, 31.221105832768 ], [ 67.183327918049002, 31.224854924715 ], [ 67.1750170788752, 31.235128658360999 ], [ 67.171003900109994, 31.2400896892878 ], [ 67.166344741016999, 31.243393338032099 ], [ 67.1176216525173, 31.241317506697602 ], [ 67.109969891397398, 31.2392645963841 ], [ 67.093720131279099, 31.2319206084494 ], [ 67.080931841931005, 31.230720592681301 ], [ 67.069016435460199, 31.229602488064401 ], [ 67.060150020307205, 31.2304498131085 ], [ 67.056168548939397, 31.230830305474299 ], [ 67.049643106844002, 31.233849100255799 ], [ 67.040252755660205, 31.235407610073199 ], [ 67.031992627457797, 31.239664685876601 ], [ 67.0309904049832, 31.240181207896502 ], [ 67.030990096515794, 31.2401813661772 ], [ 67.028884833967993, 31.242747560951202 ], [ 67.025666279075594, 31.2466707931226 ], [ 67.023940244446806, 31.2504707444294 ], [ 67.021864954504096, 31.2550395998977 ], [ 67.023836307099899, 31.259227083463198 ], [ 67.024818266050204, 31.2613129314467 ], [ 67.040236384401695, 31.2693281256925 ], [ 67.047737532461198, 31.275277312797801 ], [ 67.051316212773003, 31.285921675045302 ], [ 67.050019636796804, 31.291615476273201 ], [ 67.047682289805905, 31.2967529577828 ], [ 67.044463351802307, 31.3038281707335 ], [ 67.034637534494706, 31.309269860515698 ], [ 67.022909508966706, 31.3107962258652 ], [ 67.018813418104799, 31.311329319692401 ], [ 67.013069236855898, 31.3115964776953 ], [ 67.004349649516797, 31.312002019777399 ], [ 66.985655786585298, 31.3128714591506 ], [ 66.969124446935695, 31.312609525309401 ], [ 66.961688390007197, 31.311342767254999 ], [ 66.957727022983804, 31.310667934877401 ], [ 66.951820399891602, 31.309833018678901 ], [ 66.934182386907693, 31.305609325709799 ], [ 66.902275492919699, 31.296169861649801 ], [ 66.866812838741595, 31.282719526485 ], [ 66.856581022496201, 31.2785089294436 ], [ 66.834974701521304, 31.264279338920399 ], [ 66.822264332133301, 31.248314431865602 ], [ 66.813782455396094, 31.235285491132601 ], [ 66.808021643883805, 31.226436354654101 ], [ 66.805778830029098, 31.224003638157399 ], [ 66.801987328752304, 31.219072721029299 ], [ 66.792908024286007, 31.213061325120101 ], [ 66.781598530647699, 31.210843428781299 ], [ 66.776245717266093, 31.209793692424999 ], [ 66.757857917009304, 31.209679096313302 ], [ 66.738392080530204, 31.211734894349899 ], [ 66.731071841892103, 31.212507988452899 ], [ 66.720152448077002, 31.2059727230628 ], [ 66.718161745668098, 31.202701815936098 ], [ 66.716105685029405, 31.194441238972001 ], [ 66.713158797340697, 31.182601619269299 ], [ 66.709298537497503, 31.1607038963677 ], [ 66.703598188305804, 31.1506652571959 ], [ 66.696938504408493, 31.132117022382701 ], [ 66.688593495493507, 31.119020523678302 ], [ 66.6862024643723, 31.115268086253302 ], [ 66.688147328336598, 31.101117075792398 ], [ 66.685135112995098, 31.0950322493389 ], [ 66.684228134121199, 31.093200106399799 ], [ 66.683167300130805, 31.074592936315 ], [ 66.670572512511498, 31.068481659900701 ], [ 66.666992844744101, 31.0667447236901 ], [ 66.666992211621306, 31.066743863038901 ], [ 66.666921202051896, 31.0666472758511 ], [ 66.664229436739205, 31.062985964031 ], [ 66.659819114660493, 31.060324055311 ], [ 66.638792324006602, 31.0417659972031 ], [ 66.618155161031893, 31.020467449413299 ], [ 66.597222938587805, 31.003089184918 ], [ 66.579644243986706, 30.988495072189899 ], [ 66.562771082819296, 30.977752902374601 ], [ 66.5625610209744, 30.977619166891099 ], [ 66.562559567669993, 30.977618242388001 ], [ 66.533890838291597, 30.970257883194801 ], [ 66.518548025570993, 30.968375228933699 ], [ 66.508331752308493, 30.966346466316399 ], [ 66.507468285333204, 30.9661749970785 ], [ 66.507468198098906, 30.966174979991401 ], [ 66.507340965613096, 30.9661632591271 ], [ 66.484152755145601, 30.964027117457501 ], [ 66.482391245859404, 30.961905447678301 ], [ 66.446211545126701, 30.955880954942199 ], [ 66.400968912085702, 30.944725820040599 ], [ 66.395690308061305, 30.942411837436399 ], [ 66.391326448556796, 30.9404988517406 ], [ 66.389871927347599, 30.938485362309699 ], [ 66.386572338142997, 30.933917747905799 ], [ 66.383933347745895, 30.921904778482801 ], [ 66.381323825434293, 30.914937321400298 ], [ 66.377658170787996, 30.902198213277 ], [ 66.371926925387399, 30.8822806392402 ], [ 66.363493229828705, 30.850713822085201 ], [ 66.361724578126797, 30.8440938657393 ], [ 66.357655174646695, 30.829825413711902 ], [ 66.341378817078805, 30.772756010481501 ], [ 66.333039477489905, 30.740590456184599 ], [ 66.331101162388805, 30.736622149093002 ], [ 66.327419173356205, 30.723471218022301 ], [ 66.322218309427498, 30.704895335351502 ], [ 66.317631411760303, 30.692555036086102 ], [ 66.316085768543402, 30.688396736420302 ], [ 66.298791544794, 30.6267799238544 ], [ 66.2929471314051, 30.609836037303399 ], [ 66.290970526768405, 30.602199643798599 ], [ 66.289352080734005, 30.595946960683801 ], [ 66.281058580489201, 30.569275483476801 ], [ 66.281081499711505, 30.563080731990201 ], [ 66.281989998439698, 30.5596203125274 ], [ 66.282692396836694, 30.556944916674599 ], [ 66.292328311502402, 30.537781135491102 ], [ 66.297784218666806, 30.5098761436691 ], [ 66.297897615082903, 30.5092961636871 ], [ 66.297897693323904, 30.509295760790799 ], [ 66.305366099765806, 30.50244289982 ], [ 66.308386294791703, 30.501339160074199 ], [ 66.309953227659406, 30.5007665194594 ], [ 66.325633051424205, 30.493426547896899 ], [ 66.325921409145806, 30.493291564154401 ], [ 66.327184811829696, 30.4911466603901 ], [ 66.327643627951105, 30.490367719794499 ], [ 66.332783286719305, 30.485700960530899 ], [ 66.339813758398293, 30.479317359508599 ], [ 66.336647625887295, 30.456034658172999 ], [ 66.337821992990698, 30.451333803811998 ], [ 66.338919907827503, 30.446938983347501 ], [ 66.338920384468196, 30.446938393392202 ], [ 66.349587188398104, 30.433766953282301 ], [ 66.3541186554517, 30.427270978372999 ], [ 66.354370767796794, 30.421773627750799 ], [ 66.354186503904103, 30.4212367145028 ], [ 66.351103135101695, 30.412252309196798 ], [ 66.339239749015206, 30.3944083550616 ], [ 66.337990039408893, 30.392528643382299 ], [ 66.334702761922998, 30.383468983706699 ], [ 66.332787366943506, 30.373305926027701 ], [ 66.333529226692505, 30.3633238982794 ], [ 66.334182167772894, 30.354538321386499 ], [ 66.336516658516999, 30.349800581331799 ], [ 66.336010502982404, 30.344885307910701 ], [ 66.335236453799396, 30.337368515244901 ], [ 66.332459948068205, 30.317310881691899 ], [ 66.3301143075293, 30.311978908299999 ], [ 66.327437354950007, 30.305893812949101 ], [ 66.320456801040606, 30.279494091978801 ], [ 66.316603090060596, 30.242875650690799 ], [ 66.310408338574007, 30.228204046079899 ], [ 66.304213986386401, 30.221056716494299 ], [ 66.301384695847105, 30.217792150487401 ], [ 66.292878373738006, 30.201889453135799 ], [ 66.286942283459695, 30.187456863143801 ], [ 66.287437590472507, 30.1768362160186 ], [ 66.287711715523301, 30.170958265111899 ], [ 66.286444607632603, 30.164030098510299 ], [ 66.285276802882194, 30.1612270079201 ], [ 66.284309841925705, 30.158906005207999 ], [ 66.279051070650397, 30.1529157586554 ], [ 66.268515192722006, 30.140914379694902 ], [ 66.262076781618205, 30.131922115213499 ], [ 66.2600874506754, 30.129143699322299 ], [ 66.258088068909302, 30.116111889751998 ], [ 66.257854501484104, 30.114589518291702 ], [ 66.257255285003495, 30.110683866966902 ], [ 66.242252652537999, 30.0894749600014 ], [ 66.239862124137801, 30.086095519992298 ], [ 66.238441841018201, 30.0840876944916 ], [ 66.238383072121096, 30.079420784141899 ], [ 66.238219195859202, 30.066407117494499 ], [ 66.240275796091197, 30.059607987418701 ], [ 66.241653811973904, 30.055052256656399 ], [ 66.251294136015602, 30.0489048050128 ], [ 66.259049535907394, 30.043959332357399 ], [ 66.2807416441116, 30.028010527663699 ], [ 66.288543357290195, 30.02227443132 ], [ 66.30042208671, 30.016263035410802 ], [ 66.303742106712903, 30.012936467444099 ], [ 66.320647414146904, 30.001110534523601 ], [ 66.322234680685995, 30.000000178465498 ], [ 66.340798750761806, 29.9870128169879 ], [ 66.358758169753798, 29.974448468721899 ], [ 66.361505207399404, 29.972019026656799 ], [ 66.361947222386405, 29.968132574059101 ], [ 66.358990688569506, 29.962432454194499 ], [ 66.356855870701906, 29.9583165791468 ], [ 66.345641800528696, 29.950127851719099 ], [ 66.330190940559504, 29.925031254688701 ], [ 66.318908526407398, 29.912704416475702 ], [ 66.318908112719299, 29.9127039632174 ], [ 66.313194666700596, 29.9108966154865 ], [ 66.312583306674298, 29.909232947042899 ], [ 66.312255136865105, 29.908339914855201 ], [ 66.312254976785795, 29.908339480482699 ], [ 66.289345532770199, 29.891241707338999 ], [ 66.274528743406805, 29.878877403369501 ], [ 66.269821591093603, 29.874949382308198 ], [ 66.268060700541, 29.872806274489999 ], [ 66.259783242402804, 29.862732119291898 ], [ 66.253968000322999, 29.855654630157101 ], [ 66.249778928554704, 29.8534991206879 ], [ 66.245645038287904, 29.851372005513699 ], [ 66.243771633554104, 29.850791811493 ], [ 66.230590353961702, 29.8467095710899 ], [ 66.215850365801799, 29.842840664265299 ], [ 66.202249043458707, 29.8392706318343 ], [ 66.183854694338706, 29.833105349332499 ], [ 66.164864444538495, 29.828292302747599 ], [ 66.155798236899201, 29.825211298262801 ], [ 66.137309702680696, 29.820108086319198 ], [ 66.104829671652098, 29.811209528496999 ], [ 66.072401572874398, 29.802442643113501 ], [ 66.060788596716407, 29.799194640820101 ], [ 66.035537569003694, 29.792132246805799 ], [ 66.059621693086697, 29.679585306017099 ], [ 66.033859252402607, 29.4370384217858 ], [ 65.973953247144706, 29.164493560729301 ], [ 65.912389467599894, 28.857593500339799 ], [ 65.822169609439996, 28.489162810315499 ], [ 65.709615301405094, 28.166507127701799 ], [ 65.550711394715194, 27.943880474104699 ], [ 65.446518429981595, 27.765855920414399 ], [ 65.415292704095094, 27.575696790974199 ], [ 65.421836424011801, 27.3903321685947 ], [ 65.518938380102199, 27.270091022282902 ], [ 65.643126297440702, 27.1904574436562 ], [ 65.803932427639495, 27.145581314026501 ], [ 65.950076767528898, 27.1047968478962 ], [ 66.136905460118996, 27.100985442824001 ], [ 66.352093540484603, 27.0965954921883 ], [ 66.599553813157996, 27.134030900106001 ], [ 66.802282917922398, 27.114723365890601 ], [ 66.926044396531694, 27.094305455832199 ], [ 67.005309396111798, 27.081228481409401 ], [ 67.089359702688199, 27.042241149409602 ], [ 67.145445128889705, 27.011861543475501 ], [ 67.276758704850394, 26.9312124063275 ], [ 67.279960861504605, 26.990452310725601 ], [ 67.283366804534495, 27.053462259475701 ], [ 67.309229437788403, 27.175386102986302 ], [ 67.349991713147105, 27.3675511126938 ], [ 67.366243156796301, 27.472150748158501 ], [ 67.3751419475429, 27.529426287693099 ], [ 67.381082981394499, 27.567664736238601 ], [ 67.384631280809003, 27.590502753399399 ], [ 67.392231437031199, 27.639419858939402 ], [ 67.454687996953595, 27.8624790019045 ], [ 67.441703795693698, 28.041856765477402 ], [ 67.384301140585293, 28.326827332615402 ], [ 67.347022353199094, 28.463878877308399 ], [ 67.359156695125407, 28.6479246564978 ], [ 67.456354380450406, 28.867558691880198 ], [ 67.500945158792106, 29.108889430103101 ], [ 67.556932209953601, 29.291715472291301 ], [ 67.586747868119701, 29.4286308677204 ], [ 67.603805068349303, 29.5318802125018 ], [ 67.7237414425136, 29.582243657219099 ], [ 67.831256632387706, 29.646698952294798 ], [ 67.940253520983305, 29.656747287057701 ], [ 68.070984652819504, 29.632708014862999 ], [ 68.196716787949498, 29.556311754583898 ], [ 68.280300367967598, 29.358661291385499 ], [ 68.329041282828996, 29.2292308094544 ], [ 68.389593944704799, 29.083455009940799 ], [ 68.503452756239795, 28.924418440658499 ], [ 68.61737775428, 28.784717716249599 ], [ 68.742234185359493, 28.7487401813143 ], [ 68.894712284044701, 28.724261899666999 ], [ 69.033609635076601, 28.735438545452599 ], [ 69.184510483871804, 28.747141130059202 ], [ 69.293584894027703, 28.7449214503647 ], [ 69.421570306624403, 28.692999078544702 ], [ 69.566803294236706, 28.655612798791701 ], [ 69.667991669879697, 28.717260357379601 ], [ 69.764733140821903, 28.803086093848201 ], [ 69.799875406125096, 28.897689952729198 ], [ 69.844959142450506, 29.011478578473699 ], [ 69.8862895339349, 29.119688776116199 ], [ 69.944346610407806, 29.213845112561899 ], [ 70.028878636140206, 29.3341401255664 ], [ 70.056378020229502, 29.484428683537001 ], [ 70.056450243883702, 29.6111581407357 ], [ 70.234633667309893, 29.911849502952201 ], [ 70.361670529871105, 30.037993907992501 ], [ 70.459571771919798, 30.140227872318501 ], [ 70.514162127380303, 30.280566868965899 ], [ 70.512632466015503, 30.443423653079201 ], [ 70.480253266075394, 30.6746703291724 ], [ 70.416027761272204, 30.8715060003017 ], [ 70.402587061443796, 30.978608297934699 ], [ 70.399771918139507, 31.086065604743901 ], [ 70.341227142918299, 31.4312457792694 ], [ 70.228303258488694, 31.7474589300856 ], [ 70.170180732954506, 31.942009446378901 ], [ 70.267181071948997, 32.190847467836399 ], [ 70.392993265626799, 32.388274113159902 ], [ 70.617574604684293, 32.592791714066401 ], [ 70.849904102292598, 32.796080024473603 ], [ 71.082327261593903, 33.014023641078197 ], [ 71.284046799120503, 33.059965806376901 ], [ 71.464527053281003, 33.0526458267436 ], [ 71.248284640124098, 33.383818181763701 ] ] ] } },
{ "type": "Feature", "properties": { "FID": 5, "pk_key": 5, "AEZ": "Northern irrigated plain", "Shape__Area": 132940955379.459, "Shape__Length": 2371626.94669487 }, "geometry": { "type": "MultiPolygon", "coordinates": [ [ [ [ 74.8224473407723, 31.979619133016602 ], [ 74.681864462375003, 32.124527924024498 ], [ 74.414174916039599, 32.360771519390099 ], [ 74.194387912272404, 32.450684384976498 ], [ 73.886152980975396, 32.5667114259915 ], [ 73.476247414386705, 32.600148220564002 ], [ 73.040433072128593, 32.480135550615202 ], [ 72.867678129242293, 32.399927898753603 ], [ 72.645564629703998, 32.319720245992599 ], [ 72.395819801143006, 32.273253838893602 ], [ 72.330978765257797, 32.153882243470797 ], [ 72.259594934858399, 32.005165930663303 ], [ 72.229851672116993, 31.820757703105599 ], [ 72.128724579875495, 31.564965645148501 ], [ 72.110878622050805, 31.338916849033399 ], [ 72.033546139642695, 31.142611316559101 ], [ 71.890778478843799, 30.946305783185402 ], [ 71.742062166036206, 30.714308335061698 ], [ 71.605243158145299, 30.506105496771301 ], [ 71.414886277679599, 30.280056701555601 ], [ 71.278067269788707, 30.0778025161732 ], [ 71.147196914805804, 29.9231375504577 ], [ 70.938994076515499, 29.875548330790899 ], [ 70.6653560607337, 29.9231375504577 ], [ 70.576126273408903, 29.673294145408601 ], [ 70.5701776205008, 29.381810171802002 ], [ 70.451204570434697, 29.167658681502999 ], [ 70.266796341977695, 28.947558538295901 ], [ 70.189403077989695, 28.859490340506898 ], [ 70.0942854193367, 28.7512530049224 ], [ 69.975287491324707, 28.6397078891079 ], [ 69.847044705348907, 28.519496917748601 ], [ 69.644205728611595, 28.438199695859399 ], [ 69.782615858435193, 28.2989315012879 ], [ 69.8472270536856, 28.151745826508701 ], [ 69.903605092301206, 28.059078319508899 ], [ 69.961590733825304, 27.9942619727119 ], [ 70.095146179352795, 28.094211578101898 ], [ 70.325514848231705, 28.2385164410809 ], [ 70.405305417011505, 28.2876785192482 ], [ 70.6857593046483, 28.605705260889099 ], [ 70.999606516327702, 28.928650167271499 ], [ 71.013144748531303, 28.939758460984201 ], [ 71.141635643070501, 29.015901213170402 ], [ 71.298680069229803, 29.106320731616499 ], [ 71.422227618010197, 29.1866028473436 ], [ 71.516280828297596, 29.2241119969711 ], [ 71.694075791364796, 29.322821702559601 ], [ 71.797366227969107, 29.3574857263852 ], [ 71.862394119592906, 29.3925276318448 ], [ 72.055348669305701, 29.472757726288101 ], [ 72.198116329205206, 29.544141556687499 ], [ 72.474133806330201, 29.5726950883077 ], [ 72.759669127028701, 29.467998804501299 ], [ 72.926231397660999, 29.349025753535798 ], [ 73.044014043913094, 29.197636399300499 ], [ 73.044341130039101, 29.198025553936201 ], [ 73.096603607470598, 29.2553761077213 ], [ 73.097022297641004, 29.2568095056542 ], [ 73.098273439867398, 29.261092828171499 ], [ 73.117514756101201, 29.292509942380001 ], [ 73.130881009151395, 29.314334285998498 ], [ 73.132010600808599, 29.318679123942498 ], [ 73.175979577995193, 29.3894210794193 ], [ 73.197333786624995, 29.424909927251399 ], [ 73.209716934988606, 29.444760121382501 ], [ 73.214356254137897, 29.452196951727998 ], [ 73.218342425362707, 29.458951957466901 ], [ 73.230330982688798, 29.4792678799088 ], [ 73.232550877321202, 29.4858882742245 ], [ 73.232551359357799, 29.4858887940327 ], [ 73.233809307653502, 29.487243237785201 ], [ 73.233992495956898, 29.487440477995701 ], [ 73.238441129154793, 29.492230363440498 ], [ 73.248357798673496, 29.509382265879001 ], [ 73.2517244817994, 29.5152052906917 ], [ 73.255044500903097, 29.523875322687999 ], [ 73.258233552636398, 29.526121410974401 ], [ 73.274810731629998, 29.556158747528201 ], [ 73.277912476279795, 29.5642245691086 ], [ 73.285864366347496, 29.5849027834367 ], [ 73.299283495037301, 29.6264809408428 ], [ 73.310181708918805, 29.660248236267101 ], [ 73.316992785588695, 29.682736861417101 ], [ 73.323668061032294, 29.704777098084602 ], [ 73.326150592775704, 29.7124613463141 ], [ 73.330674807696198, 29.726465272654199 ], [ 73.332917621551104, 29.733773245438901 ], [ 73.334515312131998, 29.736010011352999 ], [ 73.336158734138294, 29.738310800902799 ], [ 73.3361590614916, 29.7383112604563 ], [ 73.336125130070698, 29.740034993720101 ], [ 73.336028094121303, 29.7449643963898 ], [ 73.342697260470203, 29.762758661183302 ], [ 73.342697600413999, 29.7627595703979 ], [ 73.346649538045895, 29.776458743476301 ], [ 73.354110102399403, 29.8010742238963 ], [ 73.370040286630001, 29.853634464159299 ], [ 73.377646208405807, 29.878518239325299 ], [ 73.377821414326903, 29.880971113226401 ], [ 73.378022740157405, 29.883789671256402 ], [ 73.379090123010798, 29.8844608784668 ], [ 73.380150957900497, 29.885132084777901 ], [ 73.381004278724603, 29.890611790701598 ], [ 73.381362404951005, 29.892911538836501 ], [ 73.384795294367393, 29.9021356989034 ], [ 73.387827178781393, 29.9102823542474 ], [ 73.390274725997898, 29.916858899418699 ], [ 73.392578924877498, 29.925029868833398 ], [ 73.396521862993694, 29.9390120081977 ], [ 73.408285994503103, 29.947541249528999 ], [ 73.466942947559104, 29.969078811937699 ], [ 73.550490224644193, 30.000000178465601 ], [ 73.553443150381199, 30.001091422131498 ], [ 73.558295872356695, 30.002884731445199 ], [ 73.578215989676295, 30.010117396800499 ], [ 73.618020208266003, 30.022510172406601 ], [ 73.629126230291305, 30.024150536718 ], [ 73.629127482147695, 30.0241508451854 ], [ 73.629242407411297, 30.024179187319699 ], [ 73.711563559610596, 30.044479927406801 ], [ 73.716582880095899, 30.045079102518599 ], [ 73.770407141776204, 30.058090697128002 ], [ 73.776808164465194, 30.061184798439701 ], [ 73.787950202539903, 30.063961304170899 ], [ 73.803908561630905, 30.0698581039684 ], [ 73.803908855709096, 30.069858386355499 ], [ 73.814444875730501, 30.0799851464974 ], [ 73.821494187306996, 30.087879195768299 ], [ 73.842491510774593, 30.105147226763101 ], [ 73.847089029435196, 30.1073169329302 ], [ 73.848090359782304, 30.1077894906925 ], [ 73.848090560331201, 30.1077897272142 ], [ 73.8485387599559, 30.108316068931501 ], [ 73.851357992477404, 30.111626831313298 ], [ 73.905869832626706, 30.149803782418701 ], [ 73.913420093562607, 30.156309578824001 ], [ 73.930841459865505, 30.166563067831401 ], [ 73.931906119571806, 30.167189683057501 ], [ 73.945602019117899, 30.176324648363899 ], [ 73.946577361755899, 30.1770679749071 ], [ 73.957626230965801, 30.185488526874099 ], [ 73.9652569272655, 30.191304026159901 ], [ 73.966635989959002, 30.1951239064432 ], [ 73.968956752552103, 30.201552212764401 ], [ 73.966860529989503, 30.221903555005099 ], [ 73.966622031581494, 30.224219035879901 ], [ 73.9645300601142, 30.244529112728401 ], [ 73.956672025093994, 30.2774771959159 ], [ 73.953172299861805, 30.2852591707742 ], [ 73.947929961898296, 30.296916008666901 ], [ 73.9462346166343, 30.3005031659883 ], [ 73.943663704016799, 30.305942925825399 ], [ 73.930888475522806, 30.3215298559182 ], [ 73.926942461725304, 30.326344347713501 ], [ 73.924786341616397, 30.328976966413901 ], [ 73.921890399622299, 30.332512904646901 ], [ 73.921517144101003, 30.333315079227599 ], [ 73.921369962853504, 30.3336283103983 ], [ 73.921134064385697, 30.334130349735901 ], [ 73.893303525637293, 30.3518665893716 ], [ 73.8797615126838, 30.359921074098299 ], [ 73.875305353059701, 30.361384633494101 ], [ 73.874407034656997, 30.3629786566398 ], [ 73.871255190574701, 30.368571460404599 ], [ 73.870888483017197, 30.3749986776469 ], [ 73.871500492353903, 30.377220014791899 ], [ 73.873213150466597, 30.383436242089001 ], [ 73.879751690288302, 30.391110923330402 ], [ 73.881787800366695, 30.3927670167845 ], [ 73.888603469874298, 30.398310623136801 ], [ 73.889409953106906, 30.398966585039901 ], [ 73.893522895465296, 30.402311895777402 ], [ 73.893523450347004, 30.402312648510001 ], [ 73.894301784799595, 30.4033667996381 ], [ 73.901200851138398, 30.4127106954422 ], [ 73.903420530832904, 30.416799751807101 ], [ 73.903420744871596, 30.416800147508798 ], [ 73.920164906385395, 30.420143085834798 ], [ 73.927855957986097, 30.4209125178985 ], [ 73.928937479081497, 30.422684220100699 ], [ 73.9303443353229, 30.4249888740373 ], [ 73.931611444112903, 30.433223439010501 ], [ 73.936630762799496, 30.4429837721834 ], [ 73.932266289957397, 30.458431325345401 ], [ 73.932266280064795, 30.4584313595197 ], [ 73.9323246586561, 30.458518769125899 ], [ 73.935288348378606, 30.4629562768108 ], [ 73.946914965453303, 30.462271972773401 ], [ 73.950491752692301, 30.4604359627495 ], [ 73.955277223365201, 30.4579795221373 ], [ 73.957205231336303, 30.457882267652501 ], [ 73.9626768730393, 30.4576062648174 ], [ 73.966530584019296, 30.463489967787801 ], [ 73.968819236318794, 30.4801850173248 ], [ 73.969967586035295, 30.4825182319309 ], [ 73.9727318825704, 30.4881347292344 ], [ 73.979470357870696, 30.4957844641817 ], [ 73.983651276385302, 30.500530778372799 ], [ 73.9844849056539, 30.5012213551814 ], [ 73.9885167093787, 30.504561295167701 ], [ 74.003028318302299, 30.5127021408912 ], [ 74.025613180803703, 30.525371989525802 ], [ 74.031974914810505, 30.535790433082099 ], [ 74.040238437054199, 30.5376860672582 ], [ 74.040238946969893, 30.537686184170099 ], [ 74.041716821773903, 30.535879025296801 ], [ 74.047674612693299, 30.528593783776198 ], [ 74.055702903766004, 30.522009405509699 ], [ 74.060221363025605, 30.521248575461399 ], [ 74.066514249433098, 30.520188960951799 ], [ 74.077613723494594, 30.529363215839801 ], [ 74.084807098368998, 30.540678786197098 ], [ 74.084617952956194, 30.5426958477352 ], [ 74.084397826798295, 30.545043268931799 ], [ 74.075813282556993, 30.5507204614802 ], [ 74.075812923727497, 30.550720698901099 ], [ 74.0756524882718, 30.554623522757399 ], [ 74.077493004798399, 30.5567604369447 ], [ 74.0803083747317, 30.560029194691701 ], [ 74.088930346058703, 30.561961619233401 ], [ 74.0971068579952, 30.563794202840299 ], [ 74.097108197984994, 30.563794504113101 ], [ 74.096136791679598, 30.576980639145201 ], [ 74.095962233270498, 30.579350137798698 ], [ 74.097251033708304, 30.5847112060573 ], [ 74.1009226175848, 30.599984026341801 ], [ 74.100349637026198, 30.607763480400301 ], [ 74.101182173618497, 30.608867175179999 ], [ 74.104209895969902, 30.612881024839499 ], [ 74.116287435816602, 30.616380859788901 ], [ 74.116288349527807, 30.6163811250888 ], [ 74.121398026697605, 30.620592656525901 ], [ 74.131208792951497, 30.628678949374098 ], [ 74.131209977358694, 30.6286789880449 ], [ 74.134910357527005, 30.6288016996388 ], [ 74.135941211717594, 30.628835884668302 ], [ 74.143944777729303, 30.629101298885899 ], [ 74.143945356892701, 30.629101317771699 ], [ 74.150932458765993, 30.6326210628119 ], [ 74.169586286577896, 30.6481155003301 ], [ 74.175996329467097, 30.653439877148699 ], [ 74.183235528396906, 30.6594529763738 ], [ 74.186149549462201, 30.659390766670601 ], [ 74.190709842485305, 30.664673163136001 ], [ 74.196839751053801, 30.671773718981999 ], [ 74.208184788597194, 30.688269043481601 ], [ 74.222008381082006, 30.708146595888799 ], [ 74.228373227642393, 30.7153453019442 ], [ 74.232155067502404, 30.719622600802399 ], [ 74.240982259623607, 30.722179735806201 ], [ 74.243441960278304, 30.722342974448701 ], [ 74.254006951959298, 30.723044120090101 ], [ 74.268311076494996, 30.7314452152245 ], [ 74.268311849012704, 30.731445668482799 ], [ 74.272435734321704, 30.730689166871599 ], [ 74.279663433620598, 30.729363289184501 ], [ 74.280674977568196, 30.729773458278601 ], [ 74.280737365337203, 30.729798755308401 ], [ 74.280932824890002, 30.729878254477899 ], [ 74.281808022622201, 30.730234221432301 ], [ 74.282321919520996, 30.733641356963101 ], [ 74.282462819903301, 30.734575523241801 ], [ 74.282462858574107, 30.7345757849446 ], [ 74.273697877055397, 30.743252364904802 ], [ 74.2662884049859, 30.76243906621 ], [ 74.265258813443495, 30.7638484576403 ], [ 74.262205500883198, 30.768028092822298 ], [ 74.264466121314499, 30.771876183039499 ], [ 74.264998377872899, 30.772782204135499 ], [ 74.264998757386806, 30.772782203236101 ], [ 74.280246900274307, 30.772760076316501 ], [ 74.2875602833805, 30.772749463417 ], [ 74.287560759121803, 30.772749462517702 ], [ 74.296227515787294, 30.778518569376502 ], [ 74.299599923098, 30.7850931243483 ], [ 74.294571176818394, 30.794603871371599 ], [ 74.294570781116704, 30.794604620506899 ], [ 74.298263281425307, 30.802221804492699 ], [ 74.300506870495795, 30.806850057484201 ], [ 74.306504920465798, 30.813981246037699 ], [ 74.318115383917899, 30.8277851316785 ], [ 74.318115415394203, 30.827785171248699 ], [ 74.319641184493193, 30.843566722726099 ], [ 74.323471151572505, 30.846103140048001 ], [ 74.325331710390202, 30.847335304780501 ], [ 74.325331870469498, 30.847335304780501 ], [ 74.336486845291702, 30.8473156599898 ], [ 74.3440796720393, 30.852420109400601 ], [ 74.351181370024307, 30.8499677472138 ], [ 74.351313709759907, 30.849896772717901 ], [ 74.358757824614003, 30.845904487901901 ], [ 74.363007712136195, 30.8458095374802 ], [ 74.370562347374502, 30.851810264731999 ], [ 74.371985515519199, 30.852940702651399 ], [ 74.371985503828, 30.852940809670699 ], [ 74.371285191858206, 30.859084954507001 ], [ 74.371147325788499, 30.860294513880799 ], [ 74.369186101357499, 30.862954995376899 ], [ 74.362212085519403, 30.872415532350999 ], [ 74.361884667543407, 30.879301134939499 ], [ 74.362596558284693, 30.880495089277002 ], [ 74.365525556659193, 30.8854074821697 ], [ 74.374121127487996, 30.888698567384999 ], [ 74.376274693522305, 30.889523127890001 ], [ 74.378343403125598, 30.8902112972136 ], [ 74.382721555555406, 30.891667715992401 ], [ 74.395035640482504, 30.903539791328299 ], [ 74.395035751099101, 30.903539897448301 ], [ 74.412925875528799, 30.906342595934198 ], [ 74.416107850496999, 30.906041421074701 ], [ 74.416108379298393, 30.9060413707127 ], [ 74.419205755041602, 30.911699155891299 ], [ 74.419885865540294, 30.918157227973701 ], [ 74.4206987816235, 30.925876360006001 ], [ 74.4286714118562, 30.934405601337499 ], [ 74.4463945537657, 30.948897125701802 ], [ 74.464340339934793, 30.961548562516199 ], [ 74.465397201619595, 30.9618710782877 ], [ 74.467827342457994, 30.962612670938 ], [ 74.4693330171051, 30.964454129954198 ], [ 74.470587477829895, 30.965988350881702 ], [ 74.485092099920493, 30.970467431526799 ], [ 74.491440737100405, 30.969400047774101 ], [ 74.502196421028103, 30.964793275089601 ], [ 74.514687711968406, 30.970456632467702 ], [ 74.517578523330201, 30.971767281035198 ], [ 74.533607642878394, 30.982620330064201 ], [ 74.533608913620498, 30.982621190715399 ], [ 74.536022169687399, 30.983993663177099 ], [ 74.541732156913596, 30.9872410602268 ], [ 74.548476969736399, 30.992843183666 ], [ 74.548476913978405, 30.992843412993199 ], [ 74.544554501089493, 31.008952154917999 ], [ 74.544337576518004, 31.0129758827308 ], [ 74.544220535149705, 31.0151469055054 ], [ 74.553443902913898, 31.062599610783501 ], [ 74.555373472108101, 31.064520246112501 ], [ 74.558394463933496, 31.067527253480002 ], [ 74.571700735800405, 31.067438850122901 ], [ 74.581129118414196, 31.060459591237102 ], [ 74.592498333331505, 31.052043650993799 ], [ 74.594885924545807, 31.0491759728929 ], [ 74.597367040756495, 31.046195964072499 ], [ 74.601544627282806, 31.042265466278401 ], [ 74.605117026729403, 31.038904363445699 ], [ 74.617781559471396, 31.027366148828801 ], [ 74.626929620705496, 31.0223304579843 ], [ 74.633159508704395, 31.0217118170468 ], [ 74.639129220137406, 31.021119010933699 ], [ 74.649161309546898, 31.026835731384001 ], [ 74.651610397301994, 31.044650550182801 ], [ 74.654422334523105, 31.049551300452201 ], [ 74.656410347060003, 31.0530160834256 ], [ 74.659018157961697, 31.0546274499969 ], [ 74.6621172451148, 31.056542376429601 ], [ 74.669041027521502, 31.056637691975901 ], [ 74.679954983136, 31.056787939012199 ], [ 74.6824729058999, 31.058837878864999 ], [ 74.685697895441606, 31.061463470263 ], [ 74.687148358909695, 31.065094536983398 ], [ 74.685959460560696, 31.068626957967801 ], [ 74.683854531661396, 31.0748810638101 ], [ 74.682247710263695, 31.0787103348142 ], [ 74.679033785081103, 31.0863695522131 ], [ 74.678923615432495, 31.086632099391899 ], [ 74.6721971955442, 31.099259158283601 ], [ 74.671776079002896, 31.100049692938999 ], [ 74.671775862266301, 31.100049888091998 ], [ 74.670417620676702, 31.101275456297401 ], [ 74.664435364600493, 31.106673360786999 ], [ 74.650680529782704, 31.112455565372102 ], [ 74.636870035024103, 31.114914475522699 ], [ 74.617562188744003, 31.1190497660339 ], [ 74.604255917776399, 31.119370635146701 ], [ 74.590880887343204, 31.1093811088511 ], [ 74.585817269851205, 31.1086336984864 ], [ 74.581520005144199, 31.107999404848702 ], [ 74.579851025304606, 31.108453236927399 ], [ 74.574126903434006, 31.110009752048501 ], [ 74.564186490913798, 31.115516924166698 ], [ 74.559642857831705, 31.119913867930698 ], [ 74.556174569301007, 31.123270185470702 ], [ 74.545317384289902, 31.133610048964599 ], [ 74.544987693727094, 31.1343319581534 ], [ 74.544747677263501, 31.134857511165201 ], [ 74.544174695805594, 31.136101699833699 ], [ 74.535851727475304, 31.1542308406808 ], [ 74.533746847139398, 31.165995350804799 ], [ 74.5331341579151, 31.169419765909598 ], [ 74.533644929669904, 31.1939270111227 ], [ 74.537207238723198, 31.2055307089751 ], [ 74.552055370359099, 31.253070923684199 ], [ 74.552055650048203, 31.253071816711 ], [ 74.553116484038597, 31.261293285756601 ], [ 74.552604821955001, 31.263092806687698 ], [ 74.551672570332897, 31.2663715397148 ], [ 74.550364840065399, 31.292498973848598 ], [ 74.5502549177303, 31.294695123680999 ], [ 74.550254849381901, 31.2946964798587 ], [ 74.551872392497003, 31.298454282639 ], [ 74.567497232611203, 31.3347532199851 ], [ 74.567519607743705, 31.334805199900099 ], [ 74.567801185476398, 31.3360199186843 ], [ 74.567929008816805, 31.336567939459002 ], [ 74.568086039439294, 31.337241188130399 ], [ 74.569661841420896, 31.3408737198463 ], [ 74.572119830665699, 31.3465398633241 ], [ 74.577068106507994, 31.357680338377001 ], [ 74.586107790442199, 31.378032149164401 ], [ 74.594574164666099, 31.397093216978401 ], [ 74.601204380477796, 31.404034481306301 ], [ 74.625344918133493, 31.423617358254599 ], [ 74.641113373683396, 31.464701780662701 ], [ 74.641113220798502, 31.464702448859001 ], [ 74.639479556436399, 31.471842770027902 ], [ 74.634253963849403, 31.483656015312999 ], [ 74.630567490797105, 31.487345706139401 ], [ 74.611740695476797, 31.5061889293756 ], [ 74.609899231964107, 31.511501105092002 ], [ 74.607336921361906, 31.5188927507998 ], [ 74.605846670987106, 31.536973189761 ], [ 74.605804604299195, 31.537483551424799 ], [ 74.605804538648599, 31.537483962414999 ], [ 74.602072733469896, 31.5606106781403 ], [ 74.600906430587401, 31.567838482659901 ], [ 74.600906375728698, 31.567838643638499 ], [ 74.600855481295497, 31.567988697320502 ], [ 74.592606381479399, 31.592309711823901 ], [ 74.586349422088205, 31.606434529529999 ], [ 74.583467409693299, 31.612663664796301 ], [ 74.578497935931097, 31.623404608835699 ], [ 74.5758040904864, 31.627654293111199 ], [ 74.571815036934495, 31.6339472370754 ], [ 74.5571142601151, 31.657138496244599 ], [ 74.541489867863106, 31.680725696333798 ], [ 74.535580602562803, 31.689835241403301 ], [ 74.530226684813698, 31.698088677750299 ], [ 74.520597771370106, 31.716157227674 ], [ 74.519782047603499, 31.717687925957101 ], [ 74.5172805725405, 31.722910245011899 ], [ 74.517280641788304, 31.722911702812901 ], [ 74.518158053651305, 31.7416483833663 ], [ 74.518073810557993, 31.7442251532682 ], [ 74.517745506749804, 31.754267075864899 ], [ 74.517149606069495, 31.7604225368706 ], [ 74.520600592543303, 31.761971224292701 ], [ 74.525511863981393, 31.761552129427301 ], [ 74.533443031870505, 31.7570213899252 ], [ 74.5337136873368, 31.756866775781099 ], [ 74.533713741296197, 31.756866770385201 ], [ 74.541640480024199, 31.756064602099801 ], [ 74.5454712115272, 31.7576067172762 ], [ 74.545471271781807, 31.757606740658598 ], [ 74.545998414794994, 31.763090994453901 ], [ 74.541627382297904, 31.769318485759602 ], [ 74.5406686285544, 31.773969662470002 ], [ 74.539954276368803, 31.777435181088801 ], [ 74.537917735515094, 31.7862067123699 ], [ 74.540096927731099, 31.798049798959099 ], [ 74.541473496604695, 31.805530928109899 ], [ 74.541679769605807, 31.812966592933901 ], [ 74.541840205061504, 31.818781539136801 ], [ 74.543824356808699, 31.822298006148099 ], [ 74.558204561291504, 31.8216922857704 ], [ 74.565203428995105, 31.821055795988201 ], [ 74.567277316894803, 31.820867191967402 ], [ 74.569361568581598, 31.8216478952342 ], [ 74.573020230998907, 31.823018328932701 ], [ 74.575147589889397, 31.826365164021102 ], [ 74.5761274291376, 31.827906681148502 ], [ 74.576225653990804, 31.8311088297088 ], [ 74.580111868268204, 31.838782562165601 ], [ 74.581382488910705, 31.8412915330779 ], [ 74.5835626209183, 31.8431083102004 ], [ 74.589928101500803, 31.848412876752899 ], [ 74.610375130707794, 31.8574656584134 ], [ 74.619863938769797, 31.8616667622113 ], [ 74.6198646465363, 31.861667291912099 ], [ 74.622523838404405, 31.863656639042699 ], [ 74.638841091743103, 31.875863611116799 ], [ 74.645105945383193, 31.8821746665277 ], [ 74.647720670272804, 31.884808672881999 ], [ 74.667965755815104, 31.900694501650001 ], [ 74.686135009123404, 31.913881300381799 ], [ 74.693774984628007, 31.918794956821799 ], [ 74.703263878125597, 31.924897746333901 ], [ 74.704349501927993, 31.928326658048899 ], [ 74.705061402561697, 31.9305751763034 ], [ 74.709196693972302, 31.957947328806299 ], [ 74.709197788447199, 31.957947301826501 ], [ 74.714649942740706, 31.957814322672899 ], [ 74.717788145006907, 31.957737781373599 ], [ 74.717788605459901, 31.957736971084401 ], [ 74.718304303700805, 31.956832215334501 ], [ 74.726654626709703, 31.942182146788699 ], [ 74.733883817084603, 31.9384414904825 ], [ 74.736418234314101, 31.937130086484299 ], [ 74.736419547324303, 31.9371300424176 ], [ 74.761888088664406, 31.936268975732698 ], [ 74.784551970097397, 31.939595543699401 ], [ 74.798391932941399, 31.944051705122199 ], [ 74.804488457776202, 31.9469133388796 ], [ 74.8068809988591, 31.949022178930498 ], [ 74.807801928915893, 31.949833907908602 ], [ 74.809139801760494, 31.952269522920101 ], [ 74.810866562142195, 31.9554131130248 ], [ 74.8224473407723, 31.979619133016602 ] ] ], [ [ [ 71.677567715377805, 33.718669077815697 ], [ 71.854193089439605, 33.794971261814297 ], [ 72.010589090913896, 33.8448366538885 ], [ 72.193006906543602, 33.8917063592611 ], [ 72.2419270535907, 33.901845826823497 ], [ 72.273983216152502, 33.905821161217602 ], [ 72.312277249095899, 33.910615682667697 ], [ 72.352944142358297, 33.915658846878301 ], [ 72.434622937598604, 33.925787959646698 ], [ 72.598800515531494, 33.950650812984698 ], [ 72.669249608582604, 33.950903339017898 ], [ 72.6587722504391, 34.053407636853002 ], [ 72.624904371239793, 34.189726261058198 ], [ 72.483312193602899, 34.300168159632896 ], [ 72.4160838120184, 34.333293027051603 ], [ 72.261517931807205, 34.439250609128401 ], [ 72.056621168632105, 34.470625953424999 ], [ 71.899952419868299, 34.470078773516597 ], [ 71.781014990149799, 34.416273746536199 ], [ 71.645086499042705, 34.334150282409702 ], [ 71.551353454598299, 34.257307002416297 ], [ 71.455352980056006, 34.1642396694252 ], [ 71.382659912125305, 33.971294403413999 ], [ 71.415707169850094, 33.835745815617003 ], [ 71.523494051209596, 33.660936929995401 ], [ 71.677567715377805, 33.718669077815697 ] ] ] ] } },
{ "type": "Feature", "properties": { "FID": 6, "pk_key": 6, "AEZ": "Sountern irrigated plain", "Shape__Area": 63195955395.8535, "Shape__Length": 1354771.8149250799 }, "geometry": { "type": "Polygon", "coordinates": [ [ [ 69.782615858435193, 28.2989315012878 ], [ 69.644205728611595, 28.4381996958593 ], [ 69.562681911740896, 28.405525208021999 ], [ 69.335571662002707, 28.375769431214302 ], [ 69.165443420277697, 28.3534793853654 ], [ 68.852064846215697, 28.359548569011299 ], [ 68.540603637547903, 28.406303405777599 ], [ 68.369156634471196, 28.319212708999402 ], [ 68.160177944756398, 28.177400588666298 ], [ 67.927916224554195, 27.977026268747299 ], [ 67.8162829859711, 27.7927284239776 ], [ 67.750762939458099, 27.663463592670698 ], [ 67.691787719028099, 27.542409897199001 ], [ 67.615698574529603, 27.261157989849401 ], [ 67.588804959381406, 27.091739654961099 ], [ 67.605171203288506, 26.6077575681573 ], [ 67.657584767722895, 26.3959836272426 ], [ 67.747221706916307, 26.254617691153499 ], [ 67.848722532219099, 26.1692021471614 ], [ 67.986357449137003, 26.030948638768699 ], [ 68.080034757198305, 25.872670697994302 ], [ 68.189569812696703, 25.7028687995555 ], [ 68.2234991641552, 25.495899756468599 ], [ 68.247961758028794, 25.3351955410415 ], [ 68.251244827586802, 25.290704293368499 ], [ 68.256148098655899, 25.224256515225999 ], [ 68.315259837071906, 25.135795412628202 ], [ 68.455745811719893, 25.098606596117602 ], [ 68.597023009904007, 25.0747528072962 ], [ 68.742767334045297, 25.041301726993101 ], [ 68.881074466313606, 25.000453829880399 ], [ 68.990699767880002, 24.9548282628141 ], [ 69.092251630608303, 24.905275389647599 ], [ 69.170859776157798, 24.832158170863 ], [ 69.210959589313603, 24.731123216863001 ], [ 69.246530350994902, 24.7792544579269 ], [ 69.280035017402199, 24.812787006015601 ], [ 69.334592791324297, 24.845283945197998 ], [ 69.402866923469801, 24.882986578567799 ], [ 69.4433038420987, 24.906445233161001 ], [ 69.4826108740926, 24.931507573215999 ], [ 69.553278324335295, 24.987871493374801 ], [ 69.598949584156102, 25.0232070481668 ], [ 69.671050292037407, 25.0807076790162 ], [ 69.732231140254996, 25.215084076069299 ], [ 69.756227794477198, 25.372423675012701 ], [ 69.756508889273903, 25.460724379926301 ], [ 69.6702670400919, 25.591997602407499 ], [ 69.551628036005098, 25.7182184399291 ], [ 69.404127835031602, 25.906801224197199 ], [ 69.163389372321703, 26.0850954503948 ], [ 68.978796718993493, 26.134634018045599 ], [ 68.794456481981101, 26.1667575838954 ], [ 68.621439980270907, 26.298426070107102 ], [ 68.497001492924596, 26.537218068958801 ], [ 68.527296780222301, 26.746156692976999 ], [ 68.568045375993293, 26.885950088925501 ], [ 68.592498778795701, 26.9763679508203 ], [ 68.652843719761904, 27.084401304876401 ], [ 68.924808602634997, 27.3068989174511 ], [ 69.225646860114594, 27.517140339854802 ], [ 69.459107503408603, 27.690663087931199 ], [ 69.684967040796394, 27.807395934874499 ], [ 69.837485073877104, 27.901384353505101 ], [ 69.961590733825304, 27.9942619727119 ], [ 69.903605092301206, 28.059078319508899 ], [ 69.8472270536856, 28.151745826508701 ], [ 69.782615858435193, 28.2989315012878 ] ] ] } },
{ "type": "Feature", "properties": { "FID": 7, "pk_key": 7, "AEZ": "Piedmont plain", "Shape__Area": 86054805990.212906, "Shape__Length": 3563948.5307137999 }, "geometry": { "type": "Polygon", "coordinates": [ [ [ 71.464527053281003, 33.0526458267436 ], [ 71.284046799120503, 33.059965806376901 ], [ 71.082327261593903, 33.014023641078197 ], [ 70.849904102292598, 32.796080024473603 ], [ 70.617574604684293, 32.592791714066401 ], [ 70.392993265626799, 32.388274113159902 ], [ 70.267181071948997, 32.190847467836399 ], [ 70.170180732954506, 31.942009446378901 ], [ 70.228303258488694, 31.7474589300856 ], [ 70.341227142918299, 31.4312457792694 ], [ 70.399771918139507, 31.086065604743901 ], [ 70.402587061443796, 30.978608297934699 ], [ 70.416027761272204, 30.8715060003017 ], [ 70.480253266075394, 30.6746703291724 ], [ 70.512632466015503, 30.443423653079201 ], [ 70.514162127380303, 30.280566868965899 ], [ 70.459571771919798, 30.140227872318501 ], [ 70.361670529871105, 30.037993907992501 ], [ 70.234633667309893, 29.911849502952201 ], [ 70.056450243883702, 29.6111581407357 ], [ 70.056378020229502, 29.484428683537001 ], [ 70.028878636140206, 29.3341401255664 ], [ 69.944346610407806, 29.213845112561899 ], [ 69.8862895339349, 29.119688776116199 ], [ 69.844959142450506, 29.011478578473699 ], [ 69.799875406125096, 28.897689952729198 ], [ 69.764733140821903, 28.803086093848201 ], [ 69.667991669879697, 28.717260357379601 ], [ 69.566803294236706, 28.655612798791701 ], [ 69.421570306624403, 28.692999078544702 ], [ 69.293584894027703, 28.7449214503647 ], [ 69.184510483871804, 28.747141130059202 ], [ 69.033609635076601, 28.735438545452599 ], [ 68.894712284044701, 28.724261899666999 ], [ 68.742234185359493, 28.7487401813143 ], [ 68.61737775428, 28.784717716249599 ], [ 68.503452756239795, 28.924418440658499 ], [ 68.389593944704799, 29.083455009940799 ], [ 68.329041282828996, 29.2292308094544 ], [ 68.280300367967598, 29.358661291385499 ], [ 68.196716787949498, 29.556311754583898 ], [ 68.070984652819504, 29.632708014862999 ], [ 67.940253520983305, 29.656747287057701 ], [ 67.831256632387706, 29.646698952294798 ], [ 67.7237414425136, 29.582243657219099 ], [ 67.603805068349303, 29.5318802125018 ], [ 67.586747868119701, 29.4286308677204 ], [ 67.556932209953601, 29.291715472291301 ], [ 67.500945158792106, 29.108889430103101 ], [ 67.456354380450406, 28.867558691880198 ], [ 67.359156695125407, 28.6479246564978 ], [ 67.347022353199094, 28.463878877308399 ], [ 67.384301140585293, 28.326827332615402 ], [ 67.441703795693698, 28.041856765477402 ], [ 67.454687996953595, 27.8624790019045 ], [ 67.392231437031199, 27.639419858939402 ], [ 67.384631280809003, 27.590502753399399 ], [ 67.381082981394499, 27.567664736238601 ], [ 67.3751419475429, 27.529426287693099 ], [ 67.366243156796301, 27.472150748158501 ], [ 67.349991713147105, 27.3675511126938 ], [ 67.309229437788403, 27.175386102986302 ], [ 67.283366804534495, 27.053462259475701 ], [ 67.279960861504605, 26.990452310725601 ], [ 67.276758704850394, 26.9312124063275 ], [ 67.2727188746764, 26.856475547208799 ], [ 67.268810308648895, 26.7841670761497 ], [ 67.264331116487895, 26.701302031063999 ], [ 67.394292425055397, 26.4444322480499 ], [ 67.575036498035999, 26.344675621882502 ], [ 67.747221706916307, 26.254617691153499 ], [ 67.657584767722895, 26.3959836272426 ], [ 67.605171203288506, 26.6077575681573 ], [ 67.588804959381406, 27.091739654961099 ], [ 67.615698574529603, 27.261157989849401 ], [ 67.691787719028099, 27.542409897199001 ], [ 67.750762939458099, 27.663463592670698 ], [ 67.8162829859711, 27.7927284239776 ], [ 67.927916224554195, 27.977026268747299 ], [ 68.160177944756398, 28.177400588666298 ], [ 68.369156634471196, 28.319212708999402 ], [ 68.540603637547903, 28.406303405777599 ], [ 68.852064846215697, 28.359548569011299 ], [ 69.165443420277697, 28.3534793853654 ], [ 69.335571662002707, 28.375769431214302 ], [ 69.562681911740896, 28.405525208021999 ], [ 69.644205728611595, 28.4381996958593 ], [ 69.847044705348907, 28.519496917748601 ], [ 69.975287491324707, 28.6397078891079 ], [ 70.0942854193367, 28.751253004922301 ], [ 70.189403077989695, 28.859490340506799 ], [ 70.266796341977695, 28.947558538295901 ], [ 70.451204570434598, 29.167658681502999 ], [ 70.5701776205008, 29.381810171802002 ], [ 70.576126273408903, 29.673294145408502 ], [ 70.6653560607337, 29.9231375504576 ], [ 70.683202018558305, 30.149186346572701 ], [ 70.724842586216397, 30.470413582021202 ], [ 70.724842586216397, 30.7856921654611 ], [ 70.701047976383094, 31.041484223418198 ], [ 70.754585848957802, 31.2615843666252 ], [ 70.843815636282699, 31.481684509832299 ], [ 70.927096771598798, 31.6779900423067 ], [ 71.052018474573003, 31.915936143338399 ], [ 71.1412482618978, 32.118190328720701 ], [ 71.266169964872105, 32.308547209186401 ], [ 71.361348405104906, 32.439417564169297 ], [ 71.373245710021493, 32.487006784735399 ], [ 71.591077882638203, 32.354252996678497 ], [ 71.822433471127894, 32.278316497708303 ], [ 71.993439912522007, 32.215961955080203 ], [ 72.153113125370496, 32.203029633011198 ], [ 72.395819801143006, 32.273253838893602 ], [ 72.645564629703898, 32.319720245992599 ], [ 72.867678129242293, 32.399927898753504 ], [ 73.040433072128593, 32.480135550615202 ], [ 73.476247414386705, 32.600148220564002 ], [ 73.886152980975297, 32.566711425991599 ], [ 74.194387912272404, 32.450684384976398 ], [ 74.414174916039599, 32.360771519390099 ], [ 74.681864462375103, 32.124527924024498 ], [ 74.8224473407722, 31.979619133016602 ], [ 74.823451903282802, 31.982936815681601 ], [ 74.824578832946798, 31.986658622197702 ], [ 74.830963701113902, 31.998654167256099 ], [ 74.831680530931806, 32.000000910113897 ], [ 74.838063983566002, 32.000613334937498 ], [ 74.847242713480497, 32.001493935796503 ], [ 74.847243781875093, 32.0014953153566 ], [ 74.8480487605419, 32.002533745435997 ], [ 74.850945811400194, 32.006270967231401 ], [ 74.866936912108898, 32.017180537751599 ], [ 74.879307201066496, 32.025623142893799 ], [ 74.8817656777439, 32.027301031417501 ], [ 74.900679517545797, 32.042550612321001 ], [ 74.909042879825094, 32.049293704740698 ], [ 74.910833585601594, 32.050419503057697 ], [ 74.920135805922797, 32.056267710686399 ], [ 74.931957201763495, 32.060136190332997 ], [ 74.9325023869756, 32.060314597840502 ], [ 74.946296511374996, 32.059388004752698 ], [ 74.953739538948597, 32.057074984422997 ], [ 74.960319828897099, 32.055030069981797 ], [ 74.9661269339109, 32.050662766973197 ], [ 74.986916001372407, 32.035028098168297 ], [ 74.987087391469998, 32.034898998689897 ], [ 74.987168113717502, 32.034838196425703 ], [ 74.987367273980595, 32.0346881787165 ], [ 74.987420201780907, 32.034648310870899 ], [ 74.987420224264, 32.034648292884498 ], [ 74.998411651076907, 32.028666365060801 ], [ 74.998934057360898, 32.028674964378197 ], [ 74.999207276794394, 32.0286794609884 ], [ 74.999482038565304, 32.028682868519603 ], [ 74.999999628979793, 32.028689284283097 ], [ 75.004461139569997, 32.028748572988299 ], [ 75.004927270777003, 32.028754768417897 ], [ 75.010611249609596, 32.030398406261497 ], [ 75.011703125498897, 32.031159149974798 ], [ 75.023026943538696, 32.039048793467103 ], [ 75.030989751375998, 32.040581108731203 ], [ 75.045884002045099, 32.039235420778098 ], [ 75.047555687045403, 32.039932967332597 ], [ 75.050850933423902, 32.0413079776811 ], [ 75.073632316678101, 32.062815723966501 ], [ 75.073632685400199, 32.062816072903502 ], [ 75.081627563061701, 32.055862298106597 ], [ 75.081628235754494, 32.055861711748697 ], [ 75.082740102673696, 32.0556482342786 ], [ 75.087358053031807, 32.054761587277497 ], [ 75.095916761549304, 32.059528795417599 ], [ 75.110938703358599, 32.0602458410727 ], [ 75.110982329471, 32.060284178272198 ], [ 75.111046751506393, 32.060340792393703 ], [ 75.111114427289095, 32.060402123459198 ], [ 75.1111515261221, 32.060435742815301 ], [ 75.126694062980704, 32.074295351349498 ], [ 75.151947821934499, 32.066777832031399 ], [ 75.171903954404002, 32.066116447216302 ], [ 75.189459936626804, 32.077700937348403 ], [ 75.194351739541204, 32.080928842492099 ], [ 75.199956363095694, 32.089853229742801 ], [ 75.201178406858006, 32.091799123430903 ], [ 75.201263638306301, 32.097772552661198 ], [ 75.201371583931504, 32.105337861952798 ], [ 75.205009198615699, 32.115599145384301 ], [ 75.208720280716406, 32.117467281889603 ], [ 75.211279255733103, 32.118755455499901 ], [ 75.211438855718697, 32.118835936729198 ], [ 75.211662334549104, 32.118948631674101 ], [ 75.211810737075893, 32.119024111773399 ], [ 75.212042139832903, 32.1191418087475 ], [ 75.222709421302795, 32.112531236827202 ], [ 75.223170824773803, 32.111376051363699 ], [ 75.2249587840207, 32.106899646201803 ], [ 75.223570531155104, 32.091010044777804 ], [ 75.226134090915593, 32.0870625632867 ], [ 75.227761482506494, 32.084556634780903 ], [ 75.233429090080506, 32.084363457707497 ], [ 75.2378713866552, 32.086521218179698 ], [ 75.239165454422206, 32.087149785834001 ], [ 75.271972748743394, 32.112750606655197 ], [ 75.274811463278496, 32.118847132389298 ], [ 75.275637998694705, 32.1244021124676 ], [ 75.277250728638293, 32.135240956704799 ], [ 75.277709631094595, 32.135769555720401 ], [ 75.283265399878402, 32.1421691242058 ], [ 75.288026059155399, 32.144431582851297 ], [ 75.298964076131298, 32.149640082923597 ], [ 75.309403187007504, 32.154611011788802 ], [ 75.314232005003106, 32.1591877489155 ], [ 75.314232603951595, 32.159188317287096 ], [ 75.317794913004903, 32.170818207894101 ], [ 75.317192484145906, 32.1928068558517 ], [ 75.317192462562204, 32.192807606785699 ], [ 75.318560809833599, 32.1948676550183 ], [ 75.322846973309296, 32.201320477757903 ], [ 75.354796431310305, 32.211722550955002 ], [ 75.360416195850803, 32.214516341655901 ], [ 75.363944493443697, 32.216270389267102 ], [ 75.374755840010096, 32.224324873993801 ], [ 75.374787714681403, 32.225665439408502 ], [ 75.374870436121796, 32.229144467643103 ], [ 75.375397576437095, 32.252564597977901 ], [ 75.375397579134997, 32.2525646852121 ], [ 75.381866422397493, 32.2611123320685 ], [ 75.381867360390402, 32.261113572233597 ], [ 75.381173301406804, 32.2636462411811 ], [ 75.380813074363999, 32.264960734350403 ], [ 75.379385173986606, 32.267094740130197 ], [ 75.376641767803406, 32.2711947754186 ], [ 75.375150441839494, 32.271969957747402 ], [ 75.372175784884604, 32.273516169335799 ], [ 75.355948943988594, 32.274157909360099 ], [ 75.349387484944501, 32.2839509841506 ], [ 75.346229187327197, 32.285490817747103 ], [ 75.339919863111305, 32.288566940711803 ], [ 75.339918553698297, 32.288567580129801 ], [ 75.338127923464995, 32.292047152454202 ], [ 75.336228551706398, 32.295738035781802 ], [ 75.335506671295903, 32.299011968227802 ], [ 75.335120766809993, 32.300762155049497 ], [ 75.334326252654506, 32.3043655028657 ], [ 75.335789227490906, 32.3157403430424 ], [ 75.336670565793995, 32.322592869465403 ], [ 75.333939898507595, 32.326580821347903 ], [ 75.331535547527594, 32.330085581884099 ], [ 75.330420154366706, 32.331711463513301 ], [ 75.317505413144403, 32.340666695711498 ], [ 75.311485565406599, 32.344840928666002 ], [ 75.289063973923305, 32.357574219074998 ], [ 75.283198567659795, 32.364084247689902 ], [ 75.280335007554598, 32.367262520149197 ], [ 75.253309916919207, 32.380012180917397 ], [ 75.237158382553403, 32.395777362935 ], [ 75.232721892901097, 32.398466612843897 ], [ 75.2315300645609, 32.399189058928002 ], [ 75.229467546789905, 32.399394958710502 ], [ 75.223855385118, 32.399955218358699 ], [ 75.219069754365705, 32.400435108293699 ], [ 75.200248539338702, 32.402322450720597 ], [ 75.195464960839303, 32.405308503884399 ], [ 75.192344666772996, 32.419842593161199 ], [ 75.188523697410702, 32.424478833931097 ], [ 75.188523657840605, 32.424478838427703 ], [ 75.180854421094693, 32.425298045268597 ], [ 75.1795426186969, 32.425438168636603 ], [ 75.160401756735695, 32.416512750762898 ], [ 75.153202619905002, 32.414747587531203 ], [ 75.147635724709005, 32.4133826343012 ], [ 75.139450272612095, 32.414603903747199 ], [ 75.127928430153005, 32.421171910755099 ], [ 75.121371751904903, 32.440127004257903 ], [ 75.120902036899594, 32.441484930185403 ], [ 75.1193436889602, 32.443242807109897 ], [ 75.118881866405005, 32.443763760089503 ], [ 75.109786192478893, 32.454038140347897 ], [ 75.106751026438801, 32.455040039066603 ], [ 75.098182494626499, 32.465874303955999 ], [ 75.082626860940906, 32.480044960106802 ], [ 75.082626685573103, 32.4800450059723 ], [ 75.071609241373395, 32.482962254704297 ], [ 75.0614003461491, 32.482012742394197 ], [ 75.036644263022396, 32.492067751925298 ], [ 75.031111578936205, 32.491801757645099 ], [ 75.030174480867601, 32.491756705207798 ], [ 75.0214094984497, 32.4853720519787 ], [ 75.020983050727196, 32.4849664208636 ], [ 75.011750664561603, 32.476184700263701 ], [ 75.006089605850704, 32.469043710898603 ], [ 75.002806408588896, 32.464900123242202 ], [ 75.001541767538598, 32.463304072125197 ], [ 75.001541309783704, 32.463302830161503 ], [ 75.001386924966695, 32.462884252406297 ], [ 74.999999628979793, 32.459122943169298 ], [ 74.993634611548103, 32.454103809743103 ], [ 74.987875336977297, 32.449562334134399 ], [ 74.984369865976603, 32.448824907143802 ], [ 74.979346094746504, 32.4477680832305 ], [ 74.973115329009303, 32.447925244254698 ], [ 74.973114713873002, 32.447925550024102 ], [ 74.967754437017703, 32.450594291793202 ], [ 74.9638755899866, 32.452525468075898 ], [ 74.958831401448094, 32.453051502225101 ], [ 74.948899485722706, 32.454087253224202 ], [ 74.946155811541502, 32.457498717192102 ], [ 74.943572392951594, 32.460710921072199 ], [ 74.933631979532294, 32.4675670564745 ], [ 74.933103831077005, 32.467604859476701 ], [ 74.931765625483294, 32.467700641771302 ], [ 74.924117209841398, 32.468248085181003 ], [ 74.899659076605104, 32.466126416301101 ], [ 74.890998868802797, 32.470058708242803 ], [ 74.890507776912401, 32.470769703259201 ], [ 74.885229761944004, 32.478411142859997 ], [ 74.882872351078205, 32.481819566219997 ], [ 74.876654681268604, 32.485640534683 ], [ 74.861511593585206, 32.489477875303699 ], [ 74.856423516332299, 32.492666927037099 ], [ 74.844603348066101, 32.494654389188803 ], [ 74.835334516874497, 32.496212865731202 ], [ 74.827524028111398, 32.496142679041398 ], [ 74.818573985001507, 32.496062252670903 ], [ 74.798860140683004, 32.484059105643297 ], [ 74.798859806135198, 32.4840590894554 ], [ 74.781859654399597, 32.483203585976703 ], [ 74.761383864873494, 32.482173176950603 ], [ 74.758024554389706, 32.479936911959001 ], [ 74.752567822546993, 32.479549492115403 ], [ 74.747694513291194, 32.479203495045297 ], [ 74.746257163737198, 32.480005577895099 ], [ 74.743575594038504, 32.481501969740201 ], [ 74.721098341715205, 32.4817377108267 ], [ 74.698418089922995, 32.484943133818597 ], [ 74.698417736489404, 32.484943379333501 ], [ 74.693557647267696, 32.488324193506799 ], [ 74.686736992817998, 32.4930688304622 ], [ 74.686735812008195, 32.4930696524425 ], [ 74.684208811487494, 32.498125193123201 ], [ 74.681366154324607, 32.503812240442599 ], [ 74.680494073642606, 32.508425534111097 ], [ 74.679175727777604, 32.515399566137098 ], [ 74.683029106907796, 32.5295984672955 ], [ 74.6830294387577, 32.529599689474097 ], [ 74.681064138599197, 32.536303175751002 ], [ 74.680511593335396, 32.538187866077202 ], [ 74.663109560657702, 32.550642893654697 ], [ 74.661956809659102, 32.551467944290302 ], [ 74.661288527943299, 32.552073749204197 ], [ 74.659995574436294, 32.553245824835003 ], [ 74.652389652660403, 32.560157621077401 ], [ 74.652389629278005, 32.560157681332001 ], [ 74.651122241698104, 32.563558617836001 ], [ 74.648025169925702, 32.571869366178298 ], [ 74.643293977834801, 32.5959509676631 ], [ 74.642455878935706, 32.607484209029003 ], [ 74.642197126895994, 32.611044942470201 ], [ 74.644907806749899, 32.616739256311703 ], [ 74.649252987335601, 32.625867160141397 ], [ 74.658453435877405, 32.637356260982699 ], [ 74.665038798901506, 32.642608918666703 ], [ 74.669212395136, 32.645937888722599 ], [ 74.676209319404606, 32.658003246352798 ], [ 74.675950011583794, 32.660413560737297 ], [ 74.675322016797693, 32.666250908153003 ], [ 74.669423776286294, 32.674885675033899 ], [ 74.669281152802995, 32.675094471532702 ], [ 74.6692810376898, 32.675094556968297 ], [ 74.662110695352297, 32.680464128316899 ], [ 74.662109936324597, 32.6804652767512 ], [ 74.654190451528194, 32.6924509049853 ], [ 74.650140290841804, 32.718411886299599 ], [ 74.661881504028301, 32.754820779255603 ], [ 74.664387899282204, 32.758311354785199 ], [ 74.668043512098393, 32.763402406995503 ], [ 74.667788793518099, 32.765023946697902 ], [ 74.667542562739101, 32.766591460527501 ], [ 74.6694830964678, 32.769435131226402 ], [ 74.677764555689706, 32.781570838323603 ], [ 74.687675501922897, 32.796082008378001 ], [ 74.688755134442005, 32.798182403794897 ], [ 74.694580749302204, 32.8095159731837 ], [ 74.700385871310999, 32.827029566761098 ], [ 74.7003858596198, 32.827029616223797 ], [ 74.697020013762696, 32.839713744293903 ], [ 74.695287420378193, 32.839551839346001 ], [ 74.680832462448194, 32.838201072921201 ], [ 74.674209466393805, 32.834722767741603 ], [ 74.661462408263603, 32.828028191947602 ], [ 74.641997401858603, 32.822897550681503 ], [ 74.641392310107094, 32.822172034311997 ], [ 74.637999626681506, 32.818104149786699 ], [ 74.637450864865599, 32.812901418865501 ], [ 74.637230194617899, 32.810809273829001 ], [ 74.637445400584895, 32.8098640683721 ], [ 74.641539016512496, 32.791884508163498 ], [ 74.632796953316799, 32.777664740035803 ], [ 74.614707103849796, 32.7576791394807 ], [ 74.594138697642805, 32.7568442232823 ], [ 74.580427623835803, 32.753606427394701 ], [ 74.579192061464497, 32.753314655846701 ], [ 74.574458855791605, 32.755207384313401 ], [ 74.573599760420706, 32.755550920838402 ], [ 74.5697810078873, 32.755350644516703 ], [ 74.567107059942899, 32.755210406035502 ], [ 74.5431062553495, 32.745440732503901 ], [ 74.541214836295694, 32.744670818403598 ], [ 74.531533082286003, 32.740728704066498 ], [ 74.511647217445201, 32.753931761641503 ], [ 74.502694096855095, 32.759876113991503 ], [ 74.479745361459294, 32.7726716141038 ], [ 74.477921642469894, 32.775330249291599 ], [ 74.466065834071102, 32.781361289991601 ], [ 74.4634175554759, 32.787582672202603 ], [ 74.461668727529798, 32.791691052300301 ], [ 74.461668608819295, 32.791691331090099 ], [ 74.454445764960198, 32.793056664733299 ], [ 74.446944616900595, 32.793056664733299 ], [ 74.441733252487694, 32.791872518402002 ], [ 74.440834994339596, 32.791668411867697 ], [ 74.440572627025205, 32.791551017965197 ], [ 74.430275761017597, 32.7869437686401 ], [ 74.422687209647094, 32.781884734992602 ], [ 74.421111327625695, 32.7808341469783 ], [ 74.419751017595402, 32.779855766430501 ], [ 74.412225201132202, 32.774442945785403 ], [ 74.400834325144004, 32.770556493187598 ], [ 74.387223554523501, 32.769168240322102 ], [ 74.378890763797799, 32.769721576989198 ], [ 74.371664646406401, 32.771109828955503 ], [ 74.366755836412807, 32.773052619982501 ], [ 74.359726982614205, 32.775834473082497 ], [ 74.350556002157802, 32.782222399843903 ], [ 74.343329883867099, 32.790001853902503 ], [ 74.342147394986299, 32.791804818337802 ], [ 74.337501841736596, 32.798887981295401 ], [ 74.337501548557697, 32.798889125233003 ], [ 74.334725336904896, 32.809722246184798 ], [ 74.332780472940598, 32.815556837178299 ], [ 74.328602241600194, 32.815376775817597 ], [ 74.326094594490002, 32.815268708783897 ], [ 74.321108608275694, 32.816892976129999 ], [ 74.314988572464699, 32.818886678677401 ], [ 74.306524922287394, 32.823581325018203 ], [ 74.302474652783104, 32.825827943005201 ], [ 74.298380727488606, 32.827706840798101 ], [ 74.289155284988496, 32.8319408390985 ], [ 74.278045988531602, 32.836105596795903 ], [ 74.274156261502299, 32.838600522995797 ], [ 74.262027044812299, 32.843010202059197 ], [ 74.258882206448703, 32.844153534458101 ], [ 74.258880656916901, 32.844154342948599 ], [ 74.226929474915394, 32.860825663873399 ], [ 74.222332782731797, 32.862358896445997 ], [ 74.221923252156401, 32.862495496270199 ], [ 74.213606831789903, 32.867210317102497 ], [ 74.203322630035402, 32.871100044131801 ], [ 74.195383468971997, 32.875147567106602 ], [ 74.190134095612095, 32.877823789436398 ], [ 74.189148699453, 32.878326161523198 ], [ 74.168318360304099, 32.885827310482 ], [ 74.160538905346201, 32.889717037511303 ], [ 74.157102700129499, 32.891005234504 ], [ 74.149429609788697, 32.893881795208799 ], [ 74.147675067550395, 32.895021029397 ], [ 74.144714789855698, 32.896943154003402 ], [ 74.143088737355399, 32.897674690434698 ], [ 74.130537585740996, 32.9033212592688 ], [ 74.1232207231579, 32.906000263201598 ], [ 74.110810644595603, 32.910544102228599 ], [ 74.103041013831799, 32.915825355655699 ], [ 74.099252265379803, 32.9177200581343 ], [ 74.084152262417007, 32.9252713676795 ], [ 74.077774158950305, 32.927772842742598 ], [ 74.067951779750899, 32.930036207005401 ], [ 74.048872962917002, 32.934432526639903 ], [ 74.041186242451204, 32.936798832699999 ], [ 74.031133359816707, 32.9398935473493 ], [ 74.027207706670396, 32.941102033831797 ], [ 74.002775767987401, 32.951661267153803 ], [ 73.9989894854764, 32.954182153183901 ], [ 73.990265122737298, 32.959990784347298 ], [ 73.9894734567347, 32.960331307244097 ], [ 73.986375395707995, 32.961663890276398 ], [ 73.984145677780901, 32.964997007106199 ], [ 73.982798513140906, 32.966057444495497 ], [ 73.980269047578503, 32.968048543505503 ], [ 73.974424635088894, 32.974708228302099 ], [ 73.958328760663804, 32.998328170009103 ], [ 73.9583284360086, 32.998328885869498 ], [ 73.954164002966394, 33.007499151364797 ], [ 73.951799240142904, 33.009851294901402 ], [ 73.951096094409294, 33.010550686864697 ], [ 73.951095871377404, 33.010551163505397 ], [ 73.950412400112199, 33.0120085499547 ], [ 73.949141999803501, 33.014717459942901 ], [ 73.949141408948904, 33.014718719892997 ], [ 73.945251681919601, 33.017770256292302 ], [ 73.942200144620998, 33.021935014889102 ], [ 73.921098048336304, 33.0341640815072 ], [ 73.921097092357002, 33.034164260472302 ], [ 73.9033192455868, 33.037497197437702 ], [ 73.902153075803895, 33.037554955496802 ], [ 73.897766235023795, 33.037772228105901 ], [ 73.891096727831794, 33.037497197437702 ], [ 73.887203858571297, 33.036194464702803 ], [ 73.886107406931302, 33.0358275422074 ], [ 73.886106875432006, 33.035827365040902 ], [ 73.880265736474598, 33.0352707539422 ], [ 73.873634474751299, 33.0335677401591 ], [ 73.860810553364402, 33.030274354477903 ], [ 73.8608093419776, 33.030273441665997 ], [ 73.857483985397707, 33.027769604983298 ], [ 73.848037972474501, 33.024161458384597 ], [ 73.825873025020101, 33.013554900038699 ], [ 73.8224960869249, 33.0119389397303 ], [ 73.817214832598495, 33.010275656196598 ], [ 73.815409379739194, 33.010055744077398 ], [ 73.805817408646504, 33.008887403331101 ], [ 73.802221883133498, 33.0108981678163 ], [ 73.789658768737198, 33.017923972913103 ], [ 73.789430132294896, 33.018051835823599 ], [ 73.778870898972897, 33.0222165944203 ], [ 73.778522623020706, 33.022295222146802 ], [ 73.773939982744096, 33.023329815718398 ], [ 73.764404133843797, 33.038186436055199 ], [ 73.758606992418805, 33.047218240129702 ], [ 73.755726527757105, 33.049232869001699 ], [ 73.750274201693102, 33.053046283159503 ], [ 73.624375539099901, 32.951106160620903 ], [ 73.542104207543204, 32.885151495145401 ], [ 73.414548772507899, 32.818237168510599 ], [ 73.217363387410401, 32.723931114729197 ], [ 73.030013007094695, 32.660047644583202 ], [ 72.712686919166103, 32.534918200914298 ], [ 72.472063961782496, 32.467050187316303 ], [ 72.230666729486003, 32.453958565635297 ], [ 71.990818047914601, 32.485559645161601 ], [ 71.737855451368006, 32.682993866373899 ], [ 71.567597312466006, 32.904762876105899 ], [ 71.464527053281003, 33.0526458267436 ] ] ] } },
{ "type": "Feature", "properties": { "FID": 8, "pk_key": 8, "AEZ": "Dry plateau", "Shape__Area": 159535595258.707, "Shape__Length": 3322897.6695868201 }, "geometry": { "type": "Polygon", "coordinates": [ [ [ 60.893421981539298, 29.857307205463201 ], [ 60.878597690930803, 29.861780626674701 ], [ 60.878597260155502, 29.861780167121101 ], [ 60.965248107514199, 29.7607898707559 ], [ 61.051734923927697, 29.659740448463001 ], [ 61.125862121839504, 29.572931289847201 ], [ 61.138885497567699, 29.559194564677401 ], [ 61.192588805828798, 29.5024948124857 ], [ 61.234600066839697, 29.464958191267598 ], [ 61.311130523954503, 29.396474838143298 ], [ 61.337066649806097, 29.3763160713297 ], [ 61.372604369496102, 29.348672866759401 ], [ 61.377487182787299, 29.335302352721399 ], [ 61.373420714694298, 29.316474915285202 ], [ 61.3577461240844, 29.282783508252301 ], [ 61.363643646037502, 29.268745422063599 ], [ 61.383487700497, 29.221462249782999 ], [ 61.390972136454998, 29.213611602693302 ], [ 61.399131774411899, 29.208530425938498 ], [ 61.422435760002401, 29.2005100255173 ], [ 61.428668975492897, 29.193780898669601 ], [ 61.419509887671197, 29.168891907435601 ], [ 61.414836883515399, 29.1561889646491 ], [ 61.413356781090599, 29.1412181852711 ], [ 61.415805816685101, 29.135641098058301 ], [ 61.443531035828698, 29.128124237043899 ], [ 61.458625793045897, 29.1224060057326 ], [ 61.470520019583297, 29.1139488216808 ], [ 61.477939605428503, 29.102764129660901 ], [ 61.4788742069791, 29.080551146718101 ], [ 61.481376647913997, 29.078062057118299 ], [ 61.503166198561203, 29.0564079281834 ], [ 61.505565642840203, 29.048053740787601 ], [ 61.503231048674003, 29.019216536913699 ], [ 61.504318236397502, 29.0075454708469 ], [ 61.5394706730332, 28.9707527157653 ], [ 61.547218322567602, 28.962640761661898 ], [ 61.563320159497799, 28.942466736051099 ], [ 61.5736045833848, 28.914033889852199 ], [ 61.613449096998302, 28.863981247236801 ], [ 61.620002746329803, 28.855739593807201 ], [ 61.640266417261401, 28.821624756277501 ], [ 61.665687560732401, 28.7952156068148 ], [ 61.681037902577202, 28.770593643182099 ], [ 61.693515777431202, 28.760499953809902 ], [ 61.721061706832401, 28.738201141369601 ], [ 61.7775230406559, 28.679920196659801 ], [ 61.787921905971302, 28.6660804748341 ], [ 61.795623779114202, 28.655830383465499 ], [ 61.8041572571518, 28.6401691441907 ], [ 61.822914123887799, 28.6326942437444 ], [ 61.862563999029398, 28.602756536784799 ], [ 61.870109557410203, 28.5970592497846 ], [ 61.892150878660203, 28.583728789751898 ], [ 61.896758296158502, 28.580942339317598 ], [ 61.908607482849099, 28.573776245377498 ], [ 61.9575843807146, 28.5486946112674 ], [ 61.993164061872001, 28.5407543179575 ], [ 62.015834807830203, 28.5285987853057 ], [ 62.018268584627499, 28.526763916521599 ], [ 62.043304442346198, 28.507888794332398 ], [ 62.115787505988699, 28.485099792021899 ], [ 62.148555755343899, 28.489053726148601 ], [ 62.152355194037099, 28.489509583500499 ], [ 62.170547484379, 28.487548828515699 ], [ 62.202426909474397, 28.4786968231999 ], [ 62.239875792833601, 28.465856552138199 ], [ 62.269435882560003, 28.4664669040245 ], [ 62.286888122588799, 28.464508057401002 ], [ 62.296291350265697, 28.4634513854731 ], [ 62.349964141831698, 28.441194534500202 ], [ 62.372520446361598, 28.438018799028399 ], [ 62.4166831968721, 28.4183464053623 ], [ 62.418247223130898, 28.417583466403901 ], [ 62.439670562646398, 28.4071292882861 ], [ 62.472339629370502, 28.376056671078601 ], [ 62.502880096139599, 28.3313465122318 ], [ 62.511711120271997, 28.3252258298082 ], [ 62.5159683228799, 28.3222732539076 ], [ 62.541584014890397, 28.3099670407464 ], [ 62.573104857803003, 28.278514861971399 ], [ 62.592315673529598, 28.255126953446201 ], [ 62.619998932105098, 28.258190154951802 ], [ 62.7059516906181, 28.4784641263184 ], [ 62.851009368887297, 28.572738647170901 ], [ 63.032998215095603, 28.5944844979613 ], [ 63.185283719468103, 28.561172043654999 ], [ 63.399435209767198, 28.532618512034698 ], [ 63.553535461492402, 28.512048721771102 ], [ 63.693134422215898, 28.5088506426431 ], [ 63.769132879079201, 28.4797845999794 ], [ 63.848755136140703, 28.4371397279162 ], [ 63.960041045757698, 28.369972229534799 ], [ 64.210021972436195, 28.3113117214588 ], [ 64.425600450300607, 28.3346153590116 ], [ 64.556083678618904, 28.392463683951899 ], [ 64.736424795967594, 28.4338777573527 ], [ 64.794658735812007, 28.454818681636901 ], [ 64.901621314771901, 28.493226685663 ], [ 65.037302929386698, 28.543350377418001 ], [ 65.193907972874698, 28.5973839661971 ], [ 65.368361631683996, 28.6089381491763 ], [ 65.439745461184103, 28.6041792264901 ], [ 65.489714142194003, 28.580384616656801 ], [ 65.560676574564297, 28.462152481152099 ], [ 65.538028098517998, 28.351515040286898 ], [ 65.512267526625095, 28.2436904494547 ], [ 65.452722521826999, 28.102404178909801 ], [ 65.412049473604398, 28.042425940105101 ], [ 65.278915323583405, 27.951017595485698 ], [ 65.157112121427303, 27.937009811054001 ], [ 65.021010159191604, 27.8871250152073 ], [ 64.904769897013196, 27.853040695271901 ], [ 64.705218201358903, 27.759381084969199 ], [ 64.636634207802501, 27.745910245261602 ], [ 64.521507263149701, 27.749294280806499 ], [ 64.4323806757276, 27.7370815278903 ], [ 64.296844482387002, 27.724115371527201 ], [ 64.170745849241598, 27.7078361514173 ], [ 63.980251312248299, 27.695209503515802 ], [ 63.831581115775897, 27.7230281829044 ], [ 63.725801938508702, 27.734423436792198 ], [ 63.617422573892703, 27.718668737272498 ], [ 63.513371711035703, 27.7285133522095 ], [ 63.382308959590901, 27.775821685722299 ], [ 63.3072425259219, 27.8485628341076 ], [ 63.169999878891403, 27.8934516046079 ], [ 63.046582277650003, 27.947127300984199 ], [ 62.946260262101497, 27.9837480805095 ], [ 62.885016888518599, 28.0024105148335 ], [ 62.770671844130298, 28.046142578217498 ], [ 62.768226623460002, 28.032405853047699 ], [ 62.771831511814902, 28.015052794750702 ], [ 62.790061950498703, 27.978113174083798 ], [ 62.796356200278503, 27.924062729311601 ], [ 62.797473906495703, 27.914451599062101 ], [ 62.801883866147499, 27.888780840663301 ], [ 62.808273314561902, 27.8515872964167 ], [ 62.810674150091998, 27.8418986670899 ], [ 62.819816588764603, 27.8050041204439 ], [ 62.820579528622403, 27.799785614514601 ], [ 62.823938777053002, 27.776820792945301 ], [ 62.830017089717003, 27.735267639390099 ], [ 62.8359680179097, 27.674337387260699 ], [ 62.8385925283226, 27.647441863751101 ], [ 62.851242064869403, 27.548858643311799 ], [ 62.852039336346401, 27.5426692958514 ], [ 62.855392455897203, 27.465137482309 ], [ 62.839981078863701, 27.425014496322 ], [ 62.807399749998503, 27.3400745390088 ], [ 62.828052520707303, 27.319345474314201 ], [ 62.830661774121602, 27.310951232913101 ], [ 62.8325309745249, 27.304943085355099 ], [ 62.823181151289099, 27.2862167362135 ], [ 62.781478882044802, 27.2514247892227 ], [ 62.782966613418502, 27.234277725137002 ], [ 62.797943114283299, 27.221523285371301 ], [ 62.811103820984599, 27.2163524632956 ], [ 62.821361541302203, 27.212320327720999 ], [ 62.843658446280301, 27.213087082502899 ], [ 62.8783302303559, 27.217138290000101 ], [ 62.892322540153103, 27.210790633980601 ], [ 62.9087066643811, 27.1992378233669 ], [ 62.944293975386699, 27.193300247408601 ], [ 62.951656341866702, 27.192070007225102 ], [ 62.977245330307802, 27.195110320984501 ], [ 63.0586471559416, 27.233188629052002 ], [ 63.074733734074599, 27.233518600203301 ], [ 63.115772246991597, 27.234350204198599 ], [ 63.1842231750595, 27.241436004867801 ], [ 63.2113571169374, 27.227437972684399 ], [ 63.228376946738798, 27.218647061013101 ], [ 63.228965160913503, 27.218343243046299 ], [ 63.279518126960099, 27.192232132506899 ], [ 63.299243926865799, 27.178920746195601 ], [ 63.313407897456599, 27.1476154330059 ], [ 63.317459105853104, 27.138658524471399 ], [ 63.313079833767397, 27.129333496443699 ], [ 63.303485869777099, 27.122362137202899 ], [ 63.290306091153198, 27.115695953005901 ], [ 63.273200988534803, 27.102432251447301 ], [ 63.2559051505024, 27.082952498858798 ], [ 63.2560920718917, 27.0462150574789 ], [ 63.256690979005597, 26.9286766050413 ], [ 63.260658263568097, 26.920757293814098 ], [ 63.276386260417702, 26.889341354120202 ], [ 63.281391144086101, 26.874574661491501 ], [ 63.275531768676203, 26.864768981803099 ], [ 63.204772949112296, 26.849542617797599 ], [ 63.203430175862003, 26.8492527006517 ], [ 63.1921348564385, 26.843492507872998 ], [ 63.203205108828698, 26.768262863440398 ], [ 63.1997337338248, 26.737987517709801 ], [ 63.197139740106998, 26.731376648113901 ], [ 63.173118591050198, 26.670112609909101 ], [ 63.169185638106804, 26.647294998365499 ], [ 63.1620254518132, 26.643615723486899 ], [ 63.156524657686901, 26.644990920894301 ], [ 63.127971648572803, 26.644601822016501 ], [ 63.0908686076002, 26.6440853620499 ], [ 63.0900154108826, 26.644073486502201 ], [ 63.071776632785401, 26.641004530234898 ], [ 63.051441192357203, 26.637582778922098 ], [ 63.0019187927182, 26.651948928800099 ], [ 62.985877990976597, 26.653348923214299 ], [ 62.952751159438499, 26.652984618645299 ], [ 62.946529387821002, 26.652915955407099 ], [ 62.919460296955201, 26.646133423218899 ], [ 62.840080260595599, 26.6475334167338 ], [ 62.821601868031799, 26.652202605965499 ], [ 62.8139801028995, 26.652227402072999 ], [ 62.803470611979201, 26.6522636411541 ], [ 62.778697967836997, 26.652280807413401 ], [ 62.760684966338196, 26.648427963379799 ], [ 62.736843108822498, 26.638530730908499 ], [ 62.731590270374703, 26.634313583205401 ], [ 62.726383208318502, 26.624120712101199 ], [ 62.721385955397601, 26.619895935449101 ], [ 62.710224152023002, 26.617013931148001 ], [ 62.697170257801197, 26.613401412944899 ], [ 62.685165404759701, 26.612556458513801 ], [ 62.660850524532101, 26.616514205765998 ], [ 62.648326873286599, 26.609146117799099 ], [ 62.637802123569202, 26.599430084331001 ], [ 62.610573065794398, 26.586192082698499 ], [ 62.608146667035101, 26.585012435675399 ], [ 62.5821979974397, 26.582846582204098 ], [ 62.581958770580798, 26.5828266136573 ], [ 62.529872893918998, 26.578460692906699 ], [ 62.5119590759506, 26.5813446037705 ], [ 62.4784240718135, 26.569566727022899 ], [ 62.4633522023423, 26.567613601886301 ], [ 62.441226959056998, 26.570030212424399 ], [ 62.434532165626997, 26.568136215014398 ], [ 62.410686492287802, 26.544387816844299 ], [ 62.4092763166487, 26.543393395089101 ], [ 62.403537749867297, 26.539346694993998 ], [ 62.397117614786197, 26.5383148191736 ], [ 62.361339568366397, 26.539539336970901 ], [ 62.353424072063298, 26.535907745046501 ], [ 62.3432502746805, 26.531242370738902 ], [ 62.333602904450501, 26.5285396579789 ], [ 62.315067290722901, 26.528869629130099 ], [ 62.306018828506197, 26.524431229317798 ], [ 62.299388884289598, 26.513628006327501 ], [ 62.295864104844597, 26.498744964808299 ], [ 62.2970390313263, 26.494127274354302 ], [ 62.304504394462299, 26.484800338864599 ], [ 62.3087959286892, 26.4766788483502 ], [ 62.302204131915197, 26.4675979610771 ], [ 62.288294221601099, 26.453170375812199 ], [ 62.2882948853008, 26.453169879386401 ], [ 62.2825927725385, 26.447250366311401 ], [ 62.269779205046298, 26.4457492827033 ], [ 62.2577095027914, 26.448831557930099 ], [ 62.256370543565801, 26.445981978685399 ], [ 62.264621734305599, 26.432088852418602 ], [ 62.264713287088597, 26.4126949311262 ], [ 62.291336059711398, 26.3868370058232 ], [ 62.291503905580797, 26.371135711643799 ], [ 62.282505034679701, 26.358366013081099 ], [ 62.263530730758603, 26.358234406292901 ], [ 62.238296508677003, 26.364759445491998 ], [ 62.232929229700197, 26.3661479951339 ], [ 62.199665069887203, 26.369482040064199 ], [ 62.144687652513198, 26.389328002885101 ], [ 62.132389068300903, 26.389989852649599 ], [ 62.128089905125101, 26.380365371964398 ], [ 62.128082274377498, 26.3641147610874 ], [ 62.128074645428597, 26.329578400522799 ], [ 62.121147156016498, 26.3167629237699 ], [ 62.106742858696002, 26.314228057778699 ], [ 62.061145782152202, 26.315418243057501 ], [ 62.038501739763497, 26.3045539857779 ], [ 61.986679076678101, 26.279666901106701 ], [ 61.958244323916503, 26.268585204843401 ], [ 62.630537819165099, 26.169730560916701 ], [ 62.992459922187699, 26.086700858058201 ], [ 63.335912885771101, 25.9252465738703 ], [ 63.821322931408197, 25.746786998321301 ], [ 64.092867588068799, 25.696479214444299 ], [ 64.562494289879595, 25.723572189504999 ], [ 64.984879362692496, 25.8681395097307 ], [ 65.367030770853404, 26.009670932767399 ], [ 66.088447570898694, 26.3520526886807 ], [ 66.4560214516288, 26.440603094857 ], [ 67.072045949261195, 26.5101083269378 ], [ 67.229034737962806, 26.527010737655502 ], [ 67.394292425055397, 26.4444322480499 ], [ 67.264331116487895, 26.701302031063999 ], [ 67.268810308648895, 26.7841670761497 ], [ 67.2727188746764, 26.856475547208799 ], [ 67.276758704850394, 26.9312124063275 ], [ 67.145445128889705, 27.011861543475501 ], [ 67.089359702688199, 27.042241149409602 ], [ 67.005309396111798, 27.081228481409401 ], [ 66.926044396531694, 27.094305455832199 ], [ 66.802282917922398, 27.114723365890601 ], [ 66.599553813157996, 27.134030900106001 ], [ 66.352093540484603, 27.0965954921883 ], [ 66.136905460118996, 27.100985442824001 ], [ 65.950076767528898, 27.1047968478962 ], [ 65.803932427639495, 27.145581314026501 ], [ 65.643126297440702, 27.1904574436562 ], [ 65.518938380102199, 27.270091022282902 ], [ 65.421836424011801, 27.3903321685947 ], [ 65.415292704095094, 27.575696790974199 ], [ 65.446518429981595, 27.765855920414399 ], [ 65.550711394715194, 27.943880474104699 ], [ 65.709615301405094, 28.166507127701799 ], [ 65.822169609439996, 28.489162810315499 ], [ 65.912389467599894, 28.857593500339799 ], [ 65.973953247144706, 29.164493560729301 ], [ 66.033859252402607, 29.4370384217858 ], [ 66.059621693086697, 29.679585306017099 ], [ 66.035537569003694, 29.792132246805799 ], [ 66.002540372040599, 29.783566990324399 ], [ 65.938111037694298, 29.7669243280953 ], [ 65.915558479740099, 29.760107483173801 ], [ 65.894970426044395, 29.7553864839991 ], [ 65.887986600401305, 29.7537850387486 ], [ 65.8806090074997, 29.751490863712402 ], [ 65.874519894877295, 29.749597361828801 ], [ 65.869004526337903, 29.7481985976872 ], [ 65.853218072656006, 29.744194963426899 ], [ 65.834044469077, 29.7384094853095 ], [ 65.783325096076396, 29.7243491966581 ], [ 65.781143526052901, 29.723744428662499 ], [ 65.747616708444397, 29.715778278944502 ], [ 65.737226935274904, 29.713309613847599 ], [ 65.731307217154395, 29.71078194603 ], [ 65.697799247537304, 29.702809314898001 ], [ 65.669145068290305, 29.6949555390669 ], [ 65.658653139330994, 29.6920798237249 ], [ 65.637121322691002, 29.686847502410401 ], [ 65.636071113291294, 29.686592297296698 ], [ 65.636070394732997, 29.686592137217399 ], [ 65.635989190448797, 29.686574105810401 ], [ 65.610856645717703, 29.680993447389699 ], [ 65.571517360437895, 29.669311169474899 ], [ 65.534659904530997, 29.660474154958301 ], [ 65.529072788978098, 29.658449334069601 ], [ 65.5225356125285, 29.656080204138199 ], [ 65.521270208853096, 29.655899954819098 ], [ 65.515754783656405, 29.655114319670201 ], [ 65.441339197445998, 29.636222296521801 ], [ 65.423485089065693, 29.631124395974201 ], [ 65.405578592478093, 29.6259511897956 ], [ 65.369673923313002, 29.6155687622886 ], [ 65.2862838063526, 29.593461491954301 ], [ 65.279384954951794, 29.592256689094999 ], [ 65.2758784596232, 29.591644320928701 ], [ 65.261933723062995, 29.587378063047201 ], [ 65.253669647736103, 29.585039405744102 ], [ 65.239950872135097, 29.5811571188061 ], [ 65.232302238857301, 29.579192440079101 ], [ 65.194891592872807, 29.569582889938498 ], [ 65.129385843781705, 29.551659643477802 ], [ 65.097137643587402, 29.542836105302101 ], [ 65.0670479206251, 29.536235355777102 ], [ 65.060132650301597, 29.535441914512798 ], [ 65.054006857930204, 29.534739054763602 ], [ 65.028556648370696, 29.534306863071301 ], [ 64.9999992415718, 29.537417334742301 ], [ 64.955771604975695, 29.553572144438998 ], [ 64.954750059667603, 29.553653998932901 ], [ 64.821700439623697, 29.5640724433886 ], [ 64.815950314755298, 29.564755974908401 ], [ 64.811013513362994, 29.565342824811601 ], [ 64.7706692024218, 29.570125134367501 ], [ 64.768882744143397, 29.570336895931099 ], [ 64.762123442343096, 29.571138126223602 ], [ 64.748321406607701, 29.572194277444002 ], [ 64.667434128082604, 29.578383888405799 ], [ 64.631928908991995, 29.581081813175199 ], [ 64.599763955442299, 29.579398099742502 ], [ 64.532289031913393, 29.575866042983499 ], [ 64.528800880056593, 29.5755487055084 ], [ 64.523399630988294, 29.575057320439001 ], [ 64.487616105898596, 29.571786413312399 ], [ 64.456232697381196, 29.564188392080698 ], [ 64.455483294118807, 29.564006959253799 ], [ 64.452851757302795, 29.562750849172399 ], [ 64.446552476715496, 29.559744014474699 ], [ 64.428114415148201, 29.5509429773366 ], [ 64.411805718858901, 29.545098563947601 ], [ 64.390762557845804, 29.5441719708598 ], [ 64.386798375045004, 29.545036554793199 ], [ 64.385733414965202, 29.545268820899398 ], [ 64.3800985337204, 29.5465031727833 ], [ 64.369994426601593, 29.548716533840999 ], [ 64.352598703567395, 29.5453899658743 ], [ 64.325290291413907, 29.534381793684901 ], [ 64.315276313451093, 29.5303451039434 ], [ 64.279418078081903, 29.528089231033199 ], [ 64.279417483629999, 29.528089194161002 ], [ 64.266815160591193, 29.523842581070301 ], [ 64.260263523942498, 29.519075442178 ], [ 64.251632783326301, 29.512795494316698 ], [ 64.240497867882397, 29.5046873470435 ], [ 64.237419564061696, 29.502445808427399 ], [ 64.218995487851501, 29.4973751312573 ], [ 64.208046885855097, 29.494361854715901 ], [ 64.193335868455605, 29.480508612482499 ], [ 64.171042091319507, 29.4595147460088 ], [ 64.152336695482205, 29.449561235762499 ], [ 64.152336343847296, 29.4495602851791 ], [ 64.146583959881895, 29.4339859572862 ], [ 64.131074163741701, 29.3919454728054 ], [ 64.119994335370293, 29.382103285138601 ], [ 64.105293262673996, 29.377476866763999 ], [ 64.0888189490353, 29.382408095956901 ], [ 64.087256918372105, 29.382875656186599 ], [ 64.087255799615505, 29.382875990734401 ], [ 64.084639690669206, 29.384075519069999 ], [ 64.067839906086903, 29.3917784893858 ], [ 64.053155204649002, 29.405251743773 ], [ 64.050675447314106, 29.407524454689899 ], [ 64.044684897689905, 29.413014827472399 ], [ 64.032370703045601, 29.4176936322553 ], [ 63.998312302470801, 29.423555946649699 ], [ 63.916107809427899, 29.4377054273636 ], [ 63.912664711806997, 29.438295491443899 ], [ 63.910777443124601, 29.438618922725102 ], [ 63.7741000307918, 29.459685003859899 ], [ 63.664895173073802, 29.476407230909 ], [ 63.644845186456202, 29.479477428240799 ], [ 63.632161008923497, 29.4820509345031 ], [ 63.617533285832501, 29.4850161233954 ], [ 63.590844118961002, 29.490426289241899 ], [ 63.563612138389502, 29.4895514953053 ], [ 63.560165042382799, 29.489440760882498 ], [ 63.483562918294098, 29.484339299019499 ], [ 63.416310625534997, 29.479860507056799 ], [ 63.393468708913801, 29.478322793162398 ], [ 63.364513081413598, 29.476373503634399 ], [ 63.272721416959897, 29.467818068648999 ], [ 63.233818421582903, 29.464159839704902 ], [ 63.2289053622927, 29.4636978417821 ], [ 63.129302465336501, 29.454331718334199 ], [ 63.085980972144199, 29.4502124564398 ], [ 62.985919530661903, 29.440698028491301 ], [ 62.842575885568699, 29.4269137264873 ], [ 62.754785827404099, 29.418379222323299 ], [ 62.699268256524903, 29.412982085854701 ], [ 62.6925898748229, 29.4123259539796 ], [ 62.648968589928501, 29.408040286929701 ], [ 62.555999918861197, 29.398906381024702 ], [ 62.455773963497698, 29.388965968504699 ], [ 62.438469919151501, 29.394124129924698 ], [ 62.414804135402598, 29.401178662964998 ], [ 62.316968618506998, 29.430267435094098 ], [ 62.278296981820297, 29.441765411344701 ], [ 62.141685052723098, 29.482214643491002 ], [ 62.004974898772602, 29.5225296338356 ], [ 61.976380299611201, 29.530926607377101 ], [ 61.8681566957749, 29.562707108845999 ], [ 61.821171961716701, 29.576449284806699 ], [ 61.7312369943918, 29.602753617385599 ], [ 61.684714756480901, 29.616314380304502 ], [ 61.652519135150001, 29.6256990783498 ], [ 61.594569404454496, 29.643563010024899 ], [ 61.4582750718371, 29.685456155876899 ], [ 61.321872691071903, 29.727218335258002 ], [ 61.185362260360101, 29.768842998405699 ], [ 61.048747057730601, 29.8103366941831 ], [ 60.9120270813847, 29.851692873727199 ], [ 60.893421981539298, 29.857307205463201 ] ] ] } },
{ "type": "Feature", "properties": { "FID": 9, "pk_key": 9, "AEZ": "Sandy desert", "Shape__Area": 156874128608.836, "Shape__Length": 4067924.4881309601 }, "geometry": { "type": "MultiPolygon", "coordinates": [ [ [ [ 65.538028098517998, 28.351515040286898 ], [ 65.560676574564297, 28.462152481152199 ], [ 65.489714142194003, 28.580384616656801 ], [ 65.439745461184103, 28.604179226490199 ], [ 65.368361631683996, 28.6089381491763 ], [ 65.193907972874698, 28.5973839661971 ], [ 65.037302929386698, 28.543350377418101 ], [ 64.901621314771901, 28.493226685663 ], [ 64.794658735812106, 28.454818681636901 ], [ 64.736424795967594, 28.433877757352601 ], [ 64.556083678618904, 28.392463683951998 ], [ 64.425600450300607, 28.3346153590116 ], [ 64.210021972436195, 28.3113117214588 ], [ 63.960041045757698, 28.369972229534799 ], [ 63.848755136140703, 28.4371397279162 ], [ 63.769132879079201, 28.4797845999794 ], [ 63.693134422215799, 28.5088506426431 ], [ 63.553535461492402, 28.512048721771102 ], [ 63.399435209767198, 28.532618512034698 ], [ 63.185283719468103, 28.561172043654999 ], [ 63.032998215095603, 28.5944844979613 ], [ 62.851009368887297, 28.572738647170802 ], [ 62.705951690618001, 28.4784641263184 ], [ 62.619998932105098, 28.258190154951699 ], [ 62.630702971564901, 28.259374618743699 ], [ 62.771614074629902, 28.279050827333901 ], [ 62.786937713804498, 28.281181334750801 ], [ 62.791938781649499, 28.277097702197299 ], [ 62.796569823438702, 28.2089481351484 ], [ 62.790931701936501, 28.171073913830099 ], [ 62.780792235273601, 28.102933884091499 ], [ 62.778011661009501, 28.0873304874121 ], [ 62.770671844130298, 28.046142578217498 ], [ 62.885016888518599, 28.0024105148334 ], [ 62.946260262101497, 27.983748080509599 ], [ 63.046582277650003, 27.947127300984199 ], [ 63.169999878891304, 27.8934516046079 ], [ 63.3072425259219, 27.8485628341076 ], [ 63.382308959590901, 27.775821685722299 ], [ 63.513371711035703, 27.7285133522095 ], [ 63.617422573892703, 27.718668737272399 ], [ 63.725801938508702, 27.734423436792198 ], [ 63.831581115775897, 27.7230281829044 ], [ 63.980251312248299, 27.695209503515802 ], [ 64.170745849241598, 27.7078361514174 ], [ 64.296844482387002, 27.724115371527201 ], [ 64.4323806757276, 27.737081527890201 ], [ 64.521507263149701, 27.749294280806399 ], [ 64.636634207802501, 27.745910245261602 ], [ 64.705218201359003, 27.759381084969199 ], [ 64.904769897013196, 27.853040695271901 ], [ 65.021010159191604, 27.887125015207399 ], [ 65.157112121427303, 27.937009811054001 ], [ 65.278915323583306, 27.951017595485698 ], [ 65.412049473604398, 28.042425940105101 ], [ 65.452722521826999, 28.102404178909801 ], [ 65.512267526625195, 28.2436904494547 ], [ 65.538028098517998, 28.351515040286898 ] ] ], [ [ [ 72.622954033102204, 28.8886154470453 ], [ 72.622954561004306, 28.888615744720902 ], [ 72.643793228774598, 28.900353884923899 ], [ 72.676552376990699, 28.918806671091101 ], [ 72.6822916506392, 28.923051673495898 ], [ 72.686034405063793, 28.925819965718901 ], [ 72.698905209907593, 28.932568052973298 ], [ 72.704719413270396, 28.934874394038101 ], [ 72.706779615287104, 28.935691622370499 ], [ 72.721762267514706, 28.9440178642331 ], [ 72.723421201027605, 28.9452193827683 ], [ 72.730193283993003, 28.950124212362599 ], [ 72.745854292141999, 28.955839922874201 ], [ 72.756416200047596, 28.959694642893499 ], [ 72.773704297615296, 28.9667374334859 ], [ 72.781090427781095, 28.9697463788923 ], [ 72.847222336141897, 28.994905186525301 ], [ 72.871369420862095, 29.0035621198959 ], [ 72.885932578925406, 29.0091337967873 ], [ 72.914955318333398, 29.0202375237428 ], [ 72.918615853139102, 29.020650070644301 ], [ 72.936217850073803, 29.027545496527502 ], [ 72.944419673429195, 29.0340971331762 ], [ 72.962480055710003, 29.0689802570332 ], [ 72.963795637058993, 29.0729238579497 ], [ 72.965223819823507, 29.0772050005104 ], [ 72.999815542653195, 29.1465226861731 ], [ 73.000337716012794, 29.148553191676498 ], [ 73.000932037483594, 29.150864249685402 ], [ 73.005738536104602, 29.156774147209202 ], [ 73.026121207128099, 29.1776109344971 ], [ 73.033660751742403, 29.185318457181101 ], [ 73.044014043913094, 29.197636399300499 ], [ 72.926231397660999, 29.349025753535798 ], [ 72.759669127028701, 29.467998804501299 ], [ 72.474133806330201, 29.5726950883077 ], [ 72.198116329205206, 29.544141556687499 ], [ 72.055348669305701, 29.472757726288101 ], [ 71.862394119592906, 29.3925276318448 ], [ 71.797366227969107, 29.3574857263852 ], [ 71.694075791364796, 29.322821702559601 ], [ 71.516280828297596, 29.2241119969711 ], [ 71.422227618010197, 29.1866028473436 ], [ 71.298680069229803, 29.106320731616499 ], [ 71.141635643070501, 29.015901213170402 ], [ 71.013144748531303, 28.939758460984201 ], [ 70.999606516327702, 28.928650167271499 ], [ 70.6857593046483, 28.605705260889099 ], [ 70.405305417011505, 28.2876785192482 ], [ 70.325514848231705, 28.2385164410809 ], [ 70.095146179352795, 28.094211578101898 ], [ 69.961590733825304, 27.9942619727119 ], [ 69.837485073877104, 27.9013843535052 ], [ 69.684967040796295, 27.807395934874499 ], [ 69.459107503408703, 27.690663087931298 ], [ 69.225646860114594, 27.517140339854901 ], [ 68.924808602634997, 27.3068989174511 ], [ 68.652843719761904, 27.084401304876401 ], [ 68.592498778795601, 26.9763679508203 ], [ 68.568045375993293, 26.885950088925501 ], [ 68.527296780222301, 26.746156692977099 ], [ 68.497001492924596, 26.537218068958801 ], [ 68.621439980270907, 26.298426070107102 ], [ 68.794456481981101, 26.1667575838954 ], [ 68.978796718993493, 26.134634018045599 ], [ 69.163389372321703, 26.0850954503947 ], [ 69.404127835031602, 25.906801224197199 ], [ 69.551628036005098, 25.7182184399291 ], [ 69.670267040091801, 25.591997602407499 ], [ 69.756508889273903, 25.460724379926202 ], [ 69.756227794477198, 25.372423675012701 ], [ 69.732231140254996, 25.215084076069299 ], [ 69.671050292037407, 25.0807076790162 ], [ 69.598949584156102, 25.0232070481668 ], [ 69.553278324335295, 24.987871493374801 ], [ 69.4826108740927, 24.931507573215999 ], [ 69.4433038420988, 24.906445233161001 ], [ 69.402866923469702, 24.882986578567699 ], [ 69.334592791324297, 24.845283945197998 ], [ 69.280035017402298, 24.812787006015601 ], [ 69.246530350994902, 24.7792544579269 ], [ 69.210959589313603, 24.731123216863001 ], [ 69.192358138017696, 24.677570788760899 ], [ 69.161304000079596, 24.611861286569098 ], [ 69.141937804885899, 24.5615091796051 ], [ 69.097948846562105, 24.457503975328301 ], [ 69.068470999836904, 24.343988913457601 ], [ 69.084397513034801, 24.267769652347699 ], [ 69.085440459509599, 24.268277825061599 ], [ 69.0854411268066, 24.268277897007401 ], [ 69.088012437823807, 24.2685546004145 ], [ 69.092925238109402, 24.2690832740739 ], [ 69.105475173840304, 24.2660743007884 ], [ 69.118293591376201, 24.262377750832499 ], [ 69.125086386627501, 24.259062362338199 ], [ 69.1369629720636, 24.2532657047485 ], [ 69.145374742150693, 24.250839374337701 ], [ 69.148268720025499, 24.250004620916599 ], [ 69.148268729018696, 24.250004081323301 ], [ 69.148282134313106, 24.249253348863 ], [ 69.148285089485299, 24.2490878502242 ], [ 69.155382513891894, 24.2489724447226 ], [ 69.155532867048194, 24.248970000365201 ], [ 69.155534126998404, 24.248969979680901 ], [ 69.158087987570696, 24.2462589580845 ], [ 69.190017801680298, 24.235742287876299 ], [ 69.198767420080401, 24.235254565745599 ], [ 69.199768312457707, 24.2351987745039 ], [ 69.222291404125002, 24.2474507603443 ], [ 69.228310883140793, 24.250845380010301 ], [ 69.228974006345396, 24.251219342398699 ], [ 69.233018186540093, 24.251555171733798 ], [ 69.236426042427993, 24.2518381623014 ], [ 69.2364270415747, 24.251838662324499 ], [ 69.243400048373502, 24.2553284392561 ], [ 69.267746859030296, 24.2637037939949 ], [ 69.270736185726506, 24.2642047442536 ], [ 69.2712431596442, 24.266010690840702 ], [ 69.2714465710025, 24.266735286304399 ], [ 69.271446683417693, 24.266735686502798 ], [ 69.272120227966198, 24.267146306157201 ], [ 69.274910766718605, 24.268847532987301 ], [ 69.282705363561703, 24.271085298947401 ], [ 69.292565150961096, 24.2739159654495 ], [ 69.3102719216119, 24.276689195849801 ], [ 69.330810859733504, 24.273997819044201 ], [ 69.355315981647294, 24.267839963143899 ], [ 69.361938497463797, 24.266175800972398 ], [ 69.369647816993194, 24.266107234861099 ], [ 69.382186033658598, 24.265995720726 ], [ 69.391884158027594, 24.269106193296199 ], [ 69.395141967427904, 24.268693646394699 ], [ 69.400367560914205, 24.270926636954702 ], [ 69.407843237475504, 24.272867835282401 ], [ 69.411627469532206, 24.2738504813147 ], [ 69.421184922845896, 24.273756380752399 ], [ 69.431580328469494, 24.273654029809698 ], [ 69.436543006054904, 24.272955401370801 ], [ 69.438325141292296, 24.2727045183988 ], [ 69.442846785950493, 24.270929912285698 ], [ 69.468202042390402, 24.264384824499999 ], [ 69.472659528514498, 24.263906084797998 ], [ 69.477713538549096, 24.263363279192099 ], [ 69.477713543045695, 24.263362991409 ], [ 69.477728110264096, 24.262343249241599 ], [ 69.477729909807607, 24.2622173162762 ], [ 69.489722196622196, 24.262577617962702 ], [ 69.504211485271895, 24.263012941993701 ], [ 69.529603952060697, 24.270315960413299 ], [ 69.542542322969894, 24.274037109525 ], [ 69.559738321866107, 24.277458628812699 ], [ 69.579101828986296, 24.286862075924098 ], [ 69.586705702106499, 24.286794185203501 ], [ 69.590103076395906, 24.286763851071001 ], [ 69.605658181280106, 24.273643983483101 ], [ 69.612878279509104, 24.267554231442599 ], [ 69.617478503330304, 24.260275726743401 ], [ 69.666799539367304, 24.218963003339901 ], [ 69.669564175846105, 24.216647265259201 ], [ 69.670163787129098, 24.2161841224993 ], [ 69.675117186409096, 24.2123580872559 ], [ 69.681213712143204, 24.205092680282998 ], [ 69.693053151082097, 24.197892755646201 ], [ 69.702400936454097, 24.190434170700499 ], [ 69.704885198493102, 24.1898251183346 ], [ 69.708664445607795, 24.188898580105398 ], [ 69.714640645649396, 24.1818276560215 ], [ 69.716529027692502, 24.1795933578472 ], [ 69.724580239786306, 24.175097906843 ], [ 69.741324400400799, 24.174135297705899 ], [ 69.750816251768697, 24.1740108791988 ], [ 69.760172468284907, 24.172614052196799 ], [ 69.766584707318401, 24.171656742764601 ], [ 69.7947167815542, 24.169647981069499 ], [ 69.825323514868401, 24.167462516981601 ], [ 69.829926861135803, 24.167508598243302 ], [ 69.834808817373101, 24.167557469201899 ], [ 69.857100670859296, 24.1664645465017 ], [ 69.858048953796199, 24.166418054249799 ], [ 69.865805488632503, 24.1653506713964 ], [ 69.866970250077003, 24.165183792298301 ], [ 69.870307487600499, 24.164705656940502 ], [ 69.873787599518195, 24.166116689633501 ], [ 69.873787943059199, 24.1661168290285 ], [ 69.898765697379105, 24.1652164637688 ], [ 69.898766669546205, 24.165216428695199 ], [ 69.905999334901395, 24.166201957954002 ], [ 69.906690978306102, 24.165981051184499 ], [ 69.912262844054993, 24.1642014331496 ], [ 69.920161735275997, 24.1643022822246 ], [ 69.952245610446596, 24.164711909926801 ], [ 69.978682879911105, 24.1650494461751 ], [ 69.991761136767096, 24.165850893204201 ], [ 70.000001071592294, 24.166355843647299 ], [ 70.0006395380843, 24.166395134128202 ], [ 70.001384483407307, 24.1664777134758 ], [ 70.011863429753504, 24.1676393227966 ], [ 70.0162835553419, 24.169036624640601 ], [ 70.018585323354003, 24.169764267007402 ], [ 70.024085947508496, 24.169354993637999 ], [ 70.032035659418199, 24.173090834074799 ], [ 70.048904239439096, 24.1835485690113 ], [ 70.053926813671595, 24.188017647396599 ], [ 70.059303039103995, 24.1928014039616 ], [ 70.072029469484505, 24.208946081896201 ], [ 70.077307759645507, 24.215642091209599 ], [ 70.088348298435207, 24.235215144863101 ], [ 70.092029527540703, 24.243328167361099 ], [ 70.104005431405596, 24.269721738767299 ], [ 70.107281667914705, 24.277881521515098 ], [ 70.110098682708099, 24.284897568068299 ], [ 70.119040471840293, 24.290699417444198 ], [ 70.128563296758799, 24.293488109888401 ], [ 70.143973359882693, 24.2980008404665 ], [ 70.150452963533496, 24.300574346728801 ], [ 70.1670522577556, 24.3037135184641 ], [ 70.190879276457594, 24.308219558985499 ], [ 70.214499389035694, 24.313136864874402 ], [ 70.230811188885298, 24.316532704920501 ], [ 70.2370616003126, 24.3172661209348 ], [ 70.247529156745301, 24.321237703357401 ], [ 70.270713632328395, 24.329878267268199 ], [ 70.296890709938396, 24.339913631109201 ], [ 70.306710985623496, 24.3419593909132 ], [ 70.307121669129799, 24.342044945218099 ], [ 70.307122525284399, 24.342045123283899 ], [ 70.308726264705399, 24.342513366098999 ], [ 70.325592180934393, 24.347437699290399 ], [ 70.349737477802407, 24.350879257271998 ], [ 70.357567832589396, 24.351995359098598 ], [ 70.359009601412097, 24.352160165259502 ], [ 70.370314219825403, 24.353452370530501 ], [ 70.459633877301698, 24.3869767087082 ], [ 70.461281975782597, 24.386926942924099 ], [ 70.466139674606396, 24.386780259001799 ], [ 70.474470324046194, 24.388736918473999 ], [ 70.483132674933003, 24.390771485315799 ], [ 70.506321945701302, 24.400000781410998 ], [ 70.525436808262199, 24.407608467656701 ], [ 70.531554537312104, 24.4100433146473 ], [ 70.537523156068801, 24.411829727959599 ], [ 70.560128315369496, 24.418595475201101 ], [ 70.569701967271996, 24.419711905280298 ], [ 70.574868162335903, 24.420314360219699 ], [ 70.574868678546807, 24.420314421373501 ], [ 70.5931942699996, 24.411732791834901 ], [ 70.595924936386794, 24.400260062252102 ], [ 70.594720037299894, 24.392231770279999 ], [ 70.585313315757006, 24.374082984642101 ], [ 70.584008207013198, 24.372070272225301 ], [ 70.5815872977157, 24.3683367970056 ], [ 70.573867002859998, 24.362800316881199 ], [ 70.573866778928803, 24.3628001568018 ], [ 70.561386129666204, 24.358386748249799 ], [ 70.561385600864895, 24.358386561190901 ], [ 70.561919292741294, 24.352201632999002 ], [ 70.571548658543804, 24.331158471086599 ], [ 70.577612441760806, 24.319269920170701 ], [ 70.5874172598987, 24.310146038109298 ], [ 70.587418614277695, 24.310144778159099 ], [ 70.577534729544197, 24.301647657013799 ], [ 70.573486973645004, 24.298167823886001 ], [ 70.573486628305304, 24.2981665342582 ], [ 70.5722591553358, 24.293577422460199 ], [ 70.574037036779799, 24.289687695430899 ], [ 70.574324550937305, 24.2895980770896 ], [ 70.587806187005995, 24.2853958842128 ], [ 70.587808241956793, 24.285395242996099 ], [ 70.583087294043494, 24.279050787663799 ], [ 70.582847857642506, 24.278729011134999 ], [ 70.579446780844293, 24.275724353695999 ], [ 70.5773701527105, 24.273889770896201 ], [ 70.572426139654596, 24.2649283378726 ], [ 70.572375412495305, 24.2636228667021 ], [ 70.572203494495696, 24.2591985214946 ], [ 70.573631577435293, 24.254407017270101 ], [ 70.574249857744803, 24.252332562797601 ], [ 70.584288496916599, 24.2441307403415 ], [ 70.589491664009103, 24.2419641341376 ], [ 70.593551156060997, 24.240273754929898 ], [ 70.613798690457202, 24.239445386695301 ], [ 70.6250891355552, 24.235570371675301 ], [ 70.633574743579601, 24.2326580098593 ], [ 70.655305483960902, 24.2250881032334 ], [ 70.658809637454894, 24.224902029904801 ], [ 70.689834997087402, 24.223254561848599 ], [ 70.725821519847301, 24.220864410264401 ], [ 70.747093725594993, 24.220807552426699 ], [ 70.763795471483903, 24.2207629100803 ], [ 70.791023560688799, 24.221994001921701 ], [ 70.800608226588395, 24.222468764821699 ], [ 70.805763923866095, 24.222724145303101 ], [ 70.816244577125602, 24.2250455392203 ], [ 70.816245882041898, 24.225046124678901 ], [ 70.816755999989496, 24.2252750749848 ], [ 70.8337090587262, 24.232883927651201 ], [ 70.837189512386104, 24.234498099208 ], [ 70.840536940127706, 24.237064053863001 ], [ 70.841691476280701, 24.2379490587021 ], [ 70.841691511354199, 24.237949085681802 ], [ 70.841791208397595, 24.238061618748699 ], [ 70.846167317567705, 24.243001147784799 ], [ 70.846168354486096, 24.2430017539278 ], [ 70.847364271144301, 24.2437006791431 ], [ 70.853652095268103, 24.247375452914898 ], [ 70.858866704434902, 24.248883858803101 ], [ 70.865638871936397, 24.250842810647299 ], [ 70.882874160414204, 24.253632413205398 ], [ 70.894104601845996, 24.257096497405499 ], [ 70.904084305746096, 24.2651411597368 ], [ 70.892808025869698, 24.2735950954374 ], [ 70.872550667279597, 24.2781331104547 ], [ 70.865783570155799, 24.284304362656201 ], [ 70.865782936133698, 24.2843049409203 ], [ 70.864509279379703, 24.291632558495799 ], [ 70.864522549775899, 24.291680256738498 ], [ 70.866486884961802, 24.2987408053439 ], [ 70.872717651598407, 24.3049453783266 ], [ 70.895506998349305, 24.3138038839421 ], [ 70.896445640553907, 24.3141687460908 ], [ 70.897198160866495, 24.314533714359499 ], [ 70.905937491921705, 24.318772245243 ], [ 70.914673007153596, 24.323143275941501 ], [ 70.922121406377897, 24.3297979578095 ], [ 70.931387700581993, 24.338076816192199 ], [ 70.955901493759001, 24.344654646494799 ], [ 70.967548169312593, 24.353390416234799 ], [ 70.980857301922995, 24.363373138259799 ], [ 70.991364148836396, 24.362701931049401 ], [ 71.002161921035906, 24.3568778729156 ], [ 71.002380503057907, 24.356759975392599 ], [ 71.002381767504701, 24.356759292807201 ], [ 71.006018508047802, 24.3553887916595 ], [ 71.013893788467698, 24.352421002827001 ], [ 71.015707084314499, 24.352577093657999 ], [ 71.027396510940207, 24.3535833370014 ], [ 71.038155469299497, 24.356117552782901 ], [ 71.050148794831003, 24.3620896600099 ], [ 71.067738125713902, 24.3789730015028 ], [ 71.080657613558103, 24.3913739348592 ], [ 71.111601898409006, 24.398717922793999 ], [ 71.124403945585698, 24.409365559472999 ], [ 71.123937326946205, 24.414578926676199 ], [ 71.123398772435493, 24.4205960000054 ], [ 71.117881777921696, 24.4272393126442 ], [ 71.114046980583694, 24.4294104936994 ], [ 71.107368383044502, 24.433191774181001 ], [ 71.099830059709504, 24.434640653943099 ], [ 71.093092952277999, 24.435935538294601 ], [ 71.081184481378799, 24.4343662914712 ], [ 71.075576084268903, 24.433627241204299 ], [ 71.049732933028494, 24.433492625284401 ], [ 71.020262453549407, 24.433339115507799 ], [ 71.020262070438307, 24.4333391128099 ], [ 71.018297507723801, 24.434870445114999 ], [ 71.009987691079104, 24.441347759091901 ], [ 71.006301527393703, 24.4424660561636 ], [ 71.003976293371295, 24.4431714780813 ], [ 71.003975908461499, 24.443172153472101 ], [ 71.002532939943293, 24.445700965227399 ], [ 71.000708661575501, 24.448898020927 ], [ 70.998930939311407, 24.459669112939199 ], [ 70.998930781030694, 24.459670076113198 ], [ 70.997932186421295, 24.459670076113198 ], [ 70.997932155844396, 24.459670076113198 ], [ 70.994399314876503, 24.4734183620678 ], [ 70.993872171863302, 24.487169923353299 ], [ 70.998839104141396, 24.5105573984053 ], [ 70.996802563287702, 24.5270592699693 ], [ 70.988486143820495, 24.550197907107702 ], [ 70.989386544153703, 24.603154510971901 ], [ 70.998122058486302, 24.6224263412028 ], [ 71.003194129605404, 24.6291686458163 ], [ 71.008134504004204, 24.635735885702601 ], [ 71.020903809563293, 24.645152431439602 ], [ 71.043456368416699, 24.654120413326499 ], [ 71.058501230347503, 24.658949830270501 ], [ 71.065016850947003, 24.662623461003999 ], [ 71.079298828777993, 24.6743286581411 ], [ 71.079298991555305, 24.674328990890199 ], [ 71.083750657267103, 24.683429379062598 ], [ 71.085807856447403, 24.687634840075798 ], [ 71.085807900514197, 24.687634930008102 ], [ 71.086053463996194, 24.693364746385999 ], [ 71.082307491797394, 24.698853842131101 ], [ 71.079017248347398, 24.703675141794399 ], [ 71.074233898275807, 24.713300776309801 ], [ 71.074233670747404, 24.713301234964099 ], [ 71.067452841875195, 24.717652620871799 ], [ 71.057152267962806, 24.730710054825298 ], [ 71.055838785631494, 24.733175458980298 ], [ 71.048316880319803, 24.747294059673099 ], [ 71.045067265541903, 24.753393581048901 ], [ 71.043919708128101, 24.7561773937718 ], [ 71.035241449133693, 24.777229619051798 ], [ 71.033857633523098, 24.782804701675701 ], [ 71.032965892761794, 24.786397325975901 ], [ 71.020880890340905, 24.806101346999601 ], [ 70.999974752732697, 24.8383062268509 ], [ 70.996193565780501, 24.844130960375601 ], [ 70.986184940582604, 24.856962780507999 ], [ 70.962508792147105, 24.887317406872899 ], [ 70.955642833450099, 24.9016714168025 ], [ 70.917937365417202, 24.986394124888999 ], [ 70.913916671017603, 25.000001621077999 ], [ 70.907761090402104, 25.020839948904499 ], [ 70.901687617889294, 25.041400322367 ], [ 70.901687604399498, 25.041400366433798 ], [ 70.901664686076401, 25.049425344404199 ], [ 70.901664686076401, 25.049425383974398 ], [ 70.899527119880702, 25.0592206432182 ], [ 70.893760812611504, 25.085644374288499 ], [ 70.888908476445096, 25.1092544927007 ], [ 70.889137668668496, 25.116595207103099 ], [ 70.887166351146206, 25.123924258197999 ], [ 70.881246892929795, 25.145931869260401 ], [ 70.876692506653896, 25.152342716143501 ], [ 70.863850941467803, 25.165170634117601 ], [ 70.852044472574406, 25.176964557468398 ], [ 70.791229833689997, 25.2342267087956 ], [ 70.772859449703901, 25.252011563982499 ], [ 70.752502820348894, 25.271719354964301 ], [ 70.744834688869901, 25.296236423472202 ], [ 70.744707462679301, 25.297251817417401 ], [ 70.744317369151304, 25.300365165120301 ], [ 70.737891229296906, 25.323214971493801 ], [ 70.737182927749998, 25.325733520185899 ], [ 70.722090806445607, 25.342075832233899 ], [ 70.704179183722502, 25.3614712050321 ], [ 70.665894184469096, 25.395964702109399 ], [ 70.664883046115705, 25.401193478296399 ], [ 70.664077014342894, 25.405361602156201 ], [ 70.664375698979299, 25.412288284876499 ], [ 70.664987237071401, 25.426470247304099 ], [ 70.668401657110806, 25.473235284181101 ], [ 70.670432199486498, 25.501046268070802 ], [ 70.664374965132595, 25.550345612460099 ], [ 70.664619730915902, 25.5690265008724 ], [ 70.664741672690099, 25.578333311333299 ], [ 70.665207813789607, 25.5991973732602 ], [ 70.665367041455895, 25.6063242837388 ], [ 70.665367120596201, 25.6063248997743 ], [ 70.6724327242909, 25.661415654209101 ], [ 70.672386885846095, 25.671509954221101 ], [ 70.670480395054298, 25.6792394374501 ], [ 70.668768915952796, 25.686178285299601 ], [ 70.666178000614295, 25.690386276105801 ], [ 70.659326177461196, 25.701514549157199 ], [ 70.653880330113296, 25.7067806660949 ], [ 70.649405409731898, 25.711107898910502 ], [ 70.640015057648895, 25.715429818531401 ], [ 70.625061873506695, 25.7172044246445 ], [ 70.612908113418698, 25.717152038236001 ], [ 70.605520424727899, 25.718374868905101 ], [ 70.604797966952702, 25.7184944517576 ], [ 70.604797644995401, 25.71849436902 ], [ 70.603494272842397, 25.7181588121795 ], [ 70.593924411582407, 25.715695026804099 ], [ 70.568657556700899, 25.706402901372801 ], [ 70.563601305555906, 25.701770992637201 ], [ 70.563117642964897, 25.701327920946898 ], [ 70.562424925769804, 25.7012203143661 ], [ 70.560082476924805, 25.700856438773599 ], [ 70.542153062014293, 25.693659789467699 ], [ 70.536716373361998, 25.6918801372586 ], [ 70.5264893792815, 25.688532420834601 ], [ 70.490538871671703, 25.689039919057102 ], [ 70.484206605750302, 25.6894655627855 ], [ 70.433106462493299, 25.6836800846682 ], [ 70.414895468051398, 25.681970962689899 ], [ 70.409836858884006, 25.681253917034599 ], [ 70.406523387744201, 25.6837586647307 ], [ 70.397550405626802, 25.681321034338399 ], [ 70.396171205336998, 25.6809463560895 ], [ 70.396170426523994, 25.6809461438495 ], [ 70.389677477833402, 25.681045913738 ], [ 70.374649234474603, 25.681276836256998 ], [ 70.328218073605299, 25.695440942645501 ], [ 70.308661390311002, 25.7026572376414 ], [ 70.295930363495501, 25.705970912927299 ], [ 70.275389163579106, 25.711317447242401 ], [ 70.267449274964093, 25.7185009997214 ], [ 70.267449093301096, 25.7185014403892 ], [ 70.261653870130104, 25.7326123051138 ], [ 70.254319808912101, 25.750470104311901 ], [ 70.242500014763905, 25.769892544905101 ], [ 70.236246923356902, 25.777995490499499 ], [ 70.2250682756804, 25.7924811198078 ], [ 70.225067664141406, 25.792481696273299 ], [ 70.218447545917599, 25.7987076839125 ], [ 70.211265120289099, 25.8054625034918 ], [ 70.211264327986399, 25.805463248130401 ], [ 70.207672551746896, 25.810482567716399 ], [ 70.191546805440794, 25.825421741320401 ], [ 70.172668662428904, 25.842910785204701 ], [ 70.145021097945303, 25.868523974401999 ], [ 70.142320945555298, 25.874034811257602 ], [ 70.141661787461601, 25.875380108904999 ], [ 70.106680437851907, 25.924207971121 ], [ 70.096075366085302, 25.944317991082499 ], [ 70.092733866674607, 25.958905535162401 ], [ 70.0913016099814, 25.965158153526101 ], [ 70.090980739969197, 25.996822758463502 ], [ 70.086563869926707, 26.031208207392901 ], [ 70.0840010664961, 26.042539722730002 ], [ 70.080450973833393, 26.0582365706613 ], [ 70.082572643612707, 26.073857688481599 ], [ 70.086043274877298, 26.082147915194199 ], [ 70.087146296064802, 26.084185980398701 ], [ 70.094277840749797, 26.0973630340768 ], [ 70.126387733307297, 26.139383872867501 ], [ 70.127039219284597, 26.140311197104101 ], [ 70.128512624458097, 26.1424084403973 ], [ 70.129020361900203, 26.143131151781301 ], [ 70.145194629328699, 26.166153576726298 ], [ 70.149545499924997, 26.174821264190001 ], [ 70.159417671888093, 26.194488340164799 ], [ 70.161637566520497, 26.201848699357999 ], [ 70.167257945298005, 26.223874780696601 ], [ 70.170461726127797, 26.2364302895263 ], [ 70.172668282914998, 26.245077710767799 ], [ 70.172560125949104, 26.245871414634099 ], [ 70.170762708532195, 26.259061737808999 ], [ 70.166817320662901, 26.272574282676999 ], [ 70.165245714018596, 26.2771515881753 ], [ 70.164761581981395, 26.2875357369848 ], [ 70.164603974893595, 26.290916245388502 ], [ 70.164803829433296, 26.2924192922166 ], [ 70.166742015032099, 26.306995747655598 ], [ 70.175856578318502, 26.340710859019001 ], [ 70.178306421504203, 26.349772923481702 ], [ 70.1782762150753, 26.3509777767031 ], [ 70.177903697897406, 26.3658360553897 ], [ 70.179337788308402, 26.375255873759599 ], [ 70.178500750609203, 26.384308173383499 ], [ 70.178489775282998, 26.384426855115301 ], [ 70.178489770786399, 26.384427091637001 ], [ 70.178047762094593, 26.404163617756801 ], [ 70.175994907539007, 26.433296460263499 ], [ 70.175994849982402, 26.433297281344501 ], [ 70.176646305382803, 26.4380210747129 ], [ 70.181001072741395, 26.469598125253398 ], [ 70.183898722548093, 26.486830140198801 ], [ 70.183898698266404, 26.486830316465898 ], [ 70.182258359136, 26.498522241408399 ], [ 70.178542162590801, 26.5141040678485 ], [ 70.174245021990203, 26.5295330599028 ], [ 70.172737039682701, 26.534947503824299 ], [ 70.167740639319106, 26.550745428358901 ], [ 70.163253748062004, 26.555842228136399 ], [ 70.160514522827, 26.5589537996781 ], [ 70.158211100961594, 26.5610432224668 ], [ 70.150223771310095, 26.568288490021899 ], [ 70.143367239306698, 26.5719960656659 ], [ 70.138931121074407, 26.574394837252001 ], [ 70.109736124622501, 26.588173658787401 ], [ 70.106880162889297, 26.5895215536768 ], [ 70.088439975324704, 26.5955722400669 ], [ 70.066191916124097, 26.5992917101443 ], [ 70.047820485327193, 26.599137822652398 ], [ 70.040414288588593, 26.599533999194801 ], [ 70.032094495764397, 26.5990947343345 ], [ 70.024848831608296, 26.598712179823298 ], [ 70.009477930362294, 26.5961054660945 ], [ 70.000001071592294, 26.594498309249602 ], [ 69.998023677350901, 26.5941611327301 ], [ 69.996314344931207, 26.593869666052299 ], [ 69.954781357773498, 26.5873016590444 ], [ 69.9329171238263, 26.5844843960381 ], [ 69.918342997631299, 26.582606483002799 ], [ 69.910943348856506, 26.5823085331124 ], [ 69.879311485536604, 26.581087262767099 ], [ 69.872397003019302, 26.581619952798601 ], [ 69.855554028495604, 26.582917529720302 ], [ 69.831757280973804, 26.587733850736701 ], [ 69.815360181327407, 26.5921605431746 ], [ 69.794837615363704, 26.599982562145598 ], [ 69.773262807532603, 26.612952744773398 ], [ 69.771941937270697, 26.613746816462498 ], [ 69.771941267275807, 26.6137472193588 ], [ 69.743269264365097, 26.6384607366737 ], [ 69.721869217290603, 26.6538428398752 ], [ 69.698982691598104, 26.665070005976101 ], [ 69.6897495014383, 26.6679512863229 ], [ 69.682457501512602, 26.670555831786299 ], [ 69.676659325867305, 26.672626815775001 ], [ 69.608307522874, 26.7003100167939 ], [ 69.605976070039702, 26.702021403265199 ], [ 69.601844289582402, 26.7050543048124 ], [ 69.592103600301002, 26.707234908964001 ], [ 69.592103160532503, 26.707235087929 ], [ 69.590663635518396, 26.7078181498878 ], [ 69.580535919397207, 26.711920261710699 ], [ 69.574606377982093, 26.7155218621442 ], [ 69.554147783493505, 26.723246166177599 ], [ 69.550446195535599, 26.724643729724399 ], [ 69.543600072285599, 26.727419444052199 ], [ 69.522415932649196, 26.736008412058599 ], [ 69.519413033384893, 26.737753988056099 ], [ 69.515448474667494, 26.740058573644401 ], [ 69.507652649350305, 26.748453574073199 ], [ 69.498852304690104, 26.768201422657601 ], [ 69.487509888670502, 26.793653643101202 ], [ 69.485695220458098, 26.799700438124699 ], [ 69.483734757752899, 26.806233046917601 ], [ 69.485512637398401, 26.823468336294699 ], [ 69.489870181863495, 26.844353577255799 ], [ 69.495741180111494, 26.8724926482172 ], [ 69.500937304613004, 26.900329734929301 ], [ 69.503592665369297, 26.943293538066399 ], [ 69.512878242836706, 27.01438255631 ], [ 69.513012157285303, 27.015421077220999 ], [ 69.513038677393098, 27.015626744978299 ], [ 69.513052943338707, 27.0157327579604 ], [ 69.513205660812602, 27.016867660114499 ], [ 69.5355934494781, 27.065638117704999 ], [ 69.537261068643403, 27.0692709273115 ], [ 69.5384481998247, 27.072614679523902 ], [ 69.540207831326398, 27.077570976419398 ], [ 69.549338554530706, 27.099430247907598 ], [ 69.556785010319999, 27.1172573244659 ], [ 69.561486492407695, 27.129130123756301 ], [ 69.564835797933696, 27.137588227814501 ], [ 69.565186558712696, 27.1384740168624 ], [ 69.578126123022301, 27.165489285102499 ], [ 69.586661912317496, 27.177983559093999 ], [ 69.600609923309406, 27.1893973543045 ], [ 69.601754136144507, 27.190803420041799 ], [ 69.603628718990294, 27.193107001087299 ], [ 69.665946205952693, 27.251436536167301 ], [ 69.685631577735194, 27.267240313489701 ], [ 69.698707660929898, 27.2777380322844 ], [ 69.724678464639496, 27.2947768701565 ], [ 69.770383811463802, 27.328914775296699 ], [ 69.793878280658205, 27.3464630916983 ], [ 69.804520069046006, 27.353959570477802 ], [ 69.812544386913999, 27.359612203440399 ], [ 69.832533261900593, 27.378762887797201 ], [ 69.848589892609496, 27.392730510304801 ], [ 69.848815763636694, 27.3929269950848 ], [ 69.849549052846498, 27.3934762767088 ], [ 69.861968148911004, 27.402779005147 ], [ 69.885173425812994, 27.431647474851101 ], [ 69.907623328853603, 27.459576223164198 ], [ 69.921135873721596, 27.4793981147312 ], [ 69.924883342392405, 27.485029061442098 ], [ 69.936249493319494, 27.502107835508198 ], [ 69.952535458344798, 27.513076667754099 ], [ 70.000001071592294, 27.545045444991299 ], [ 70.003819790850798, 27.547615854887798 ], [ 70.016267203868395, 27.555994305992499 ], [ 70.024567252976397, 27.569690204639301 ], [ 70.0415034620152, 27.6110932694388 ], [ 70.051422084861301, 27.635340809331002 ], [ 70.083129253812004, 27.708368141776301 ], [ 70.1078100304087, 27.766871209139001 ], [ 70.113524936027005, 27.774683750154999 ], [ 70.156952213773707, 27.8340508546632 ], [ 70.168394613720494, 27.844179258765799 ], [ 70.180508124650302, 27.8549017064487 ], [ 70.181272829877202, 27.855578594676398 ], [ 70.190919434784107, 27.866500615411098 ], [ 70.207169227278101, 27.884898857696101 ], [ 70.207597246116094, 27.8853834654746 ], [ 70.281335075353596, 27.930423099046799 ], [ 70.301957444480493, 27.945477521670298 ], [ 70.302908654710606, 27.9461719089065 ], [ 70.3218759852885, 27.964887128038502 ], [ 70.323232495683101, 27.9663936003844 ], [ 70.332893604856096, 27.9771227435198 ], [ 70.333789852120006, 27.9786274522951 ], [ 70.336462461873197, 27.983114493738899 ], [ 70.366165831588006, 28.008250382149502 ], [ 70.408599217280099, 28.017287120803999 ], [ 70.421198003285198, 28.019547817677601 ], [ 70.432356676119795, 28.021550105153299 ], [ 70.447949733293598, 28.026082840250901 ], [ 70.459715731795697, 28.029503091494501 ], [ 70.479089060411894, 28.033739881290501 ], [ 70.489739907670597, 28.034364866945101 ], [ 70.509833621124798, 28.035543953690599 ], [ 70.521665321397506, 28.033780821128001 ], [ 70.530333267866098, 28.032489143759101 ], [ 70.552506253460805, 28.0237786494651 ], [ 70.562629789533204, 28.019801691794701 ], [ 70.567507344488405, 28.015555266662201 ], [ 70.598763651821102, 27.988343360757501 ], [ 70.628257474103194, 27.9613575615023 ], [ 70.646427918114, 27.9440747330625 ], [ 70.660698059967501, 27.930501679109199 ], [ 70.661374955389903, 27.929541318277298 ], [ 70.672105306314904, 27.914317402226398 ], [ 70.672845270293095, 27.8697918148405 ], [ 70.674519175719496, 27.8590350112569 ], [ 70.675772389084599, 27.850981645286801 ], [ 70.676998970825906, 27.845444550025999 ], [ 70.678414653013903, 27.839053802990701 ], [ 70.687141282943898, 27.823337510817499 ], [ 70.689353691619601, 27.819353056398501 ], [ 70.698180883740903, 27.807677327346799 ], [ 70.700999486736904, 27.803494281036301 ], [ 70.703118348832803, 27.8003497097713 ], [ 70.703855668804195, 27.798091669495101 ], [ 70.705213824958093, 27.793932314924501 ], [ 70.714316047747403, 27.7794997249324 ], [ 70.714843190760703, 27.776287753077298 ], [ 70.718878840885907, 27.771909268797799 ], [ 70.721588003583605, 27.7689699587966 ], [ 70.722865313383593, 27.766297850865101 ], [ 70.725752761281001, 27.760257362787101 ], [ 70.737952360712995, 27.742167513320101 ], [ 70.737953060385493, 27.7421667048296 ], [ 70.751435437495502, 27.7266020563399 ], [ 70.754911193996406, 27.721361937903101 ], [ 70.757666205031398, 27.7172084307246 ], [ 70.762329556763703, 27.716102984964799 ], [ 70.767210441908503, 27.714945972079001 ], [ 70.803841980023407, 27.712755545532001 ], [ 70.815328759714603, 27.7115087362392 ], [ 70.818290940374595, 27.71118721242 ], [ 70.844126942004905, 27.7091281066768 ], [ 70.846144397446096, 27.708967316888199 ], [ 70.846144484680295, 27.708967299801099 ], [ 70.865494807739296, 27.705110332375899 ], [ 70.885346167391702, 27.705843749289599 ], [ 70.905708299698304, 27.710709182283001 ], [ 70.9058304069478, 27.710755465892099 ], [ 70.932494373916199, 27.720862416667298 ], [ 70.972242137564706, 27.737207598451999 ], [ 71.015992539024595, 27.7551987527203 ], [ 71.047282690543796, 27.7682429630424 ], [ 71.0866395413818, 27.784650011888601 ], [ 71.099454783411602, 27.790320445132501 ], [ 71.1548835687218, 27.814846338687602 ], [ 71.168687244820603, 27.8209541311283 ], [ 71.221083963154499, 27.8427634497734 ], [ 71.233929864871399, 27.846478677748799 ], [ 71.244065439268596, 27.849410037743102 ], [ 71.249487483360696, 27.849177571088099 ], [ 71.271570953137001, 27.852892216302799 ], [ 71.343230559742594, 27.864946026637799 ], [ 71.352522686073101, 27.866082168057702 ], [ 71.419669589979705, 27.8694316552467 ], [ 71.461055253796999, 27.871315911200401 ], [ 71.511359756047995, 27.8736062362388 ], [ 71.5854872138639, 27.8768542232439 ], [ 71.635045459580297, 27.881660663408901 ], [ 71.674882177870202, 27.885524254341 ], [ 71.696350982611804, 27.891872891520801 ], [ 71.725075372830204, 27.903240848286501 ], [ 71.734326655550802, 27.906325577763301 ], [ 71.745912260842204, 27.910188659678902 ], [ 71.748160891512001, 27.9109406862637 ], [ 71.748878668315996, 27.9111807369015 ], [ 71.833273958426503, 27.9415716850853 ], [ 71.868225840849902, 27.951960661455399 ], [ 71.879293201020502, 27.955137586730299 ], [ 71.885802431936696, 27.957006084763101 ], [ 71.890228337467803, 27.958276557017602 ], [ 71.898749326620205, 27.9636745757212 ], [ 71.899572849307603, 27.964196276037299 ], [ 71.905676128050899, 28.0056204227444 ], [ 71.910927710145799, 28.041263949471801 ], [ 71.916331185935505, 28.0712814262968 ], [ 71.9216604757504, 28.100886785197101 ], [ 71.921953313894406, 28.107142882138302 ], [ 71.922272746789901, 28.1139671383728 ], [ 71.9692998083395, 28.1766022209158 ], [ 71.979078761076096, 28.188201430251901 ], [ 71.992025899475706, 28.203558552984902 ], [ 72.017735203716697, 28.226256746251899 ], [ 72.019142667000494, 28.227499364703998 ], [ 72.020796023817596, 28.228735853377 ], [ 72.059022192120594, 28.257323880293001 ], [ 72.088211514749702, 28.277335674501799 ], [ 72.100707405722204, 28.286574041159099 ], [ 72.124207861703496, 28.303948218235799 ], [ 72.140670443686105, 28.318757338180699 ], [ 72.150620679500904, 28.329706200081201 ], [ 72.151429326502296, 28.333372941108401 ], [ 72.151429402944601, 28.333373281951399 ], [ 72.156683504040501, 28.337295351299499 ], [ 72.184426599008404, 28.358004945671802 ], [ 72.195052272444499, 28.376271474149299 ], [ 72.208845440864494, 28.399983221348599 ], [ 72.228504834830403, 28.454634617393701 ], [ 72.235772305747403, 28.474837547215099 ], [ 72.2391384483808, 28.484527558799801 ], [ 72.243247261052304, 28.496355464832899 ], [ 72.244376852709607, 28.505755639311399 ], [ 72.2443770739429, 28.505755861443902 ], [ 72.249360157145603, 28.510765136501899 ], [ 72.251748558649098, 28.520341878474898 ], [ 72.253416866695105, 28.527031266979499 ], [ 72.279616863527593, 28.601420660435199 ], [ 72.285507114461794, 28.6188196579009 ], [ 72.293442443513996, 28.641008251229799 ], [ 72.301956600516704, 28.664815351747102 ], [ 72.329819880882795, 28.7038370423457 ], [ 72.396187529431003, 28.7746510290218 ], [ 72.396830450265099, 28.775139333913199 ], [ 72.411422294903005, 28.7862219852565 ], [ 72.416465166834001, 28.787594555744199 ], [ 72.417954285861597, 28.787999864901899 ], [ 72.440884737140905, 28.7953652881775 ], [ 72.472855752790807, 28.8056346043535 ], [ 72.489869508571104, 28.814319123528801 ], [ 72.499043407327406, 28.8190018583491 ], [ 72.506409559953298, 28.822761844683399 ], [ 72.521614274579207, 28.8314413834132 ], [ 72.535271465505801, 28.839237524392299 ], [ 72.535729390399098, 28.839466025037101 ], [ 72.5433947087988, 28.843290960409501 ], [ 72.552084385585999, 28.8505465449871 ], [ 72.554169528501006, 28.851112467666301 ], [ 72.558622924508398, 28.852321151100298 ], [ 72.576994353506706, 28.862235370865701 ], [ 72.588044714691904, 28.8699296959987 ], [ 72.600449616756507, 28.8760036919169 ], [ 72.611916768743896, 28.881618522776598 ], [ 72.616133913749195, 28.8854755081882 ], [ 72.619288815526502, 28.885246111818599 ], [ 72.619781351727994, 28.885210299016201 ], [ 72.622954033102204, 28.8886154470453 ] ] ], [ [ [ 71.993439912522007, 32.215961955080203 ], [ 71.822433471127894, 32.278316497708303 ], [ 71.591077882638203, 32.354252996678497 ], [ 71.373245710021493, 32.487006784735399 ], [ 71.361348405104906, 32.439417564169297 ], [ 71.266169964872006, 32.308547209186401 ], [ 71.1412482618978, 32.1181903287208 ], [ 71.052018474573003, 31.915936143338399 ], [ 70.927096771598798, 31.6779900423066 ], [ 70.843815636282699, 31.481684509832299 ], [ 70.754585848957902, 31.2615843666252 ], [ 70.701047976382995, 31.041484223418198 ], [ 70.724842586216397, 30.7856921654611 ], [ 70.724842586216397, 30.470413582021301 ], [ 70.683202018558305, 30.149186346572701 ], [ 70.6653560607337, 29.9231375504577 ], [ 70.938994076515499, 29.875548330790899 ], [ 71.147196914805804, 29.9231375504577 ], [ 71.278067269788707, 30.0778025161732 ], [ 71.414886277679599, 30.280056701555601 ], [ 71.605243158145299, 30.506105496771301 ], [ 71.742062166036206, 30.714308335061698 ], [ 71.890778478843799, 30.946305783185402 ], [ 72.033546139642695, 31.142611316559101 ], [ 72.110878622050805, 31.338916849033399 ], [ 72.128724579875495, 31.564965645148501 ], [ 72.229851672116993, 31.820757703105599 ], [ 72.259594934858399, 32.005165930663303 ], [ 72.330978765257797, 32.153882243470797 ], [ 72.395819801143006, 32.273253838893602 ], [ 72.153113125370496, 32.203029633011198 ], [ 71.993439912522007, 32.215961955080203 ] ] ] ] } },
{ "type": "Feature", "properties": { "FID": 10, "pk_key": 10, "AEZ": "Coastal zone", "Shape__Area": 104789058792.47099, "Shape__Length": 3360472.1298025399 }, "geometry": { "type": "Polygon", "coordinates": [ [ [ 67.394292425055397, 26.4444322480499 ], [ 67.229034737962806, 26.527010737655502 ], [ 67.072045949261195, 26.5101083269378 ], [ 66.4560214516288, 26.440603094857 ], [ 66.088447570898694, 26.3520526886807 ], [ 65.367030770853404, 26.009670932767399 ], [ 64.984879362692496, 25.8681395097307 ], [ 64.562494289879595, 25.723572189504999 ], [ 64.092867588068799, 25.696479214444299 ], [ 63.821322931408197, 25.746786998321301 ], [ 63.335912885771101, 25.9252465738703 ], [ 62.992459922187699, 26.086700858058201 ], [ 62.630537819165099, 26.169730560916701 ], [ 61.958244323916503, 26.268585204843401 ], [ 61.908721923378103, 26.2602825162252 ], [ 61.907367705355398, 26.260055541729901 ], [ 61.870754241814801, 26.246738433931601 ], [ 61.847881316569499, 26.228139876654001 ], [ 61.833034515030903, 26.1711044309248 ], [ 61.832508086978699, 26.168109894456101 ], [ 61.810474395576897, 26.043491363735502 ], [ 61.801788329567799, 25.994277954064401 ], [ 61.801561105060998, 25.992786086708598 ], [ 61.791404723948901, 25.926103591807401 ], [ 61.789783477425601, 25.9187126160944 ], [ 61.782531737449801, 25.885606765739698 ], [ 61.780235290726097, 25.870868683243199 ], [ 61.781940459284797, 25.8514575956915 ], [ 61.780349730355901, 25.818246841218802 ], [ 61.777516231888598, 25.8141947586812 ], [ 61.774574885822403, 25.809988447808699 ], [ 61.770947817487901, 25.804801513479099 ], [ 61.768840789570802, 25.801788330467101 ], [ 61.7630157466794, 25.8008155823733 ], [ 61.748580932663998, 25.798404694221301 ], [ 61.717723846078698, 25.796018600378101 ], [ 61.689205169483003, 25.7991657257177 ], [ 61.6905784603277, 25.7585315704757 ], [ 61.690280913333503, 25.740310669102101 ], [ 61.689914703101103, 25.717924117903699 ], [ 61.704975127799997, 25.703878402766101 ], [ 61.706722259624598, 25.686317443695099 ], [ 61.7044563286967, 25.672500610514799 ], [ 61.689002991095201, 25.6625518801652 ], [ 61.680717467836899, 25.6543521882029 ], [ 61.678409575441599, 25.6301307682205 ], [ 61.667209624624597, 25.5123863224708 ], [ 61.667438506581803, 25.504415512466 ], [ 61.669815063114797, 25.4219036104633 ], [ 61.667110442892699, 25.3783702846609 ], [ 61.664318084811804, 25.333377838516501 ], [ 61.6556129459807, 25.297498702902899 ], [ 61.645072936566798, 25.273641585690701 ], [ 61.635879517126, 25.256990432962098 ], [ 61.629394531032901, 25.245235443061301 ], [ 61.610454558731, 25.194952011026501 ], [ 61.623538970547102, 25.200494765720901 ], [ 61.633674621386703, 25.202814101989201 ], [ 61.639698028641199, 25.201772689757899 ], [ 61.6439247127553, 25.1993923192002 ], [ 61.653957366938997, 25.187252045345598 ], [ 61.659240722980996, 25.186914444346201 ], [ 61.681148529081398, 25.196563721138901 ], [ 61.687824248790101, 25.201475142763702 ], [ 61.689937591746499, 25.205333710082702 ], [ 61.698226929029602, 25.204244613997801 ], [ 61.698799132574003, 25.196887969903901 ], [ 61.704631804414298, 25.188272476393699 ], [ 61.712673186918103, 25.188669205119702 ], [ 61.714469910058398, 25.1887569429786 ], [ 61.721523284771799, 25.1787395484914 ], [ 61.731216430493902, 25.183357238945501 ], [ 61.738250731486097, 25.182519913463299 ], [ 61.742431641007499, 25.178529739356101 ], [ 61.746753692828698, 25.170175551960199 ], [ 61.752258300979904, 25.1686820982003 ], [ 61.764053344886001, 25.186565399473601 ], [ 61.774314880127697, 25.193693160710801 ], [ 61.7790794370664, 25.192672728763501 ], [ 61.781284331906399, 25.190330504748999 ], [ 61.7852058409769, 25.156734467221899 ], [ 61.7848739614642, 25.154449463472002 ], [ 61.783058166401297, 25.1418590546517 ], [ 61.778259276944098, 25.1316337593905 ], [ 61.773574828915301, 25.1257648466704 ], [ 61.768997191567202, 25.124027252156001 ], [ 61.763980864925003, 25.124822617070102 ], [ 61.751384734617901, 25.134500503995099 ], [ 61.747543334457397, 25.1320552833247 ], [ 61.747463225547399, 25.128845215334501 ], [ 61.754306792924197, 25.120666503656199 ], [ 61.758125304439297, 25.102682114088299 ], [ 61.757511138528301, 25.098335266159701 ], [ 61.754154204952698, 25.0949630737869 ], [ 61.744297027385997, 25.0935649868347 ], [ 61.739688872443502, 25.0904483799888 ], [ 61.737041472485998, 25.085454941092699 ], [ 61.737529754894297, 25.079423903990001 ], [ 61.737617492753103, 25.078327178956201 ], [ 61.736179351795698, 25.071243285749102 ], [ 61.727119445705902, 25.061334610304101 ], [ 61.724166869805202, 25.054052352733901 ], [ 61.724792479589297, 25.0489883422383 ], [ 61.727947234777098, 25.0443325043416 ], [ 61.739345550856598, 25.037437439086599 ], [ 61.748840331316302, 25.034711837681201 ], [ 61.764392852448204, 25.0327758788038 ], [ 61.7742233273447, 25.0334835049599 ], [ 61.797512054138103, 25.038722992072501 ], [ 61.819419861137803, 25.038703918351199 ], [ 61.8307266235349, 25.0386924744782 ], [ 61.840595244974601, 25.040771484016801 ], [ 61.844943999466103, 25.043432236208801 ], [ 61.846714019936101, 25.053262711105301 ], [ 61.849914550616099, 25.0600776674505 ], [ 61.863990783348001, 25.078359604012601 ], [ 61.864105224776402, 25.082717895814302 ], [ 61.8601875306301, 25.086936950979599 ], [ 61.858577727979799, 25.0927104950933 ], [ 61.859424590772299, 25.096134186243798 ], [ 61.8645553588428, 25.0996932982071 ], [ 61.874706267580201, 25.1026840206511 ], [ 61.901222228622999, 25.105537414819899 ], [ 61.904411315429897, 25.105695724278299 ], [ 61.984680176049302, 25.1096210482728 ], [ 62.042755126547902, 25.1060962679285 ], [ 62.045768737637196, 25.105911254900601 ], [ 62.06484222329, 25.103628159511999 ], [ 62.086826323376201, 25.0976009373334 ], [ 62.098369597578902, 25.096179961735899 ], [ 62.104496001489302, 25.0990180971075 ], [ 62.105400084546297, 25.104276657042099 ], [ 62.089138030695601, 25.116828918419898 ], [ 62.088996886597101, 25.129455566321401 ], [ 62.086608887090499, 25.1341037752691 ], [ 62.070072173991697, 25.145971298236901 ], [ 62.0676422121185, 25.1520347603959 ], [ 62.066543578723198, 25.154777527161201 ], [ 62.069465637029602, 25.168941497752002 ], [ 62.073516845426099, 25.178485870426599 ], [ 62.084877014062997, 25.1880893708279 ], [ 62.116943358748998, 25.1990356453788 ], [ 62.147945403457598, 25.207702636767301 ], [ 62.166946410948199, 25.211145400739699 ], [ 62.173732758060403, 25.211879730465199 ], [ 62.203361511025001, 25.215078353683101 ], [ 62.217227935520803, 25.215198517497601 ], [ 62.2538223271387, 25.208322525064499 ], [ 62.265060424498998, 25.2048282623145 ], [ 62.288429259302902, 25.194141388214501 ], [ 62.300773620805998, 25.185796738129 ], [ 62.3035240165202, 25.1828899377205 ], [ 62.310783385444999, 25.175212859785699 ], [ 62.3148651114358, 25.1686820982003 ], [ 62.321784972798298, 25.147846221925601 ], [ 62.322139740056997, 25.134752273698499 ], [ 62.320194243869302, 25.120569229386501 ], [ 62.3173141479297, 25.116968155056401 ], [ 62.310184478331102, 25.1143951425219 ], [ 62.280601500858602, 25.110549927437301 ], [ 62.270908356035903, 25.106431961465901 ], [ 62.268028258297498, 25.102830887135799 ], [ 62.268959044924003, 25.100282668910101 ], [ 62.272621154442803, 25.0984153750696 ], [ 62.274166106980303, 25.097627640003601 ], [ 62.319778441422002, 25.090507506816 ], [ 62.3398895252814, 25.0895366670836 ], [ 62.3768577578793, 25.096160888914 ], [ 62.386795043456601, 25.099805832173399 ], [ 62.3899078362777, 25.1027107242206 ], [ 62.3894691469836, 25.1047878271965 ], [ 62.384017943273498, 25.1076831819333 ], [ 62.375251770153099, 25.1090068823618 ], [ 62.356758117892902, 25.1056308750649 ], [ 62.346446990436299, 25.106124878060701 ], [ 62.339359282305097, 25.113193512470701 ], [ 62.337486266977699, 25.125867844225699 ], [ 62.339405059595897, 25.139131545784299 ], [ 62.345359801813501, 25.152524948467601 ], [ 62.356227874916598, 25.169921874794699 ], [ 62.364288329342997, 25.177978516095699 ], [ 62.380432128639903, 25.189208984507101 ], [ 62.385929107842102, 25.193031310946299 ], [ 62.411773681809997, 25.205446243149702 ], [ 62.4305763240381, 25.210233687834499 ], [ 62.4707336425436, 25.212619780778301 ], [ 62.477138518827601, 25.215892792318598 ], [ 62.476451873854998, 25.217977524243398 ], [ 62.472011565681299, 25.2210807797542 ], [ 62.463069915943997, 25.2252197269089 ], [ 62.459934234477402, 25.229665755670101 ], [ 62.463680266930901, 25.236454010244401 ], [ 62.466026305869399, 25.238519669347301 ], [ 62.473800658973303, 25.2453689582109 ], [ 62.494464873555103, 25.252853394168898 ], [ 62.595142365028202, 25.262298584212299 ], [ 62.599639892566998, 25.262241363947901 ], [ 62.604796988290403, 25.262174399528998 ], [ 62.657661438624501, 25.261487961400402 ], [ 62.694919585670398, 25.259525298953498 ], [ 62.722061156497197, 25.256690980304501 ], [ 62.737838744662398, 25.2537422175294 ], [ 62.755386351498998, 25.250459671376799 ], [ 62.830890656078999, 25.246212006079201 ], [ 62.874988554678097, 25.2372093202539 ], [ 62.953044891508597, 25.221235276087199 ], [ 62.994026183261802, 25.2112712860411 ], [ 63.007114410002103, 25.210641860433501 ], [ 63.009941100601402, 25.2119827271212 ], [ 63.027130126154503, 25.220132827767799 ], [ 63.065265655385801, 25.228601455692701 ], [ 63.074756622720002, 25.2329006197679 ], [ 63.099708556604597, 25.2525596620988 ], [ 63.110710143958102, 25.256809234858299 ], [ 63.135238647345801, 25.257604598873201 ], [ 63.139499664877697, 25.257741927148299 ], [ 63.176357268273399, 25.251983642730998 ], [ 63.235816954389001, 25.237453460109101 ], [ 63.2705612175262, 25.2307453162434 ], [ 63.280117034973202, 25.2288990017876 ], [ 63.365856169426699, 25.222637177064101 ], [ 63.407928466525597, 25.214799881309499 ], [ 63.421417236916, 25.212284088140201 ], [ 63.481861114998502, 25.198297499829799 ], [ 63.492694854683897, 25.198158264092701 ], [ 63.4983291612618, 25.200262069738798 ], [ 63.501239775695097, 25.203607559441402 ], [ 63.500839232944301, 25.206146240356802 ], [ 63.496509551274798, 25.2111167915068 ], [ 63.495948791603503, 25.215959548994 ], [ 63.505065917957801, 25.222995759246899 ], [ 63.503940582791699, 25.226249696166601 ], [ 63.4953613274633, 25.231079102318699 ], [ 63.485702513360401, 25.236516952895101 ], [ 63.483791350590401, 25.2391090391509 ], [ 63.482360839481203, 25.253395080118899 ], [ 63.480068206782398, 25.258985520465401 ], [ 63.474548338934802, 25.265832900967698 ], [ 63.461631774786603, 25.276834488321001 ], [ 63.452251433956597, 25.288890838341601 ], [ 63.456073759496498, 25.295166016198699 ], [ 63.461505888585897, 25.298427582067301 ], [ 63.472908019589497, 25.287246704072199 ], [ 63.481117248861999, 25.284440993756899 ], [ 63.484477996462402, 25.286394119792799 ], [ 63.489082336480699, 25.294044495057399 ], [ 63.490375518415497, 25.298257826937199 ], [ 63.494037627934198, 25.310180664506099 ], [ 63.498363494679602, 25.317152022847601 ], [ 63.535648345294902, 25.345729827169901 ], [ 63.544914245595997, 25.350004196036899 ], [ 63.568656920480599, 25.356304169102099 ], [ 63.598625182806003, 25.3678379050953 ], [ 63.605873107857697, 25.3706264500507 ], [ 63.643733977840803, 25.376188278466302 ], [ 63.675075531010997, 25.382659912325099 ], [ 63.719123840992502, 25.3792533883333 ], [ 63.735481262550302, 25.379055023070901 ], [ 63.757991790688699, 25.3787765506973 ], [ 63.765388487888501, 25.3746051793856 ], [ 63.794078825277602, 25.372415543342701 ], [ 63.843318938518301, 25.3552284252516 ], [ 63.868526458829102, 25.348953247394501 ], [ 63.915401457611203, 25.341077804197401 ], [ 63.929611206392103, 25.337102890685902 ], [ 63.945964813925102, 25.335800171440798 ], [ 64.005851745461698, 25.337741850905701 ], [ 64.0180206294485, 25.338132858144899 ], [ 64.033584594453501, 25.336162566749099 ], [ 64.064277647395599, 25.328327179355899 ], [ 64.067398070964302, 25.330274582106298 ], [ 64.061866761042296, 25.341741561424001 ], [ 64.072540282907795, 25.3594799036746 ], [ 64.071960449515203, 25.363178252274601 ], [ 64.059692382897197, 25.370998381769901 ], [ 64.052612303714895, 25.387119294220099 ], [ 64.0520019518287, 25.3879184731591 ], [ 64.041656493652297, 25.4015502924121 ], [ 64.036064146743101, 25.406129837222199 ], [ 64.028388976270307, 25.409637452206699 ], [ 64.020805357681198, 25.4094676970766 ], [ 64.017662049064398, 25.4070587163867 ], [ 64.012176513735199, 25.392107008931401 ], [ 64.008110045642098, 25.3860588082674 ], [ 64.004241943710795, 25.384368896707301 ], [ 63.999469756024503, 25.3850078587258 ], [ 63.996341705305497, 25.388341903655999 ], [ 63.993598937640897, 25.405673980769599 ], [ 63.991264343474697, 25.409896849959701 ], [ 63.98510742197, 25.413345337217599 ], [ 63.980525969697801, 25.412599564518398 ], [ 63.969512939370702, 25.403827668112399 ], [ 63.968044280819001, 25.404800415307001 ], [ 63.967838286607702, 25.405624390353399 ], [ 63.967403411338402, 25.407352446658098 ], [ 63.971046448035203, 25.420766830524901 ], [ 63.974449157103003, 25.423395156761099 ], [ 63.982017516894899, 25.423110962001399 ], [ 63.987449645984398, 25.420379638209798 ], [ 64.000831603895406, 25.409076689837399 ], [ 64.0057678216277, 25.406591415161799 ], [ 64.011199950717199, 25.414884567368901 ], [ 64.020164489999303, 25.423044205325901 ], [ 64.019744871728506, 25.4248981478313 ], [ 64.017257690490098, 25.425682067973099 ], [ 64.001152037736404, 25.421697617151398 ], [ 63.995880127366, 25.4223575594539 ], [ 63.991928100701301, 25.4243450162096 ], [ 63.991519929001598, 25.4264278406724 ], [ 63.993442535644498, 25.429800033045101 ], [ 64.010681151613895, 25.43598365722 ], [ 64.025299072993903, 25.441226959256799 ], [ 64.028717040858794, 25.444082259988399 ], [ 64.030723571335798, 25.449289322044599 ], [ 64.028205871603703, 25.4604110723132 ], [ 64.028671264467306, 25.464988708762 ], [ 64.034416198448895, 25.463392258346101 ], [ 64.039001464745894, 25.458852769339899 ], [ 64.041252136876693, 25.4527931221049 ], [ 64.034751891986303, 25.437879562991501 ], [ 64.040367125742307, 25.4337596886588 ], [ 64.047340393344498, 25.431427001954599 ], [ 64.051177977681604, 25.432428360180701 ], [ 64.059455871991005, 25.441989899114599 ], [ 64.064155578816994, 25.445255279007998 ], [ 64.079246521110093, 25.443758011223299 ], [ 64.083381652441304, 25.4449176789078 ], [ 64.117408752112297, 25.454460143221102 ], [ 64.120086668764799, 25.4522895808995 ], [ 64.124259948437995, 25.4390335082898 ], [ 64.130401612044807, 25.440631866167699 ], [ 64.155632020101706, 25.4557304383091 ], [ 64.161224364313, 25.456432342978299 ], [ 64.165122985637296, 25.453292845688299 ], [ 64.166908264904606, 25.4483985903227 ], [ 64.166023253770206, 25.445676802942199 ], [ 64.1457138055478, 25.438428877890399 ], [ 64.1408386230041, 25.434497833308399 ], [ 64.138099669364294, 25.4322929384684 ], [ 64.137321471608701, 25.4265804277446 ], [ 64.142822264835701, 25.414649963924798 ], [ 64.141906738805005, 25.411239624109399 ], [ 64.127616882013598, 25.413633346901499 ], [ 64.123283385419896, 25.412881851816099 ], [ 64.109169006144796, 25.402860641505502 ], [ 64.103012084640099, 25.4008026122508 ], [ 64.083801268913504, 25.4006252290711 ], [ 64.080894469404299, 25.3977508555176 ], [ 64.081024170529105, 25.3952178960891 ], [ 64.083663940638402, 25.392129898476099 ], [ 64.112205505879402, 25.3710346217504 ], [ 64.116134642999398, 25.368135452089501 ], [ 64.117492675046904, 25.364866257271999 ], [ 64.115333556598401, 25.361963271787602 ], [ 64.109527587428303, 25.361957550300801 ], [ 64.093597411291597, 25.366939545323799 ], [ 64.091781615329396, 25.365859985649902 ], [ 64.090362548093196, 25.362468720455102 ], [ 64.090385435839295, 25.346847534286301 ], [ 64.0829162595778, 25.332893371931601 ], [ 64.083770751319193, 25.329416275440799 ], [ 64.092231750295099, 25.326791763229298 ], [ 64.139328003884302, 25.329790115521501 ], [ 64.142257691139605, 25.3296756740931 ], [ 64.163520812835301, 25.328845978459199 ], [ 64.223342895158595, 25.317995072514599 ], [ 64.231712341351496, 25.318811416813499 ], [ 64.237930298044901, 25.322240829450799 ], [ 64.2462539678464, 25.332477570383599 ], [ 64.251037597607095, 25.3270034798268 ], [ 64.240097045442297, 25.312688826927801 ], [ 64.239456176861196, 25.311841965034699 ], [ 64.238304139024905, 25.308902741368499 ], [ 64.239974975065095, 25.306997299186001 ], [ 64.266784666379294, 25.302715302269501 ], [ 64.3404769899212, 25.276782990442701 ], [ 64.363174437650201, 25.266607284698502 ], [ 64.376533507815196, 25.2606182090631 ], [ 64.388015746829296, 25.253028868987101 ], [ 64.399971007655907, 25.239675522107699 ], [ 64.405960083291305, 25.238281250079702 ], [ 64.457572936342004, 25.2412109382342 ], [ 64.464744567407905, 25.243442534845101 ], [ 64.472000121408499, 25.247276306956 ], [ 64.480758666479304, 25.2609271999304 ], [ 64.487083433853499, 25.266178130916 ], [ 64.498367309403903, 25.269842147896799 ], [ 64.528594970381604, 25.273635864203801 ], [ 64.5435714721458, 25.270481109915401 ], [ 64.576477049776102, 25.252553939712602 ], [ 64.601829529109494, 25.232721328226798 ], [ 64.605346679605603, 25.229967118487799 ], [ 64.610969542310599, 25.216632843530899 ], [ 64.6119232175825, 25.205795288022099 ], [ 64.609428405596503, 25.196483612228999 ], [ 64.604515075610294, 25.189109801875901 ], [ 64.595947265953598, 25.1844196323602 ], [ 64.583183288877805, 25.181283949994299 ], [ 64.582321165489503, 25.179208756279099 ], [ 64.580017089816906, 25.173608780420899 ], [ 64.582916259477798, 25.161310196208699 ], [ 64.5845870973167, 25.1594028474635 ], [ 64.599967955856499, 25.154615402778699 ], [ 64.616607665611397, 25.154596329057402 ], [ 64.621276855742295, 25.1551494597798 ], [ 64.662269591368599, 25.159997941451898 ], [ 64.678436279310901, 25.165504456165799 ], [ 64.692993163703605, 25.1738376623783 ], [ 64.697029113303003, 25.178718566408801 ], [ 64.698120116850006, 25.181222914805701 ], [ 64.700469969813298, 25.186611174965801 ], [ 64.6991577150566, 25.190572738940801 ], [ 64.694007873264795, 25.1933212289916 ], [ 64.658515930865605, 25.194618224951199 ], [ 64.657783508602094, 25.194864273167699 ], [ 64.648353576456401, 25.198040008639602 ], [ 64.640159606880403, 25.205511093262398 ], [ 64.636978149022397, 25.212308884247602 ], [ 64.635169982908494, 25.226171492920098 ], [ 64.643936156928106, 25.259107589044099 ], [ 64.652488707787697, 25.273216246832401 ], [ 64.6600036613399, 25.281854629887299 ], [ 64.671844481637507, 25.291225434306401 ], [ 64.681083678369106, 25.296319962396399 ], [ 64.701995849528899, 25.3078498843647 ], [ 64.726196290126694, 25.316682815059899 ], [ 64.749900817568701, 25.320938111105001 ], [ 64.787818908715707, 25.3218116756683 ], [ 64.792732238701902, 25.323894501030399 ], [ 64.780334472757801, 25.337762832089101 ], [ 64.779983520423201, 25.3387432100312 ], [ 64.777473449640098, 25.3458251957762 ], [ 64.780548095917894, 25.347751618242601 ], [ 64.785240172895698, 25.344671248679202 ], [ 64.798347473357197, 25.3298511498108 ], [ 64.815078735895, 25.321535110756798 ], [ 64.827056884467694, 25.3189392077783 ], [ 64.856811522733693, 25.318084716936202 ], [ 64.895217894490301, 25.3245143893277 ], [ 64.903442382559902, 25.325891495096499 ], [ 64.951026915859501, 25.323297500479299 ], [ 64.966033936117299, 25.320554733714101 ], [ 64.979598998694897, 25.323848723739701 ], [ 64.995323180620304, 25.3252048501238 ], [ 64.999999999700293, 25.322280884355401 ], [ 65.002738952440794, 25.323110580888599 ], [ 65.043678283625894, 25.315338134347499 ], [ 65.084991454891806, 25.312589646095301 ], [ 65.096717833761105, 25.308780670091899 ], [ 65.097290039104095, 25.3184261319604 ], [ 65.100624084034294, 25.320262909105999 ], [ 65.101882934350002, 25.318443298219702 ], [ 65.106445312001597, 25.319087981725001 ], [ 65.109313964967598, 25.313377380262001 ], [ 65.113792418785195, 25.315624237468601 ], [ 65.115219115869493, 25.3107433316395 ], [ 65.117652892666896, 25.308563232906899 ], [ 65.121925354071905, 25.3100299839966 ], [ 65.132995604663506, 25.309530257715299 ], [ 65.144424437437905, 25.3067493444068 ], [ 65.156417846606402, 25.306085587180199 ], [ 65.175865174138593, 25.3114299784108 ], [ 65.183189391377397, 25.311996460468301 ], [ 65.189765929354195, 25.309600831113499 ], [ 65.195510863335798, 25.309673310175199 ], [ 65.202209472589104, 25.316898345682102 ], [ 65.208137512136503, 25.313842773125501 ], [ 65.213684081755005, 25.313278199429401 ], [ 65.219017029112607, 25.316463471312201 ], [ 65.226325988453695, 25.317237854143698 ], [ 65.229553222703103, 25.320947647516 ], [ 65.228118895770507, 25.328186035257399 ], [ 65.227912901559193, 25.329229354950801 ], [ 65.229003906005502, 25.334091186159299 ], [ 65.232788085901504, 25.3401279447489 ], [ 65.238085662023806, 25.344420719140899 ], [ 65.240470885323106, 25.3463535312905 ], [ 65.242325563473997, 25.352717205135001 ], [ 65.248504638878003, 25.373918533513599 ], [ 65.251419066436796, 25.379077910816999 ], [ 65.255149840992402, 25.3821849830506 ], [ 65.268547057700601, 25.3851318356657 ], [ 65.286766051612105, 25.384338379112901 ], [ 65.298622131606095, 25.386161804024098 ], [ 65.310195922503894, 25.3848361970329 ], [ 65.3189315798286, 25.396753311316299 ], [ 65.317207335749998, 25.386844634972 ], [ 65.318923949980402, 25.385046005269 ], [ 65.330673217495004, 25.3847713469202 ], [ 65.338050841872899, 25.380525589084701 ], [ 65.343551635999205, 25.380788802661201 ], [ 65.361953734577199, 25.388772964001099 ], [ 65.371063231982603, 25.390251159863201 ], [ 65.374565123681606, 25.389448166000101 ], [ 65.406494140991896, 25.382106780703399 ], [ 65.437965392588893, 25.382753371670798 ], [ 65.444290160862295, 25.380752562680701 ], [ 65.452468871641102, 25.382598877136498 ], [ 65.457405089373395, 25.380739212244901 ], [ 65.465187072325605, 25.3813133241506 ], [ 65.489013671943397, 25.374902725480499 ], [ 65.505729674784703, 25.3760986331454 ], [ 65.509643554906205, 25.378263473080899 ], [ 65.513984679549395, 25.380662918259102 ], [ 65.519844054959194, 25.386787414707499 ], [ 65.539802550847099, 25.420166015948901 ], [ 65.543518065706195, 25.419864654030601 ], [ 65.538047790073506, 25.4066524503503 ], [ 65.536384582082903, 25.3952884667893 ], [ 65.531768799090898, 25.383369445943199 ], [ 65.526336670001399, 25.3776836396883 ], [ 65.516998290638597, 25.372024536103499 ], [ 65.517784119141794, 25.370388030783001 ], [ 65.521713256261805, 25.369943619102798 ], [ 65.528938293567506, 25.3723697660519 ], [ 65.547775267414707, 25.367835998532499 ], [ 65.611213683764603, 25.3525390620281 ], [ 65.624114990014803, 25.352083206474799 ], [ 65.635757445949395, 25.349479676346 ], [ 65.640983581726999, 25.350553511835098 ], [ 65.665657042338694, 25.361707688059401 ], [ 65.681060790423203, 25.361907958985199 ], [ 65.698059081461494, 25.362127304531601 ], [ 65.720031737674603, 25.372312545787398 ], [ 65.741027831769102, 25.3795242308586 ], [ 65.763717650549196, 25.380954741967798 ], [ 65.773010253520496, 25.3834590912641 ], [ 65.7772674561282, 25.385530471853802 ], [ 65.784851074717395, 25.394018173499902 ], [ 65.792335510675301, 25.396022797414201 ], [ 65.806030273478399, 25.406185150024701 ], [ 65.816001891574103, 25.413581849023199 ], [ 65.838691712152894, 25.419389724756101 ], [ 65.859130858802104, 25.420078278090099 ], [ 65.903640746723099, 25.413454056259699 ], [ 65.926940917389501, 25.412168503273801 ], [ 65.940315246351602, 25.4143695831897 ], [ 65.942451477054107, 25.4147205355243 ], [ 65.954948424730006, 25.4131717680627 ], [ 65.995964049901005, 25.420578003472102 ], [ 66.014350890581198, 25.420946121166601 ], [ 66.017715454005, 25.422552108892798 ], [ 66.019172667784503, 25.4255409238746 ], [ 66.010231018047094, 25.433727264501702 ], [ 66.009155272397905, 25.436815262114699 ], [ 66.011222838962894, 25.441291809369499 ], [ 66.024017333633097, 25.434106826968598 ], [ 66.023750305132495, 25.443708419907701 ], [ 66.027244567882605, 25.442811965799599 ], [ 66.031570434627895, 25.434846878180899 ], [ 66.032356261332396, 25.4286098477663 ], [ 66.034278868874793, 25.4270191188373 ], [ 66.0391311645716, 25.4265995023652 ], [ 66.066162109793595, 25.433179856165399 ], [ 66.092132567264201, 25.442634581720601 ], [ 66.120689391302406, 25.4495525365204 ], [ 66.125541686999298, 25.450725556439401 ], [ 66.159889220511204, 25.453830719412199 ], [ 66.234069823763406, 25.4656753537346 ], [ 66.258178710679005, 25.466899872431199 ], [ 66.276535033764802, 25.467828750696299 ], [ 66.321907043275502, 25.466953277771601 ], [ 66.359970092545794, 25.460126876654101 ], [ 66.394409178840604, 25.4493598936442 ], [ 66.417434692956803, 25.442152024396499 ], [ 66.453887939576802, 25.425622940246601 ], [ 66.505905150302496, 25.405307769637901 ], [ 66.513298034376803, 25.404550552166299 ], [ 66.519882201302593, 25.406478882094799 ], [ 66.522041320650501, 25.4081573488826 ], [ 66.526977538382795, 25.4119777678597 ], [ 66.528404235467093, 25.415794371912799 ], [ 66.512191772932098, 25.427909851458502 ], [ 66.506172180601695, 25.428718566808499 ], [ 66.498420714344505, 25.432176590477301 ], [ 66.494956970088097, 25.4372653961811 ], [ 66.492843628030997, 25.447839737214199 ], [ 66.496459961158294, 25.458847046054402 ], [ 66.513450621449095, 25.4741363518112 ], [ 66.514419555518103, 25.482740402347702 ], [ 66.518341063689206, 25.487491607951402 ], [ 66.517433166607404, 25.492052078140901 ], [ 66.502296447922802, 25.4971332548959 ], [ 66.495681762503395, 25.499353409432299 ], [ 66.487113952846698, 25.500480652060499 ], [ 66.475189208715094, 25.499595641825501 ], [ 66.468330382541197, 25.498699187717399 ], [ 66.455886841104899, 25.494239806721701 ], [ 66.440704346028795, 25.484445571805701 ], [ 66.435035706033105, 25.482759476068999 ], [ 66.426528929766306, 25.482631683305598 ], [ 66.419784545920095, 25.48884201105 ], [ 66.409584045867106, 25.490318299449999 ], [ 66.405570984013806, 25.4924564358159 ], [ 66.404243468661207, 25.496164321726098 ], [ 66.405822753717203, 25.506258011098399 ], [ 66.396255492397103, 25.5042057042299 ], [ 66.394294738311601, 25.506635666103101 ], [ 66.397048949849193, 25.510061263816301 ], [ 66.400375365830499, 25.514190672761401 ], [ 66.397254942261796, 25.521589280121201 ], [ 66.388290405677694, 25.526039123806601 ], [ 66.363586425673105, 25.5227527618305 ], [ 66.357963562068804, 25.524826048983002 ], [ 66.353363036974699, 25.529447556159798 ], [ 66.350524901602995, 25.535602570202499 ], [ 66.348381042850903, 25.546592711884202 ], [ 66.342849731130201, 25.551385878955202 ], [ 66.334930419903003, 25.553155899425299 ], [ 66.326431274383907, 25.552814484401001 ], [ 66.317520141341504, 25.5466022491945 ], [ 66.308784484916103, 25.546459197633901 ], [ 66.307472228360695, 25.5449428561279 ], [ 66.316589355614298, 25.5421771998179 ], [ 66.317024230883604, 25.541463852175099 ], [ 66.318092345785203, 25.539730071685501 ], [ 66.314048766337606, 25.537685393766001 ], [ 66.289817809944097, 25.543390273742201 ], [ 66.284820556123805, 25.542142868198901 ], [ 66.277465820391299, 25.537246704471901 ], [ 66.274116515764703, 25.530422210816401 ], [ 66.265419005882407, 25.524843216141601 ], [ 66.262268065618798, 25.518653870479799 ], [ 66.254524231008503, 25.512487410765399 ], [ 66.249130248462293, 25.509757996234601 ], [ 66.241737365287193, 25.510292053235698 ], [ 66.233421325333893, 25.506397247734899 ], [ 66.223655700550196, 25.499099732266899 ], [ 66.204513549860494, 25.492176055980199 ], [ 66.195625304564203, 25.488958359041099 ], [ 66.189521788399901, 25.491422653432799 ], [ 66.182220458907096, 25.4900760652583 ], [ 66.1723251338979, 25.485485077474401 ], [ 66.162956237840106, 25.484260558777802 ], [ 66.149719238052498, 25.477439880945798 ], [ 66.1439895628681, 25.476991654341401 ], [ 66.141906737506005, 25.4817123423508 ], [ 66.138435363401399, 25.482194901473601 ], [ 66.127960204999496, 25.475486754909898 ], [ 66.122039794401005, 25.4741935729751 ], [ 66.120651244759202, 25.478942871116701 ], [ 66.121475219805603, 25.485246658206702 ], [ 66.119087218500397, 25.4870262141885 ], [ 66.1156539918383, 25.486673355291099 ], [ 66.107307433391398, 25.4787998204554 ], [ 66.100830078045703, 25.4749755856548 ], [ 66.096199035357202, 25.475616455135398 ], [ 66.094558716012003, 25.4771232602303 ], [ 66.091850280865799, 25.4796142581915 ], [ 66.095657347608594, 25.4860439296836 ], [ 66.099716186752701, 25.487676620079998 ], [ 66.109848022668203, 25.487684249928201 ], [ 66.112754821278003, 25.489269257370399 ], [ 66.113967894303002, 25.497053145985898 ], [ 66.117027282682997, 25.500316620215902 ], [ 66.128791808994805, 25.504362106226299 ], [ 66.132751464608504, 25.507869720311401 ], [ 66.134170531844603, 25.5116920467506 ], [ 66.130683898942806, 25.5213680271128 ], [ 66.1366500859328, 25.530813218055599 ], [ 66.131889343018798, 25.538347244429801 ], [ 66.133659362589597, 25.544273377414498 ], [ 66.138916015062094, 25.549716950377 ], [ 66.150817870548295, 25.555646896487101 ], [ 66.156127929260606, 25.5598392489822 ], [ 66.158950804935699, 25.5636806491427 ], [ 66.161514282857894, 25.567169190405899 ], [ 66.174629211369094, 25.5764904017107 ], [ 66.180740355582998, 25.583223343482601 ], [ 66.184555053972602, 25.594455719355999 ], [ 66.1900634770479, 25.5992832180461 ], [ 66.1964111330674, 25.6014251711348 ], [ 66.210426329711396, 25.6022129053014 ], [ 66.2236251829559, 25.591678620072301 ], [ 66.227622986011994, 25.589962005841901 ], [ 66.232208251409801, 25.590358733668701 ], [ 66.233963013082601, 25.592103958031299 ], [ 66.234497070083805, 25.599857329951899 ], [ 66.238586425922804, 25.601070403876101 ], [ 66.242378234767799, 25.5989265442247 ], [ 66.245803832480902, 25.5994853973333 ], [ 66.254264831456894, 25.6054744720693 ], [ 66.259857177466799, 25.607542037734898 ], [ 66.267608641925307, 25.6104068757767 ], [ 66.274299620431194, 25.6148586269242 ], [ 66.285903930721901, 25.6178379063943 ], [ 66.296890257479404, 25.623928070324201 ], [ 66.300132751425394, 25.623640060640401 ], [ 66.303970336661806, 25.615854262764 ], [ 66.310478209601698, 25.6100578309042 ], [ 66.327743530039896, 25.610336303277901 ], [ 66.341430663894101, 25.617784500154599 ], [ 66.357780455603603, 25.613216400116801 ], [ 66.364089965079899, 25.6161842348146 ], [ 66.367561340983201, 25.615905760642299 ], [ 66.370002746729398, 25.6130771643797 ], [ 66.366767883531097, 25.608560562220202 ], [ 66.369132995291594, 25.6046199803279 ], [ 66.372535706158004, 25.598968505692 ], [ 66.3766708374892, 25.5991344449987 ], [ 66.380226134528499, 25.601783752418299 ], [ 66.383102416443407, 25.5947933203555 ], [ 66.3990859988198, 25.5835189821154 ], [ 66.408660889088793, 25.590167999153898 ], [ 66.436401367029504, 25.592939376950699 ], [ 66.445404052854798, 25.5972652436961 ], [ 66.449127197562206, 25.6013813022054 ], [ 66.450912475930096, 25.607303619366601 ], [ 66.450263976601306, 25.616054535488399 ], [ 66.455169676739303, 25.619382858032498 ], [ 66.459350585361307, 25.613904953450898 ], [ 66.458129882488194, 25.605707168950701 ], [ 66.460113524319794, 25.602859497168101 ], [ 66.465599059648895, 25.603702545036501 ], [ 66.467041014631107, 25.6025047308087 ], [ 66.470687865352801, 25.588855743497799 ], [ 66.465209960771105, 25.573385238737799 ], [ 66.467216492147401, 25.5699119571712 ], [ 66.470634460012405, 25.5706729886675 ], [ 66.471893310328099, 25.573230744203499 ], [ 66.470985412347005, 25.577791214393098 ], [ 66.472206116119395, 25.581182480487101 ], [ 66.479949950729704, 25.587755202640501 ], [ 66.483604430400206, 25.583719253940401 ], [ 66.492965697509007, 25.585340500463801 ], [ 66.494903563848396, 25.583326340138498 ], [ 66.491744994635795, 25.577142715064301 ], [ 66.4939498894759, 25.5743026731299 ], [ 66.499481200297197, 25.574310302978201 ], [ 66.502792357481397, 25.577363968072699 ], [ 66.502861022518204, 25.584251404378801 ], [ 66.502868651467196, 25.585308075407401 ], [ 66.505584716461598, 25.5912647250871 ], [ 66.510520935093197, 25.593965530384999 ], [ 66.513565062877404, 25.597845077988001 ], [ 66.510078429975593, 25.603351592701902 ], [ 66.518867492640695, 25.6074542998761 ], [ 66.520362853862693, 25.624439238680001 ], [ 66.524986266702896, 25.633813858023199 ], [ 66.530212401581096, 25.640285491882 ], [ 66.5346832264498, 25.643177031694702 ], [ 66.539245605000701, 25.644187927231101 ], [ 66.541389465551404, 25.642601013226201 ], [ 66.542152404509906, 25.6411666871929 ], [ 66.538139342656606, 25.628473281716701 ], [ 66.532707213567093, 25.621576308999501 ], [ 66.533714295078695, 25.6197338112664 ], [ 66.538970947551306, 25.620773316035802 ], [ 66.541336059311703, 25.619401931753799 ], [ 66.542953490910904, 25.6144504552244 ], [ 66.540222168018701, 25.6064453118017 ], [ 66.534660338703702, 25.5900974284536 ], [ 66.531196593548003, 25.585365295671899 ], [ 66.521980285461794, 25.580619812454401 ], [ 66.515884400045096, 25.563455582109501 ], [ 66.520629882363195, 25.5557003018275 ], [ 66.528579712084095, 25.548276901058198 ], [ 66.5269088751445, 25.544660567930901 ], [ 66.528861998482498, 25.542228699494999 ], [ 66.537400773526898, 25.540008616904199 ], [ 66.541450499840806, 25.538955687954701 ], [ 66.546737670806905, 25.539159774703901 ], [ 66.552734374491806, 25.543781280082001 ], [ 66.557609557934796, 25.538118363371801 ], [ 66.558593749901704, 25.5318870553434 ], [ 66.557220459057007, 25.519668579141602 ], [ 66.555671691595407, 25.5058631898344 ], [ 66.556617737018996, 25.485841751295801 ], [ 66.555030823014107, 25.480346680455 ], [ 66.559768676383399, 25.462770461687501 ], [ 66.560005187289605, 25.4529571530502 ], [ 66.573440551440299, 25.4459552771144 ], [ 66.588203430044302, 25.435239791982799 ], [ 66.594200133729302, 25.425022124771299 ], [ 66.5923156736295, 25.421190261921101 ], [ 66.583976745930201, 25.417526244940301 ], [ 66.5816802974078, 25.415081024269899 ], [ 66.578277587440795, 25.411457062193701 ], [ 66.576568603957995, 25.403867722117699 ], [ 66.582038878691407, 25.385274887226299 ], [ 66.581703186053204, 25.377740859952802 ], [ 66.579399108581995, 25.372846602788499 ], [ 66.573616028057302, 25.368654251192801 ], [ 66.570396422756701, 25.368738175026799 ], [ 66.566146849997196, 25.3710823065033 ], [ 66.562721252284007, 25.375545502423101 ], [ 66.560485839849704, 25.3888320917277 ], [ 66.555274962869305, 25.392181396354399 ], [ 66.550247192354107, 25.371929169295701 ], [ 66.550102233331501, 25.365238189890601 ], [ 66.553878783379204, 25.358280181984899 ], [ 66.559852599318006, 25.3531665801736 ], [ 66.563217162741907, 25.3502845758725 ], [ 66.619812011714998, 25.319448471369899 ], [ 66.647171019726798, 25.299180985514099 ], [ 66.670516967683994, 25.2781467439771 ], [ 66.678321837482898, 25.2711143486483 ], [ 66.708259583113303, 25.239027022778899 ], [ 66.730842589413996, 25.205896378115401 ], [ 66.737281799115806, 25.196453094634599 ], [ 66.742012023536105, 25.183259963776401 ], [ 66.744102477847207, 25.167463302789201 ], [ 66.738594054771895, 25.142190933264999 ], [ 66.734603881563899, 25.1341037752691 ], [ 66.719230651973106, 25.1138916013164 ], [ 66.718444823469895, 25.1009120945176 ], [ 66.709785461030293, 25.094736099291602 ], [ 66.707946776422702, 25.092262268488899 ], [ 66.705467224133102, 25.0889339450456 ], [ 66.7041473386288, 25.082618713183098 ], [ 66.7097244258416, 25.065908431828699 ], [ 66.712203979929797, 25.0315380096715 ], [ 66.709114074854696, 25.0239009857419 ], [ 66.696502684851097, 25.0040016166813 ], [ 66.695495605138106, 25.0000000004997 ], [ 66.693786620756001, 24.9932460784438 ], [ 66.698753356981896, 24.974843978966501 ], [ 66.698921203750601, 24.972215651830901 ], [ 66.700355529783906, 24.949632645530201 ], [ 66.697082519142995, 24.946166992013101 ], [ 66.679061889594607, 24.9346237178104 ], [ 66.676918029943195, 24.931409835795399 ], [ 66.675445556467295, 24.923625946280399 ], [ 66.678405761316895, 24.908908844067899 ], [ 66.686927794582104, 24.8927326197147 ], [ 66.690223693868504, 24.890768050705098 ], [ 66.698463439836004, 24.8906631474863 ], [ 66.7029510631411, 24.892689022380502 ], [ 66.708557128308897, 24.895219802751701 ], [ 66.7124633785821, 24.894948959326999 ], [ 66.712750085148301, 24.894726655011201 ], [ 66.715545653808903, 24.892559051459099 ], [ 66.721420288015906, 24.8942432397338 ], [ 66.721992492459606, 24.891757965058101 ], [ 66.711761474812207, 24.880094527940201 ], [ 66.703109740422207, 24.879142761029598 ], [ 66.694732665280398, 24.882167815991998 ], [ 66.689918517925307, 24.877389907718101 ], [ 66.686482948529303, 24.876370843639599 ], [ 66.684272765675601, 24.875715255854399 ], [ 66.659561156722106, 24.8507595061464 ], [ 66.658218383471606, 24.840057373249198 ], [ 66.651908874894701, 24.8331317903999 ], [ 66.651390075791397, 24.829353331990699 ], [ 66.657539367447896, 24.824993134525599 ], [ 66.671669005520201, 24.821146011079598 ], [ 66.674720764052097, 24.821207047167501 ], [ 66.683326721151303, 24.821378707961099 ], [ 66.692611693375, 24.823400497235198 ], [ 66.716217040883805, 24.832437514679601 ], [ 66.728805541342695, 24.832284926707999 ], [ 66.734230040583995, 24.838752747441401 ], [ 66.751396178391005, 24.843572617182598 ], [ 66.756195067848196, 24.843751906925 ], [ 66.7679214476167, 24.837297440224699 ], [ 66.772994994523501, 24.836442946684699 ], [ 66.789352416980506, 24.8389301297217 ], [ 66.803733825655598, 24.8359661099481 ], [ 66.810821532887502, 24.8345050812446 ], [ 66.819061278855003, 24.834390639816199 ], [ 66.822410583481698, 24.836185455494402 ], [ 66.828887938827407, 24.844985962032599 ], [ 66.834632873708202, 24.849582672202601 ], [ 66.851501464520993, 24.8560485836753 ], [ 66.861991881720002, 24.856851578437698 ], [ 66.8703155515215, 24.854858398396399 ], [ 66.896316527485794, 24.840976715103299 ], [ 66.919860839805906, 24.830762862815899 ], [ 66.924674988060303, 24.827600478679202 ], [ 66.979179381823101, 24.791753769021302 ], [ 66.981567383128294, 24.7947635651864 ], [ 66.981475994021906, 24.794861618269099 ], [ 66.968383788680995, 24.808908462955198 ], [ 66.957817077496202, 24.8258628850642 ], [ 66.939064025684303, 24.8362579354554 ], [ 66.935997008355301, 24.837200165055599 ], [ 66.934196472089596, 24.837753295778001 ], [ 66.923484801882196, 24.836948395352199 ], [ 66.918601989490298, 24.838651657348201 ], [ 66.912162780687794, 24.844684601013601 ], [ 66.911956786476594, 24.849479674647299 ], [ 66.912536620768506, 24.852006911689699 ], [ 66.919036864759605, 24.8549556726662 ], [ 66.937713622585605, 24.856882095132601 ], [ 66.953781127896804, 24.861009598414299 ], [ 66.957916260127405, 24.860532760778302 ], [ 66.9610061643031, 24.857927322288202 ], [ 66.964004516595196, 24.851980209019501 ], [ 66.969085692450804, 24.850908279193799 ], [ 66.971420287516295, 24.855167389263698 ], [ 66.975288390347004, 24.8557243349102 ], [ 66.978363036624899, 24.858549118047399 ], [ 66.979398415304701, 24.858377348435901 ], [ 66.982513427652606, 24.857860564713398 ], [ 66.983108520741695, 24.854749680253601 ], [ 66.979592203917207, 24.851281576083899 ], [ 66.978935241967903, 24.850633620844999 ], [ 66.968658447029796, 24.8448371889851 ], [ 66.965377807439907, 24.841379166215599 ], [ 66.962654113496598, 24.824993134525599 ], [ 66.963439941100404, 24.822723388673499 ], [ 66.966369628355693, 24.823663711710999 ], [ 66.968208312963299, 24.826471329488299 ], [ 66.969589232757002, 24.828580855721899 ], [ 66.973625182356301, 24.830604553357499 ], [ 66.974975585454999, 24.825641632055699 ], [ 66.972152709779806, 24.816978454691998 ], [ 66.975845336892903, 24.810846329294701 ], [ 66.980018615666594, 24.8095340727393 ], [ 66.982315062390299, 24.8146266942666 ], [ 66.986097887907206, 24.816845392800701 ], [ 66.986106873033805, 24.816850661928601 ], [ 66.992286681385295, 24.8166542050276 ], [ 67.021690369115305, 24.808300018531099 ], [ 67.026618957898606, 24.805341721143598 ], [ 67.027573273487903, 24.804318142468301 ], [ 67.049613952621897, 24.7806777951442 ], [ 67.056694030904893, 24.7754974366574 ], [ 67.061309813896898, 24.773147582794799 ], [ 67.087070656485693, 24.7600232033083 ], [ 67.093132018727701, 24.756935120259602 ], [ 67.096572876137401, 24.756637573265401 ], [ 67.099876403473303, 24.759675980462202 ], [ 67.101043701006105, 24.764518737949398 ], [ 67.099014281883697, 24.769250869831801 ], [ 67.0898971555293, 24.774152755945 ], [ 67.087829589863802, 24.779720305847501 ], [ 67.091430663294503, 24.786527634143098 ], [ 67.090736388473601, 24.792140961336401 ], [ 67.093284606699299, 24.791393280275699 ], [ 67.099029540680803, 24.779901504850599 ], [ 67.102302550422394, 24.778135300203999 ], [ 67.104438782024204, 24.787187576445501 ], [ 67.1029434199029, 24.795488358501 ], [ 67.1049118038367, 24.7976455694875 ], [ 67.108818054110003, 24.7971553805165 ], [ 67.117927550616002, 24.7816009519224 ], [ 67.1223907465358, 24.778831482487 ], [ 67.129211425267101, 24.7796955106393 ], [ 67.133850097803801, 24.783613204785599 ], [ 67.138404845607198, 24.783979415917401 ], [ 67.149063109574897, 24.791654587289401 ], [ 67.154693603926702, 24.793727875341201 ], [ 67.159965514297099, 24.7932834627616 ], [ 67.163040160574994, 24.7908821110207 ], [ 67.163514882106199, 24.790010303732601 ], [ 67.168731688316797, 24.780429840364899 ], [ 67.1739654539426, 24.7810268400167 ], [ 67.175621032984296, 24.781854629987201 ], [ 67.177543639627302, 24.7828197482328 ], [ 67.183036803905495, 24.782798767049499 ], [ 67.185699462660097, 24.784769058445399 ], [ 67.1889038082642, 24.790098189979499 ], [ 67.191596984613199, 24.791442870691998 ], [ 67.194984435783098, 24.798030853441201 ], [ 67.202835082872795, 24.8016395567202 ], [ 67.209548853796605, 24.8108978892263 ], [ 67.209976195445094, 24.811487197875898 ], [ 67.213775635037607, 24.813703537488301 ], [ 67.219932555642998, 24.814121246498299 ], [ 67.223449707038398, 24.811943054328498 ], [ 67.223498653540105, 24.810759845990098 ], [ 67.223648070502094, 24.807147979795499 ], [ 67.226478576924805, 24.804946898980202 ], [ 67.235435485459305, 24.803997040431099 ], [ 67.238044738873697, 24.8017883297676 ], [ 67.239593505436005, 24.797454834073399 ], [ 67.2449874879823, 24.7940883640868 ], [ 67.246444701761604, 24.791839600317399 ], [ 67.244956969488598, 24.789075851469399 ], [ 67.245582581071304, 24.784921646416901 ], [ 67.248588561413001, 24.784187316691401 ], [ 67.261856078795105, 24.789644240988999 ], [ 67.274635314668103, 24.7902812964447 ], [ 67.299156189106895, 24.7829570774073 ], [ 67.324592589576397, 24.775659561040001 ], [ 67.324920653265593, 24.773164749054001 ], [ 67.329107702458501, 24.771424721873501 ], [ 67.329574584599499, 24.7712306976387 ], [ 67.335502625046203, 24.771635056212901 ], [ 67.345260619981701, 24.779056549520199 ], [ 67.350257873801894, 24.7798480995102 ], [ 67.364524841048606, 24.7776012423036 ], [ 67.367948087933897, 24.779407492861498 ], [ 67.3754959108077, 24.7833900452145 ], [ 67.380538940120104, 24.782928467274999 ], [ 67.390609740846898, 24.776784897105301 ], [ 67.396591186633998, 24.775936126850802 ], [ 67.400177001267707, 24.7777233117815 ], [ 67.408576965055005, 24.779249191497101 ], [ 67.423675536296997, 24.773057938373199 ], [ 67.428222656050806, 24.773622512968601 ], [ 67.443901061584796, 24.781852722525201 ], [ 67.449142455260102, 24.782230377529999 ], [ 67.460884093825896, 24.780103684137799 ], [ 67.463729858146493, 24.777479171926299 ], [ 67.463150024753901, 24.774747848134702 ], [ 67.459350586060694, 24.772537230908501 ], [ 67.459701537496002, 24.769416809138502 ], [ 67.469367980547901, 24.761793137443298 ], [ 67.470863341769899, 24.758501053081201 ], [ 67.468070983689003, 24.7538185125144 ], [ 67.465759276369596, 24.754579544010799 ], [ 67.462005614967197, 24.756963730391899 ], [ 67.460594176680004, 24.764017105105399 ], [ 67.4562530520368, 24.769931793317699 ], [ 67.456130980760193, 24.773059844936 ], [ 67.4528121946271, 24.776084899898301 ], [ 67.442756652697398, 24.775970459369301 ], [ 67.433525084914805, 24.7725410458327 ], [ 67.4335632323574, 24.771497726139199 ], [ 67.426574706857295, 24.768976212382402 ], [ 67.409706116044504, 24.773649215638802 ], [ 67.397926330935505, 24.7709693915243 ], [ 67.393356322536306, 24.771028519250802 ], [ 67.380569457714302, 24.776456833416201 ], [ 67.374412537108995, 24.776046753355001 ], [ 67.364830016991704, 24.769886016926201 ], [ 67.354606627394006, 24.768297195459201 ], [ 67.349334717023595, 24.7629051212744 ], [ 67.350891112534896, 24.752307892495299 ], [ 67.349555969132695, 24.7457923888077 ], [ 67.351516724117602, 24.742307663367999 ], [ 67.355926513797598, 24.740573882878401 ], [ 67.357711791266198, 24.736038207897 ], [ 67.365173339478105, 24.732107163315 ], [ 67.368385314930407, 24.726158141684898 ], [ 67.3714294427147, 24.724170684929199 ], [ 67.382125854124894, 24.725355147821901 ], [ 67.385169982808506, 24.723367691066102 ], [ 67.387222289676998, 24.7175884254655 ], [ 67.3913574219076, 24.717098236494401 ], [ 67.392791747940905, 24.715475082509101 ], [ 67.391464232588305, 24.708541869811501 ], [ 67.393218993361899, 24.7046318055135 ], [ 67.404113770034499, 24.700601578300201 ], [ 67.415473937772006, 24.702014923150202 ], [ 67.428825378088803, 24.699525832651101 ], [ 67.432533263999005, 24.6981830603 ], [ 67.435874938777403, 24.694324492981 ], [ 67.436279296452398, 24.689954758205602 ], [ 67.434387206504397, 24.685716629319 ], [ 67.420272826329906, 24.672735214158902 ], [ 67.431495665792397, 24.660154342648902 ], [ 67.438049316023196, 24.655982971337099 ], [ 67.441558837570398, 24.647953032706301 ], [ 67.443855286092599, 24.647609711119301 ], [ 67.450401305575795, 24.656881332007899 ], [ 67.452301025372094, 24.659572600894901 ], [ 67.453208922453896, 24.653757095313701 ], [ 67.446533202745201, 24.643312454506201 ], [ 67.4404830928206, 24.640403748434299 ], [ 67.434082030561299, 24.640613555771001 ], [ 67.419387816994202, 24.648696899742198 ], [ 67.4143371578336, 24.649368285917699 ], [ 67.412178038485806, 24.640321732062301 ], [ 67.406875609621693, 24.635765075897599 ], [ 67.398887633357702, 24.635713577119901 ], [ 67.390121459337905, 24.6381416324305 ], [ 67.383743285724094, 24.637723923420399 ], [ 67.380882262606406, 24.634918213105099 ], [ 67.379898070639499, 24.6194362644721 ], [ 67.3767089838326, 24.6134872437414 ], [ 67.3709869384965, 24.608079909859999 ], [ 67.366050719864901, 24.605831146090601 ], [ 67.355888366355103, 24.608837128230999 ], [ 67.349792480938305, 24.607173920240299 ], [ 67.340988158576707, 24.598951340532 ], [ 67.338134765307203, 24.5905056003532 ], [ 67.336830138600106, 24.588792801046999 ], [ 67.333198547574995, 24.5882549291217 ], [ 67.323066710760102, 24.590633392217299 ], [ 67.321571349538203, 24.5880794525048 ], [ 67.323890685806504, 24.5814762109584 ], [ 67.323478698283296, 24.579549789391301 ], [ 67.323310851514606, 24.578742981503499 ], [ 67.320236206136101, 24.575717925641801 ], [ 67.315460204424895, 24.575349807947301 ], [ 67.305091857603202, 24.583564757807402 ], [ 67.300552367697705, 24.582996368287802 ], [ 67.299011230084304, 24.581483840806602 ], [ 67.299644469716597, 24.5771198275181 ], [ 67.315208434721598, 24.558851242290999 ], [ 67.314598082835303, 24.556951523394201 ], [ 67.305526732872494, 24.555604935219701 ], [ 67.304023742701602, 24.5532588962811 ], [ 67.3054656976839, 24.551427841521701 ], [ 67.309112548405395, 24.5515499109997 ], [ 67.3151855469754, 24.5536308288996 ], [ 67.323348998957201, 24.5491008763045 ], [ 67.336090087387703, 24.549940109248698 ], [ 67.352088927661995, 24.555061340008901 ], [ 67.360992431755406, 24.560573578008199 ], [ 67.367485045898206, 24.563709259474798 ], [ 67.383377074592403, 24.577381134531802 ], [ 67.400444030667501, 24.5844116214991 ], [ 67.4070892327819, 24.589427948141299 ], [ 67.417106627269106, 24.590171814277902 ], [ 67.437194823382498, 24.5780887597885 ], [ 67.439613341382696, 24.574617385683801 ], [ 67.438575744974699, 24.5718708039944 ], [ 67.432357787382003, 24.573339461646899 ], [ 67.418205260664294, 24.585405349877 ], [ 67.413627623316202, 24.585674285839701 ], [ 67.408958434983802, 24.582599640461101 ], [ 67.397872924695804, 24.580152512328599 ], [ 67.380661010497306, 24.571029662688801 ], [ 67.357063292836798, 24.550424575833599 ], [ 67.355186461685904, 24.545978546173099 ], [ 67.357856750288903, 24.541891097796 ], [ 67.368354797336096, 24.535974502121601 ], [ 67.373588562062494, 24.5361461638145 ], [ 67.374862670276102, 24.5386924736788 ], [ 67.372848510850105, 24.543428421384601 ], [ 67.373519897924993, 24.5443572996497 ], [ 67.373931884548895, 24.544925690068599 ], [ 67.376663207441098, 24.545015335389401 ], [ 67.380012512067793, 24.541158676431799 ], [ 67.383872985949594, 24.5414924625072 ], [ 67.389129638422105, 24.5470924383654 ], [ 67.391510009879099, 24.5444564822809 ], [ 67.395278930977994, 24.547292709291099 ], [ 67.398719786588899, 24.546779633473399 ], [ 67.401565551808801, 24.543949127050599 ], [ 67.401977538432703, 24.5393714915012 ], [ 67.401336669851503, 24.532461167449 ], [ 67.397537232057701, 24.524614334384101 ], [ 67.395324706470106, 24.522872924945599 ], [ 67.390945434384307, 24.523981093852399 ], [ 67.380149840342895, 24.5317687991908 ], [ 67.375999451113799, 24.532884597945898 ], [ 67.370170592398907, 24.530397414908801 ], [ 67.355293273266, 24.502771378396499 ], [ 67.356605529821394, 24.492588042804002 ], [ 67.355476378831895, 24.491239548066702 ], [ 67.351387023892102, 24.4863624571617 ], [ 67.352333068416399, 24.479713440123199 ], [ 67.346847533986505, 24.4743137360901 ], [ 67.339607238783103, 24.472822188893002 ], [ 67.335762023698507, 24.4835491178975 ], [ 67.330650329349297, 24.486093521199098 ], [ 67.328178406008703, 24.4851760859077 ], [ 67.326324462603907, 24.480104446463098 ], [ 67.328277587740601, 24.471195220882802 ], [ 67.325775145906306, 24.465267181335399 ], [ 67.321517943298502, 24.4634552002973 ], [ 67.313079833867306, 24.4635925294717 ], [ 67.309944152400803, 24.4622364039869 ], [ 67.309387206754295, 24.458877562949201 ], [ 67.312202452581204, 24.456884383807299 ], [ 67.317481993699104, 24.456016539831499 ], [ 67.322700499628397, 24.456605911433702 ], [ 67.3285217275957, 24.459304810168899 ], [ 67.342430114458296, 24.459138869962899 ], [ 67.350830077346203, 24.463672638381599 ], [ 67.353141784665695, 24.464920043925002 ], [ 67.359039305719406, 24.465740204047201 ], [ 67.374290465832402, 24.472085953503999 ], [ 67.382492066156004, 24.483835220119399 ], [ 67.388656615710303, 24.489255905335799 ], [ 67.399574280129002, 24.490030289066599 ], [ 67.402191161592896, 24.493038177769701 ], [ 67.402099608810005, 24.501174927081301 ], [ 67.399940490361402, 24.504028320350699 ], [ 67.394874572403594, 24.5053234097476 ], [ 67.391105651304798, 24.514175415063399 ], [ 67.391937255300107, 24.516082763808502 ], [ 67.395805359030106, 24.5164165498839 ], [ 67.398200988385, 24.513364792251402 ], [ 67.4025039664849, 24.5141296386719 ], [ 67.412025451413498, 24.521537780644099 ], [ 67.413116454960502, 24.516981125378699 ], [ 67.405319214110506, 24.512134552067899 ], [ 67.403945922366503, 24.506454468199198 ], [ 67.407905578879394, 24.4925975801143 ], [ 67.415466308823198, 24.485956192024702 ], [ 67.417686461561004, 24.4757995600017 ], [ 67.421302795587593, 24.470699310424902 ], [ 67.426460265428901, 24.4729537974798 ], [ 67.428031920636698, 24.479267120081602 ], [ 67.435997009154704, 24.4797325138445 ], [ 67.437210083078895, 24.477893829236901 ], [ 67.435035705833201, 24.475109100104898 ], [ 67.434959411847402, 24.471141814643101 ], [ 67.440650939589304, 24.465480804495598 ], [ 67.444595336405698, 24.463729858646101 ], [ 67.455009459618907, 24.465526580887101 ], [ 67.454002380805306, 24.4621562959763 ], [ 67.450431824069497, 24.460161209372401 ], [ 67.443359374735394, 24.460350036425101 ], [ 67.435134887565098, 24.466764450019401 ], [ 67.431480407894597, 24.466854095340299 ], [ 67.427024840923707, 24.4642047879207 ], [ 67.421775817400103, 24.464452742700001 ], [ 67.418487548861293, 24.466850281315502 ], [ 67.413192748946202, 24.479827880652199 ], [ 67.407791137451099, 24.4840354919444 ], [ 67.400932311277202, 24.4844379421573 ], [ 67.395042418272993, 24.4834117887231 ], [ 67.387435912837205, 24.479822159165298 ], [ 67.380111693799705, 24.468936919803099 ], [ 67.360374450920204, 24.460775375283401 ], [ 67.361106871385104, 24.459547043461299 ], [ 67.369499205324104, 24.460657119830302 ], [ 67.376152039085397, 24.459415435773799 ], [ 67.383415222034898, 24.454435349112099 ], [ 67.384216308435995, 24.451538086013901 ], [ 67.381858825624406, 24.447704314802301 ], [ 67.371673583469104, 24.440065384310099 ], [ 67.370666503756198, 24.436691284475302 ], [ 67.375328064038996, 24.434131622376501 ], [ 67.381271361484195, 24.439336776970698 ], [ 67.388221740440997, 24.442277908099001 ], [ 67.388664245558502, 24.448553085056901 ], [ 67.390197753323704, 24.4500656134373 ], [ 67.393173217869801, 24.449745177797801 ], [ 67.395225524738194, 24.443967818759901 ], [ 67.395805359030106, 24.440647125164698 ], [ 67.398361205305406, 24.4394779201699 ], [ 67.408828734758302, 24.4398193360935 ], [ 67.4344863891356, 24.4423217770284 ], [ 67.440422057631906, 24.4360446935078 ], [ 67.445457457995403, 24.435581207207001 ], [ 67.453445435158798, 24.429367065437798 ], [ 67.459823607873304, 24.429365157975699 ], [ 67.469268798816103, 24.4325904847631 ], [ 67.472091674491296, 24.4303855890238 ], [ 67.472679137732101, 24.4268550871926 ], [ 67.470497131537499, 24.424489975432099 ], [ 67.464607238533304, 24.423465729459899 ], [ 67.456573485877797, 24.425085068521099 ], [ 67.4519653318346, 24.426397324177199 ], [ 67.444694519036901, 24.431798934773099 ], [ 67.433326720551705, 24.436857222882601 ], [ 67.424636840517806, 24.437620162740401 ], [ 67.416923522602502, 24.436742782353601 ], [ 67.406143189156893, 24.4328441619286 ], [ 67.403053284081906, 24.430238724337698 ], [ 67.400215148710203, 24.4270153050124 ], [ 67.398376465001903, 24.421527862221101 ], [ 67.390289307006, 24.4185504920117 ], [ 67.385910034020895, 24.414024353441199 ], [ 67.373458861836994, 24.406311035525899 ], [ 67.365692138581394, 24.406888962355801 ], [ 67.357048034938899, 24.400760650983301 ], [ 67.349082946420907, 24.400497437406798 ], [ 67.3469009393269, 24.3981304172849 ], [ 67.347778319713697, 24.393150329724001 ], [ 67.350646971780407, 24.389696120979199 ], [ 67.360519409043505, 24.387725830482701 ], [ 67.362625122151698, 24.3921794890922 ], [ 67.375617980285597, 24.397823333879799 ], [ 67.387397765394596, 24.399461745762999 ], [ 67.398361205305406, 24.398777008252299 ], [ 67.401374816394707, 24.397125244134799 ], [ 67.406272887583697, 24.3944435116588 ], [ 67.409439086644596, 24.3949642182241 ], [ 67.415794372512295, 24.401432037158798 ], [ 67.418907165333493, 24.3975677492523 ], [ 67.417549132386597, 24.3914718629362 ], [ 67.419639586697599, 24.3904952999182 ], [ 67.4277877807815, 24.391803742448801 ], [ 67.428764342900095, 24.378477097340198 ], [ 67.429550170504001, 24.369945525865401 ], [ 67.428306578985499, 24.3609313961671 ], [ 67.422859191998199, 24.360338211439299 ], [ 67.419387816994202, 24.361894607849901 ], [ 67.4181442254757, 24.364566803015599 ], [ 67.423171996890204, 24.3757915499401 ], [ 67.422218322517594, 24.382648467752599 ], [ 67.417747496749698, 24.386468886729801 ], [ 67.405456542385593, 24.3919124596923 ], [ 67.397911072138299, 24.3927097320685 ], [ 67.387428283888298, 24.392784117693001 ], [ 67.376358031498, 24.390542983771699 ], [ 67.369026183511593, 24.385709762695399 ], [ 67.363609314118605, 24.378644943209601 ], [ 67.362022400113702, 24.372747421256499 ], [ 67.364631652628702, 24.3642768858696 ], [ 67.3690185545627, 24.357116698676698 ], [ 67.366523742576703, 24.3509807592547 ], [ 67.369613646752398, 24.347743987694901 ], [ 67.396675109568704, 24.331100463915298 ], [ 67.403366088973897, 24.328813552703402 ], [ 67.411117553432405, 24.328649520858701 ], [ 67.417236327494507, 24.329265595131201 ], [ 67.420959473101306, 24.333143234372798 ], [ 67.425926208427796, 24.334140777674801 ], [ 67.424606322923495, 24.327209473338598 ], [ 67.427375792359001, 24.3262557980667 ], [ 67.431869506772401, 24.327653885018801 ], [ 67.434341431012299, 24.3227252962355 ], [ 67.434474728525998, 24.3227143730699 ], [ 67.437995910682801, 24.3224258417792 ], [ 67.448463440135697, 24.340087890943401 ], [ 67.456581115725996, 24.342227935670699 ], [ 67.457984923265698, 24.341228484906701 ], [ 67.460914611420307, 24.336105346684398 ], [ 67.466468810886994, 24.333780288929201 ], [ 67.475654601378807, 24.325727463451798 ], [ 67.487243651973003, 24.326307296844298 ], [ 67.4938812260378, 24.337371825949099 ], [ 67.499977111454598, 24.3386116034428 ], [ 67.506340026271204, 24.344865799217299 ], [ 67.508575438705606, 24.345981597972401 ], [ 67.5124282836384, 24.3525733947464 ], [ 67.516326904063405, 24.351861953666301 ], [ 67.525459290114199, 24.3392124180188 ], [ 67.529052733696702, 24.3345260625278 ], [ 67.525131225525698, 24.329811096005301 ], [ 67.518089293785906, 24.3412742612981 ], [ 67.514633178478405, 24.342416762723499 ], [ 67.505088805803794, 24.336061477754999 ], [ 67.496353148479102, 24.332233428929701 ], [ 67.490600585548606, 24.3218250272033 ], [ 67.4821395865727, 24.322805405145399 ], [ 67.473762511430806, 24.3217010502633 ], [ 67.466239928929596, 24.327930449930399 ], [ 67.4587326043263, 24.327688216637998 ], [ 67.452392578154999, 24.332700729255301 ], [ 67.448997498036107, 24.3321743012031 ], [ 67.446434021013303, 24.322072982881899 ], [ 67.442108153368594, 24.316089630532101 ], [ 67.434799194027605, 24.316688537646002 ], [ 67.433302831860303, 24.317337670097501 ], [ 67.428085326876399, 24.319601058642 ], [ 67.420127869105997, 24.319341659090401 ], [ 67.415008544908503, 24.316463469713401 ], [ 67.410881041626894, 24.311319351207199 ], [ 67.406295775329795, 24.312213897853201 ], [ 67.400474547362506, 24.3214149480415 ], [ 67.373725890337695, 24.3357734680711 ], [ 67.350898742383094, 24.342952728086001 ], [ 67.346580505486003, 24.3428096774247 ], [ 67.343925475680194, 24.340843200953 ], [ 67.338821410279905, 24.337543487641899 ], [ 67.338569640576495, 24.332319260225798 ], [ 67.341331481962399, 24.328199385893001 ], [ 67.359375000156206, 24.301282882998699 ], [ 67.362144469591698, 24.294487000374801 ], [ 67.359565734670994, 24.290645599314999 ], [ 67.354698181076202, 24.292989730791501 ], [ 67.343109130482006, 24.3040847783898 ], [ 67.340187073075001, 24.308788300140002 ], [ 67.338500975539702, 24.322715758925199 ], [ 67.334098815707804, 24.330291747666099 ], [ 67.329856872796498, 24.3339080807933 ], [ 67.325317382890901, 24.3335475920478 ], [ 67.316368102406003, 24.329702376963201 ], [ 67.314437865914797, 24.3267154694434 ], [ 67.315399170135706, 24.325286864896899 ], [ 67.320884703666195, 24.324844359779402 ], [ 67.322586059099393, 24.3221874243103 ], [ 67.321762084952297, 24.319864273117801 ], [ 67.316261290826006, 24.315090178868701 ], [ 67.306709290101693, 24.3149795532638 ], [ 67.301811218013398, 24.312103272248301 ], [ 67.297225951716399, 24.307357788131501 ], [ 67.295425414551303, 24.301036834782199 ], [ 67.297363280890707, 24.298179625689201 ], [ 67.301887511999197, 24.304592131821501 ], [ 67.304405211731194, 24.304258345746099 ], [ 67.306320189425307, 24.301818848361201 ], [ 67.303771972998206, 24.291507720904601 ], [ 67.299797057688096, 24.288452149247401 ], [ 67.299919128065397, 24.285533904965799 ], [ 67.305206299031497, 24.278406142829301 ], [ 67.308425902533401, 24.266201018861999 ], [ 67.312820434315697, 24.258626938482401 ], [ 67.325881957486402, 24.2448692321294 ], [ 67.328857422032499, 24.244342804077199 ], [ 67.330993651835598, 24.247961043767202 ], [ 67.330497741377698, 24.2505722046436 ], [ 67.330131531145298, 24.252523422318099 ], [ 67.334114074504996, 24.255369185739401 ], [ 67.337959289589605, 24.255912780950201 ], [ 67.343399047627997, 24.262145996440601 ], [ 67.351890563298895, 24.277662276692698 ], [ 67.358474731124005, 24.2837219239277 ], [ 67.363174438849299, 24.285755157074899 ], [ 67.369098780384505, 24.2851491758938 ], [ 67.369346619151202, 24.285123824904598 ], [ 67.375061034639103, 24.278633118223901 ], [ 67.378967284912306, 24.277719497856602 ], [ 67.393379210282404, 24.287374496136099 ], [ 67.395683288652904, 24.286615372101799 ], [ 67.398109435601995, 24.282728194650499 ], [ 67.381416320506801, 24.273208618083299 ], [ 67.3754959108077, 24.273431777654501 ], [ 67.3685226441048, 24.2771663671342 ], [ 67.365550968402502, 24.276553674312702 ], [ 67.361297606799198, 24.275676727399102 ], [ 67.351020812760297, 24.265111922777098 ], [ 67.348937987398202, 24.260242461720299 ], [ 67.3500823962856, 24.254228591776101 ], [ 67.350983749900195, 24.253816889338001 ], [ 67.373947143346101, 24.243328094515999 ], [ 67.385589599280607, 24.2422504432034 ], [ 67.397201537620901, 24.2420043949869 ], [ 67.409103394006493, 24.2342548370911 ], [ 67.414344787681799, 24.234008788874601 ], [ 67.419151306087898, 24.227487563700102 ], [ 67.419746398277695, 24.2179069519443 ], [ 67.419900851443202, 24.217775041185199 ], [ 67.421157836565001, 24.216701507868301 ], [ 67.425010680598504, 24.217035293943699 ], [ 67.428283690340095, 24.226531981865602 ], [ 67.427741382059196, 24.2301458778301 ], [ 67.426445006631795, 24.238784789686399 ], [ 67.427268981678196, 24.246950150029502 ], [ 67.431655883612194, 24.247184753473601 ], [ 67.432549978798505, 24.243097838394601 ], [ 67.432945251522199, 24.241291046444701 ], [ 67.431213378494704, 24.221410751105399 ], [ 67.428146362064993, 24.2125453953537 ], [ 67.420745849941099, 24.209800720227101 ], [ 67.416839599667895, 24.2109260562925 ], [ 67.415168761828994, 24.212957381977699 ], [ 67.415163681558695, 24.220878188777402 ], [ 67.415161132880002, 24.224853515976999 ], [ 67.412475585479996, 24.229564666676101 ], [ 67.4070129387961, 24.229595184270401 ], [ 67.401634215946402, 24.2333850856532 ], [ 67.388343810818299, 24.235870361228301 ], [ 67.362533568469502, 24.238571167425501 ], [ 67.359603882113504, 24.237848282472299 ], [ 67.361221312813399, 24.2314319614159 ], [ 67.350570678693899, 24.2360877993125 ], [ 67.341964721594707, 24.235177993869399 ], [ 67.339172695363601, 24.2302004783695 ], [ 67.337074279354596, 24.226459502803799 ], [ 67.338798522533907, 24.223176955751999 ], [ 67.345108032010103, 24.2190036769782 ], [ 67.345672606605504, 24.2161006932924 ], [ 67.344161986586499, 24.2141723633639 ], [ 67.336334229041498, 24.216417313108501 ], [ 67.334609984962896, 24.214065551783801 ], [ 67.334365845107698, 24.208839416006299 ], [ 67.337532042369901, 24.203519820883098 ], [ 67.339439392014398, 24.195444106760199 ], [ 67.343521118005199, 24.189945220995199 ], [ 67.350914000280994, 24.187059402669401 ], [ 67.354492187764293, 24.182796477675399 ], [ 67.351181029680802, 24.180391311909499 ], [ 67.340202331872106, 24.181905746852799 ], [ 67.336845397397198, 24.180541992419101 ], [ 67.334739684289005, 24.176298141146301 ], [ 67.334434508346007, 24.1725330349716 ], [ 67.3381652829015, 24.164518356037402 ], [ 67.345329285018494, 24.155782700511299 ], [ 67.351715087581297, 24.155366897164601 ], [ 67.355155944990898, 24.154438018899501 ], [ 67.356353760117997, 24.147174835050599 ], [ 67.360626220623701, 24.1425151822299 ], [ 67.369468688629098, 24.1373825066973 ], [ 67.382835387743, 24.132604599322899 ], [ 67.399093627568902, 24.129383087459601 ], [ 67.414573668739905, 24.128845214635 ], [ 67.422859191998199, 24.132036208904001 ], [ 67.424514771039895, 24.1302127839928 ], [ 67.425056456990006, 24.128143310865099 ], [ 67.420677184904207, 24.123826980530801 ], [ 67.411834716898696, 24.123331070072901 ], [ 67.372169494826394, 24.1322536469883 ], [ 67.362617492303499, 24.132356643644201 ], [ 67.362503051774496, 24.1179561612479 ], [ 67.365951538133103, 24.1111831663701 ], [ 67.365325927449604, 24.1097030639453 ], [ 67.364746094057097, 24.107179641826999 ], [ 67.369049072156997, 24.101688385010998 ], [ 67.368957518474801, 24.0925025945191 ], [ 67.370979308648302, 24.087352752727401 ], [ 67.375923157128099, 24.0829257967881 ], [ 67.379371642587301, 24.081787109387601 ], [ 67.3848800656626, 24.080299377114599 ], [ 67.3879165644979, 24.072469711208299 ], [ 67.394973755034798, 24.066234589154998 ], [ 67.395538329630298, 24.063331603670601 ], [ 67.393791198704903, 24.0616054539286 ], [ 67.389686584068698, 24.062095642000301 ], [ 67.381477355695395, 24.068712234881801 ], [ 67.378524779794802, 24.068614959712701 ], [ 67.377960204300095, 24.065675735147099 ], [ 67.381393432760802, 24.059110641942599 ], [ 67.392059325677394, 24.047777175976002 ], [ 67.396896361677804, 24.046058655182801 ], [ 67.401420592786195, 24.046415329004301 ], [ 67.404571533049904, 24.0705127720469 ], [ 67.4050292969645, 24.076370239095301 ], [ 67.408821105809494, 24.0840053564621 ], [ 67.423149109144106, 24.095321655270201 ], [ 67.433700561531694, 24.110271454364199 ], [ 67.443084716386593, 24.120172500860299 ], [ 67.446487426353698, 24.120283127364502 ], [ 67.448898314505598, 24.116813659822601 ], [ 67.4465560904912, 24.1127738952991 ], [ 67.437622069702797, 24.108728409288702 ], [ 67.435249328993393, 24.105522156222602 ], [ 67.433105468442605, 24.096271514718701 ], [ 67.428291321087698, 24.0915241240392 ], [ 67.418418883824501, 24.088281630992501 ], [ 67.418045043743803, 24.086183547732599 ], [ 67.420890808064399, 24.083147048897199 ], [ 67.430137633744806, 24.079065322906398 ], [ 67.438026427377807, 24.063631058126902 ], [ 67.435340880877007, 24.061183929994399 ], [ 67.424339293523602, 24.058637619230801 ], [ 67.409996032291104, 24.042104721056099 ], [ 67.409202575738306, 24.039157866642299 ], [ 67.4091873169412, 24.0337333683004 ], [ 67.421752929654005, 24.0024299616734 ], [ 67.408309935654998, 23.999999999800199 ], [ 67.410125731617299, 23.9975833892621 ], [ 67.415695189881106, 23.994745254789699 ], [ 67.432899475130696, 23.995183944983101 ], [ 67.435722350805904, 23.992504119969201 ], [ 67.436523436307596, 23.990690231468999 ], [ 67.434768676433393, 23.982852935714501 ], [ 67.428237914847998, 23.976268767889401 ], [ 67.427391052055398, 23.971202849931601 ], [ 67.421218871753595, 23.960960388411198 ], [ 67.419815062415196, 23.949691771657999 ], [ 67.422454833423899, 23.9449462893398 ], [ 67.427978515296303, 23.943710326770201 ], [ 67.4775390623779, 23.970867157293501 ], [ 67.483087547552302, 23.972869188462301 ], [ 67.486419677825893, 23.974071502897601 ], [ 67.492675781062502, 23.9733123779639 ], [ 67.500762939058504, 23.969846725346098 ], [ 67.504371642337503, 23.966039657704101 ], [ 67.501480102524795, 23.9625301361569 ], [ 67.494285582813504, 23.961202620804301 ], [ 67.488883971318302, 23.9585456853351 ], [ 67.486897735841893, 23.956189906738899 ], [ 67.4790115358538, 23.946836470926399 ], [ 67.469024658061599, 23.947042465137699 ], [ 67.466087340958097, 23.945363998349901 ], [ 67.465980529378001, 23.942131043512902 ], [ 67.469512939570606, 23.939262389647599 ], [ 67.4812011718966, 23.9402427666904 ], [ 67.485527037742699, 23.937372208060999 ], [ 67.488479613643307, 23.9303398127322 ], [ 67.486732482717997, 23.922273635919598 ], [ 67.490974425629304, 23.913896560777701 ], [ 67.488365173114303, 23.9094753263253 ], [ 67.483467101925299, 23.906600951872498 ], [ 67.479965209327005, 23.906972885390399 ], [ 67.472801209008693, 23.912981032948402 ], [ 67.468338013088896, 23.920434952211298 ], [ 67.4660568233638, 23.921522139934801 ], [ 67.4626007080563, 23.920518875146001 ], [ 67.461715697821305, 23.916828155495001 ], [ 67.465515136514398, 23.906608580821398 ], [ 67.469604491454206, 23.903272629328399 ], [ 67.493637084384005, 23.899980544966201 ], [ 67.495666503506399, 23.898654937975 ], [ 67.4967085470619, 23.8976477161692 ], [ 67.5095367429264, 23.885248183956602 ], [ 67.519172667484696, 23.879756927140502 ], [ 67.533531188413704, 23.874612807734898 ], [ 67.534988403092399, 23.876026154383599 ], [ 67.534027099770896, 23.8831081392293 ], [ 67.530746459281701, 23.892885207886099 ], [ 67.535476684601306, 23.893001555877198 ], [ 67.546096802025801, 23.887992859083202 ], [ 67.554649352885406, 23.876972198008499 ], [ 67.549201964998801, 23.875690459946799 ], [ 67.548774718678402, 23.873388289937701 ], [ 67.565124511287195, 23.868289947822898 ], [ 67.570365905861905, 23.868190765191699 ], [ 67.572563170853698, 23.869621277200199 ], [ 67.573425292443304, 23.874225616319201 ], [ 67.572166443027001, 23.883136749361501 ], [ 67.576232909321405, 23.8889675137398 ], [ 67.579124450932696, 23.883766174069699 ], [ 67.580520629523505, 23.870275497116602 ], [ 67.578994750707196, 23.854417800940801 ], [ 67.583427429032696, 23.8393955227852 ], [ 67.584701538145495, 23.838281631492102 ], [ 67.597915648388494, 23.8381481172419 ], [ 67.600341797136295, 23.840499877667298 ], [ 67.601081847449294, 23.849229813505101 ], [ 67.617507934943305, 23.8413791664154 ], [ 67.625434875119396, 23.842947005799701 ], [ 67.626770019420903, 23.8416461940167 ], [ 67.631851195276496, 23.836685181076302 ], [ 67.632682799271805, 23.833724976226701 ], [ 67.626083373548894, 23.812242508085301 ], [ 67.626930236341394, 23.808822631859002 ], [ 67.638236999637897, 23.805431365764999 ], [ 67.652008056426695, 23.794530869404099 ], [ 67.655990600685797, 23.794628142774599 ], [ 67.6633605961147, 23.7982444759019 ], [ 67.671562194639606, 23.7989025116416 ], [ 67.676856994554697, 23.7969646453022 ], [ 67.685089110673999, 23.805189133371901 ], [ 67.692848205880097, 23.803998947193701 ], [ 67.706954955306998, 23.798377991051499 ], [ 67.717552184985394, 23.802528381179901 ], [ 67.725616454336006, 23.7992820741085 ], [ 67.746536254444706, 23.799549103508401 ], [ 67.750221251709405, 23.8014717101514 ], [ 67.751121520741705, 23.804702759324901 ], [ 67.748497008530194, 23.8094558723906 ], [ 67.717323303028095, 23.8366832727149 ], [ 67.709220885335597, 23.849218368732799 ], [ 67.705062865358997, 23.855648041124301 ], [ 67.709037780669107, 23.8562011718466 ], [ 67.711868285293207, 23.853059768893299 ], [ 67.711882223885596, 23.853050563432799 ], [ 67.731785197429005, 23.839905075958502 ], [ 67.734985351293005, 23.8377914434204 ], [ 67.753128052118001, 23.830657958897699 ], [ 67.771682738667494, 23.826511382794099 ], [ 67.782279967446598, 23.8219470976804 ], [ 67.790657043487798, 23.816410065372299 ], [ 67.800697326620394, 23.813667296808401 ], [ 67.807647704677905, 23.8147468573816 ], [ 67.820945739654206, 23.811388016343901 ], [ 67.827362060710598, 23.813602448494201 ], [ 67.831077575569694, 23.8168125146859 ], [ 67.834175109593701, 23.819492339699799 ], [ 67.8360214231502, 23.824577331378801 ], [ 67.834968567045806, 23.844497680723499 ], [ 67.836227416462194, 23.853010178477 ], [ 67.838912963862199, 23.873018264781098 ], [ 67.8378448489607, 23.875514984229198 ], [ 67.845634460861703, 23.909162521433299 ], [ 67.854515075410504, 23.9215183259101 ], [ 67.863555907779002, 23.9462547300718 ], [ 67.872047423449899, 23.9549312587706 ], [ 67.880691527991701, 23.9670486448791 ], [ 67.892021179034302, 23.9721221917858 ], [ 67.893936156728302, 23.975074767686401 ], [ 67.902687072850199, 23.964721679661899 ], [ 67.886215209864105, 23.947463989071899 ], [ 67.872993468873503, 23.9295101170983 ], [ 67.870910643511394, 23.923730849699002 ], [ 67.865287780806497, 23.901594161641299 ], [ 67.865051269000901, 23.892190933065098 ], [ 67.871963500515207, 23.858652114903201 ], [ 67.894172668533898, 23.848386764737398 ], [ 67.924339294323005, 23.829587937433399 ], [ 67.929840087550104, 23.8290271759635 ], [ 67.922035216851796, 23.840999603049301 ], [ 67.919342040502798, 23.848503112728501 ], [ 67.920249938483906, 23.851734161002799 ], [ 67.922325133997802, 23.8488006588234 ], [ 67.9264373775829, 23.8440799708141 ], [ 67.936325072743998, 23.837884902766099 ], [ 67.951972960683605, 23.812105178910901 ], [ 67.955238341476303, 23.811262131042501 ], [ 67.958099364594005, 23.8159122474523 ], [ 67.963096617515006, 23.815336227185199 ], [ 67.970184325646201, 23.811368941723298 ], [ 67.978622436875995, 23.8033046723728 ], [ 67.981048583825199, 23.796482086179399 ], [ 67.996253966647302, 23.786733626755499 ], [ 68.033584594553503, 23.788024902127599 ], [ 68.035232543746901, 23.7884311681639 ], [ 68.042739867451004, 23.790290832156199 ], [ 68.044609069652907, 23.794916153357899 ], [ 68.043724059417897, 23.8001708983683 ], [ 68.040168761479194, 23.8028430944333 ], [ 68.0427017209078, 23.810693741523 ], [ 68.040168761479194, 23.821641921737299 ], [ 68.042182921804496, 23.830167770826002 ], [ 68.027687072600401, 23.869277953814599 ], [ 68.028160094412897, 23.879604339168999 ], [ 68.032752990558194, 23.894605637040598 ], [ 68.029830933151104, 23.903213500702499 ], [ 68.041961669695397, 23.911851882858201 ], [ 68.045639038011203, 23.911024093786999 ], [ 68.048477172483601, 23.905183792098398 ], [ 68.055335997758206, 23.9030036933658 ], [ 68.050384520329402, 23.897058486659901 ], [ 68.047828674054102, 23.889896392904198 ], [ 68.047058104348096, 23.881397247385099 ], [ 68.053024291338005, 23.853790282795401 ], [ 68.055595397309801, 23.8508663179263 ], [ 68.063392639059103, 23.848058701048299 ], [ 68.070053100869998, 23.841098785680401 ], [ 68.072959899479798, 23.834743499812699 ], [ 68.075988769366305, 23.833206177123401 ], [ 68.083938599087205, 23.834295273208301 ], [ 68.104385375584698, 23.843223572509899 ], [ 68.107559203594406, 23.845815658765702 ], [ 68.103530883843305, 23.855539322082102 ], [ 68.111656188382398, 23.853527069218899 ], [ 68.116874694311804, 23.851749419799901 ], [ 68.119544982914704, 23.844699859111198 ], [ 68.1240997307181, 23.842275620523498 ], [ 68.142105102368603, 23.839685439931099 ], [ 68.143302916596397, 23.841545104822799 ], [ 68.136940001779706, 23.856307983426699 ], [ 68.134696959497106, 23.865888596081898 ], [ 68.136047362595804, 23.8695449832144 ], [ 68.143501281858704, 23.8696498873325 ], [ 68.159904479807906, 23.854740143143101 ], [ 68.167839049832395, 23.8565139767387 ], [ 68.173210143733201, 23.851127624939998 ], [ 68.178115844770502, 23.854211806729602 ], [ 68.188934325658593, 23.850088119271302 ], [ 68.190383910489103, 23.851951599087101 ], [ 68.192871093526193, 23.871490479402102 ], [ 68.185623168474507, 23.886302948422401 ], [ 68.2004089357239, 23.885417938187299 ], [ 68.209053039366296, 23.8877315520695 ], [ 68.213363646415203, 23.888887404829902 ], [ 68.237762450476694, 23.900175095304501 ], [ 68.247314452999703, 23.906793593849301 ], [ 68.263717650948905, 23.9286842336905 ], [ 68.274475097547807, 23.937160492362899 ], [ 68.278930663619306, 23.938627243452601 ], [ 68.286163329873801, 23.938318253484699 ], [ 68.306968688554207, 23.923851013513499 ], [ 68.315231322267806, 23.922416687480201 ], [ 68.318771361409205, 23.923582076651499 ], [ 68.319572448709593, 23.920024872150201 ], [ 68.319573673586206, 23.9200252498654 ], [ 68.319573503614393, 23.920026110516599 ], [ 68.321884932144002, 23.920738610098901 ], [ 68.325882850313306, 23.921970972682299 ], [ 68.327806140441098, 23.923186004430601 ], [ 68.330008318429194, 23.9245772214617 ], [ 68.331245384466996, 23.9277458100212 ], [ 68.332008844132901, 23.9297013147639 ], [ 68.332559788603405, 23.9327265819662 ], [ 68.333289047951297, 23.936730980650299 ], [ 68.332692802830607, 23.939050892484801 ], [ 68.331818940591702, 23.9424509755322 ], [ 68.331710892443795, 23.949460997527101 ], [ 68.331702875887103, 23.950007154007 ], [ 68.331579925972804, 23.958383140069898 ], [ 68.333162421608506, 23.961707000177999 ], [ 68.3349392355573, 23.965439000509502 ], [ 68.336305707742298, 23.9660892373285 ], [ 68.3390745260686, 23.9674067827968 ], [ 68.343209816579801, 23.9693712924512 ], [ 68.348068700710002, 23.9694335012551 ], [ 68.351014877034999, 23.9702473400428 ], [ 68.352904666517205, 23.970769366812899 ], [ 68.357095805826802, 23.972372622398701 ], [ 68.359802337108206, 23.973407963306901 ], [ 68.359803365932606, 23.973408357210001 ], [ 68.361145780353496, 23.976610505770299 ], [ 68.363816579771395, 23.9780621851218 ], [ 68.365958826938396, 23.979226576944999 ], [ 68.369425917572102, 23.981102524961599 ], [ 68.370781695019303, 23.981836099256601 ], [ 68.371746002975698, 23.982205154944001 ], [ 68.374229407960897, 23.983155594455202 ], [ 68.376328157618403, 23.981908131355201 ], [ 68.378045458930799, 23.978857998797601 ], [ 68.3791799698798, 23.976842973324601 ], [ 68.380659898735402, 23.9704877881809 ], [ 68.382093990944995, 23.967318380339002 ], [ 68.384155467300999, 23.965018029658399 ], [ 68.384569528660805, 23.964555990366701 ], [ 68.384918446729003, 23.964166639678702 ], [ 68.384919608653107, 23.964165343755699 ], [ 68.567971389667903, 23.9631009754297 ], [ 68.749244278400795, 23.9620469493073 ], [ 68.749904634391399, 23.9769686679697 ], [ 68.750923934092299, 24.0000012552538 ], [ 68.759561222672303, 24.0358207954934 ], [ 68.761100439333902, 24.089622023737402 ], [ 68.761398038488693, 24.100024211148501 ], [ 68.7614176401121, 24.102932050273999 ], [ 68.761606319676005, 24.1309226134879 ], [ 68.761810585390293, 24.1612252023812 ], [ 68.761968440691007, 24.174653231661299 ], [ 68.762160922588606, 24.191026797848501 ], [ 68.763067870885607, 24.206628270878099 ], [ 68.764174543320607, 24.235987852257601 ], [ 68.764129797552201, 24.2771039739693 ], [ 68.7641221578114, 24.284124618756199 ], [ 68.7641221578114, 24.284124860673799 ], [ 68.766258435278601, 24.287641854687902 ], [ 68.767501111287302, 24.289687695430899 ], [ 68.772651399142802, 24.294137307091098 ], [ 68.792283388068, 24.299994817306999 ], [ 68.805213129082702, 24.303206788262699 ], [ 68.826354515848294, 24.308396364800402 ], [ 68.832054865040007, 24.299326884528199 ], [ 68.831536642402199, 24.293429581110299 ], [ 68.831046417458296, 24.287850878715101 ], [ 68.835852914280593, 24.249883475941701 ], [ 68.839406030464005, 24.232585206142399 ], [ 68.840309075703303, 24.2281887534083 ], [ 68.844767101420601, 24.2162790324514 ], [ 68.847725095736607, 24.208376683337299 ], [ 68.851688994351704, 24.206178716874302 ], [ 68.852531592559004, 24.2057115001857 ], [ 68.853647174577503, 24.2056641967453 ], [ 68.864037064658902, 24.2052236467539 ], [ 68.867507696822798, 24.206202627149601 ], [ 68.873587850399005, 24.214329143974801 ], [ 68.879104845811995, 24.2254286180363 ], [ 68.880974404145505, 24.231420369154801 ], [ 68.880997632734605, 24.233697735861899 ], [ 68.881056257740198, 24.239445386695301 ], [ 68.887946543997899, 24.261986909968002 ], [ 68.889015648153702, 24.265484475927799 ], [ 68.8890157920452, 24.265484948971299 ], [ 68.897276550672402, 24.276856179269299 ], [ 68.897277413122197, 24.276856798902202 ], [ 68.910340532589501, 24.286249804884601 ], [ 68.925548488372101, 24.293337303473798 ], [ 68.926681970496603, 24.2938655499552 ], [ 68.928403253107703, 24.293785544467401 ], [ 68.9339375559735, 24.2935283086845 ], [ 68.935632576582194, 24.2926363664752 ], [ 68.938996166040297, 24.290866399964401 ], [ 68.944446851740807, 24.281455813135299 ], [ 68.947806986903004, 24.275654555513398 ], [ 68.953086493846698, 24.267750699135501 ], [ 68.957344675816202, 24.261375851214598 ], [ 68.960000036572495, 24.2536291387738 ], [ 68.970565818757606, 24.237529990816501 ], [ 68.9814917605364, 24.2285456376711 ], [ 68.986281887898897, 24.226332291901802 ], [ 69.000534397644401, 24.2258804554187 ], [ 69.004150389029306, 24.2267570587913 ], [ 69.013716251004197, 24.229076056015199 ], [ 69.039451312728005, 24.2421007483509 ], [ 69.057965350820297, 24.253061185425398 ], [ 69.069876325432105, 24.260112562744599 ], [ 69.070091098825202, 24.260239710694101 ], [ 69.079278450540102, 24.2652754006393 ], [ 69.084397513034801, 24.267769652347599 ], [ 69.068470999836805, 24.343988913457601 ], [ 69.097948846562105, 24.457503975328201 ], [ 69.141937804885899, 24.561509179605 ], [ 69.161304000079596, 24.611861286569201 ], [ 69.192358138017696, 24.677570788760899 ], [ 69.210959589313603, 24.731123216863001 ], [ 69.170859776157798, 24.832158170863 ], [ 69.092251630608303, 24.905275389647599 ], [ 68.990699767880002, 24.9548282628141 ], [ 68.881074466313606, 25.000453829880399 ], [ 68.742767334045297, 25.041301726993101 ], [ 68.597023009904007, 25.0747528072962 ], [ 68.455745811719893, 25.098606596117602 ], [ 68.315259837071906, 25.135795412628202 ], [ 68.256148098655899, 25.224256515225999 ], [ 68.251244827586802, 25.290704293368499 ], [ 68.247961758028794, 25.3351955410415 ], [ 68.2234991641552, 25.495899756468599 ], [ 68.189569812696703, 25.7028687995555 ], [ 68.080034757198305, 25.872670697994302 ], [ 67.986357449137003, 26.030948638768699 ], [ 67.848722532219099, 26.1692021471614 ], [ 67.747221706916307, 26.254617691153499 ], [ 67.575036498035999, 26.344675621882502 ], [ 67.394292425055397, 26.4444322480499 ] ] ] } },
{ "type": "Feature", "properties": { "FID": 11, "pk_key": 11, "AEZ": " ", "Shape__Area": 168792550905.797, "Shape__Length": 2638890.5530651901 }, "geometry": { "type": "Polygon", "coordinates": [ [ [ 77.834880503432501, 35.501305314888398 ], [ 77.833967088110697, 35.5021425468411 ], [ 77.125983587372701, 35.042989994392798 ], [ 77.076837806719496, 35.024560370264901 ], [ 77.052264737427706, 35.024560370264901 ], [ 77.036906777425898, 35.033775241234402 ], [ 77.026917403115704, 35.0407950298668 ], [ 77.018096759857698, 35.038463812654904 ], [ 77.013787937063697, 35.035120874328904 ], [ 77.010962318456293, 35.027580434889202 ], [ 77.010300934540595, 35.016179737404997 ], [ 77.010674190961197, 34.999998734054401 ], [ 77.0113061076908, 34.972718258440899 ], [ 77.011450171888001, 34.966719958459301 ], [ 77.010140499984104, 34.956288418076099 ], [ 76.9974890640691, 34.939151354451504 ], [ 76.988753548837295, 34.935215788078203 ], [ 76.980724464562499, 34.935372996766397 ], [ 76.970359199717294, 34.9355759476719 ], [ 76.950340857544603, 34.940935782960103 ], [ 76.908431340434007, 34.961684268514198 ], [ 76.90140494808, 34.9630725213798 ], [ 76.898468007792403, 34.964264321841 ], [ 76.883514822750996, 34.970324832425099 ], [ 76.870041567464398, 34.972426856514303 ], [ 76.863152690444295, 34.970835604179797 ], [ 76.853163165048102, 34.963868147097301 ], [ 76.848153667857602, 34.957974620832097 ], [ 76.825522528941605, 34.941652827715899 ], [ 76.811050648468694, 34.935454804495699 ], [ 76.804420431757606, 34.934325211039699 ], [ 76.799338902468406, 34.935772399176898 ], [ 76.763313090126999, 34.933054828717403 ], [ 76.749368352667403, 34.926598144289002 ], [ 76.743370052685904, 34.9181442094877 ], [ 76.738861505754002, 34.901927190087797 ], [ 76.743438810352899, 34.864889653934398 ], [ 76.744689547884406, 34.844730521995999 ], [ 76.743239085315594, 34.840094282125399 ], [ 76.737853057272801, 34.830736671660098 ], [ 76.727287275987095, 34.820901031957099 ], [ 76.706191727666194, 34.801246123809598 ], [ 76.696699876298297, 34.779132305511503 ], [ 76.6871949290028, 34.7632099633691 ], [ 76.681815449823205, 34.759588719044203 ], [ 76.671639294418, 34.757421210820297 ], [ 76.652504981319893, 34.756556827435702 ], [ 76.618040951428895, 34.756068974004002 ], [ 76.580017887815302, 34.755515638236098 ], [ 76.570977873829904, 34.758423110438201 ], [ 76.561806892474195, 34.758341255944202 ], [ 76.545318117736997, 34.765587018126404 ], [ 76.514092252455598, 34.783801286999797 ], [ 76.489738894734302, 34.792376366775898 ], [ 76.483917310635405, 34.793131898917999 ], [ 76.477326474337403, 34.793987264800499 ], [ 76.4743436956051, 34.794373618048098 ], [ 76.469199956612798, 34.791669144415501 ], [ 76.436972193512005, 34.7643788464067 ], [ 76.427621132809094, 34.762443804837801 ], [ 76.409537830406606, 34.752166150147801 ], [ 76.394147840150794, 34.741596606098497 ], [ 76.385934259958205, 34.735955680510301 ], [ 76.350740087585095, 34.734701669446601 ], [ 76.339889451437102, 34.734318589731203 ], [ 76.316138542359894, 34.731627212925602 ], [ 76.301512777092995, 34.724440386014997 ], [ 76.289948368822195, 34.712319366645502 ], [ 76.283301781751902, 34.7015145698415 ], [ 76.275116328755701, 34.693640165361401 ], [ 76.260061644429399, 34.684370958253197 ], [ 76.234297113720899, 34.673094679276097 ], [ 76.227378769514601, 34.672141891635 ], [ 76.197852205614893, 34.659127023493397 ], [ 76.192793595547997, 34.655266762750998 ], [ 76.157913744323906, 34.643410954352099 ], [ 76.139090478842604, 34.642474537969598 ], [ 76.130751140153095, 34.6435190025 ], [ 76.121923948031807, 34.646649118961697 ], [ 76.092957267863696, 34.6665561394543 ], [ 76.085822827361696, 34.671457588496999 ], [ 76.074438499337305, 34.676306650231801 ], [ 76.055016058744201, 34.676025070700497 ], [ 76.036461275067794, 34.670265786237103 ], [ 76.025427285141205, 34.664100503735298 ], [ 76.019246998350397, 34.6582166083099 ], [ 76.014367100661204, 34.653570736700203 ], [ 76.000389622483198, 34.635811579640702 ], [ 75.9918440098932, 34.629970440683302 ], [ 75.983275478080898, 34.629407282520098 ], [ 75.967713295532207, 34.633473814464999 ], [ 75.946251038754497, 34.631178613302403 ], [ 75.932211350873203, 34.624427252515702 ], [ 75.918646418697307, 34.604834553172203 ], [ 75.911927799528399, 34.601128179921602 ], [ 75.881461545713805, 34.5907359300192 ], [ 75.842184470137198, 34.573860801135098 ], [ 75.820646906829296, 34.558914164057398 ], [ 75.810477300287204, 34.548171576057399 ], [ 75.793029189945202, 34.533915791880297 ], [ 75.768783879472494, 34.522141837076198 ], [ 75.7492075513874, 34.5158324903772 ], [ 75.729225224364697, 34.516159909252501 ], [ 75.713836574098707, 34.518399447776297 ], [ 75.692305559653903, 34.5215262907058 ], [ 75.644148904648304, 34.533535987495902 ], [ 75.615562030663199, 34.538535662290997 ], [ 75.591889701648498, 34.540064704022903 ], [ 75.5646288708258, 34.538755032119099 ], [ 75.5518039035274, 34.538136211317102 ], [ 75.521203407911003, 34.5395866738859 ], [ 75.516884762721702, 34.537792422082603 ], [ 75.506096336276997, 34.537330763204203 ], [ 75.478508087478303, 34.539357480763201 ], [ 75.464943155302393, 34.543365079235102 ], [ 75.413954334624904, 34.547336659858999 ], [ 75.394973908119397, 34.5488100416501 ], [ 75.3778139243732, 34.5524214626804 ], [ 75.350546544687305, 34.5622407320242 ], [ 75.335197184902199, 34.572125485502802 ], [ 75.2791530276901, 34.601750274255799 ], [ 75.261855529509106, 34.610881965130702 ], [ 75.258080398591602, 34.6176005851989 ], [ 75.266943606762098, 34.634537922886899 ], [ 75.2660595776874, 34.639550694508998 ], [ 75.259642183739899, 34.644085435094802 ], [ 75.249711592715897, 34.647313777309002 ], [ 75.242618053380497, 34.647811424357798 ], [ 75.235757032860803, 34.648292757704702 ], [ 75.206734692751894, 34.646285684936501 ], [ 75.205081508604806, 34.646918204211801 ], [ 75.177895705522502, 34.657319674863203 ], [ 75.164664741085005, 34.6604465177926 ], [ 75.142302083974101, 34.662407752116103 ], [ 75.111213735825302, 34.657990882073598 ], [ 75.1055461273519, 34.655659664861702 ], [ 75.084725610598497, 34.655381359762004 ], [ 75.054498371402801, 34.646622925307803 ], [ 75.050795272583798, 34.643921726106797 ], [ 75.041801097942397, 34.641433347870802 ], [ 75.029915820558799, 34.641469363920102 ], [ 75.018744314398603, 34.641498832005503 ], [ 75.003653614922399, 34.646763715073497 ], [ 74.998902778040801, 34.650267088855102 ], [ 74.946715607139595, 34.666346592021704 ], [ 74.927810485365697, 34.678310449467702 ], [ 74.910506438321505, 34.683224995337298 ], [ 74.893745906448501, 34.684485555264203 ], [ 74.889816888938398, 34.683870008893798 ], [ 74.864878771338297, 34.679933009001203 ], [ 74.856768145533493, 34.688628941472501 ], [ 74.826562713098795, 34.726501906437903 ], [ 74.799491882044805, 34.752616882263297 ], [ 74.795387267408501, 34.754161834800897 ], [ 74.791419982845994, 34.755924225422703 ], [ 74.788681030105494, 34.757911682178403 ], [ 74.785537719690097, 34.760665893716101 ], [ 74.782394408375296, 34.763969421052003 ], [ 74.780075073006302, 34.767608642824698 ], [ 74.778305053435503, 34.770580292446603 ], [ 74.776397704690396, 34.7739944462867 ], [ 74.775306702042698, 34.776969909933399 ], [ 74.772712707425598, 34.7792854312777 ], [ 74.771209716355401, 34.782146454395402 ], [ 74.769577025959094, 34.786334991067001 ], [ 74.768356323085897, 34.791179656915702 ], [ 74.766586303515197, 34.795364380461798 ], [ 74.766387939152096, 34.798580169938901 ], [ 74.766334533811701, 34.802410126226398 ], [ 74.766212462535194, 34.806156157780499 ], [ 74.765396117337005, 34.809570312519902 ], [ 74.764450072812707, 34.812873839855897 ], [ 74.761848450145905, 34.815959930006798 ], [ 74.759117125455006, 34.817943572737803 ], [ 74.755561828415694, 34.819927216368001 ], [ 74.752548217326407, 34.821472168006203 ], [ 74.749954223608597, 34.824005127434802 ], [ 74.747627257491999, 34.827201843190601 ], [ 74.744895934599796, 34.8299560547282 ], [ 74.742576598331397, 34.832599639761597 ], [ 74.739501952952807, 34.835124969341898 ], [ 74.737304687061695, 34.837078094478599 ], [ 74.735656737868197, 34.8385391240814 ], [ 74.7326660154243, 34.840244292640001 ], [ 74.728927611919801, 34.8419265752513 ], [ 74.725883484135494, 34.843296051171897 ], [ 74.728225708150006, 34.847587585398799 ], [ 74.728218078301694, 34.850124358852099 ], [ 74.728103637772705, 34.852764129860802 ], [ 74.726234435570802, 34.856178283700899 ], [ 74.7244949335944, 34.858573913954999 ], [ 74.722770690415103, 34.860939025715503 ], [ 74.720115661508601, 34.861236571810402 ], [ 74.717407226362496, 34.860904694096398 ], [ 74.713699340452294, 34.857467650711499 ], [ 74.710945128914602, 34.8565063482894 ], [ 74.7077178955645, 34.856834411978603 ], [ 74.705665587796702, 34.857570648266901 ], [ 74.703887938377704, 34.859397888102102 ], [ 74.702514647532993, 34.863796233909099 ], [ 74.702209472489201, 34.865791321412402 ], [ 74.701835631509297, 34.868198394640302 ], [ 74.700912475630304, 34.870151519776897 ], [ 74.700065612837804, 34.871944427093702 ], [ 74.698844909964706, 34.875030518143902 ], [ 74.695610045866999, 34.875354766908998 ], [ 74.691940307399307, 34.8749160767156 ], [ 74.687431335088107, 34.8735733034652 ], [ 74.685028075885, 34.874645233290899 ], [ 74.681747436295197, 34.876865386928102 ], [ 74.680160521391002, 34.878684997814403 ], [ 74.677398681803794, 34.880088806253497 ], [ 74.6763610835972, 34.881565093754098 ], [ 74.675064086738203, 34.884628296159001 ], [ 74.674369811917401, 34.888137816806903 ], [ 74.673362731305104, 34.892452239679201 ], [ 74.671333313082002, 34.896026611339103 ], [ 74.669166564785201, 34.897720336924102 ], [ 74.666519164827704, 34.8981704709905 ], [ 74.666244506478805, 34.902130127503398 ], [ 74.665267943460904, 34.904392241708599 ], [ 74.6641616820161, 34.907447815164602 ], [ 74.661987304770406, 34.906612396245102 ], [ 74.659164429095199, 34.904708862424101 ], [ 74.656906128015507, 34.902774811008797 ], [ 74.653533935642699, 34.901210784749999 ], [ 74.649513244840406, 34.901260376065601 ], [ 74.645149230652507, 34.901802062914904 ], [ 74.639175414713705, 34.903846740834503 ], [ 74.637016295365797, 34.905696869315101 ], [ 74.633201598774804, 34.908416748334297 ], [ 74.629623413090101, 34.909233093532499 ], [ 74.626586913355396, 34.9109878543061 ], [ 74.624458312501204, 34.911865233793499 ], [ 74.6199874876325, 34.913516997911202 ], [ 74.617004395036901, 34.914615631306397 ], [ 74.609794616528404, 34.917243958442 ], [ 74.606445311901695, 34.918521880680302 ], [ 74.599990844302098, 34.919326782005399 ], [ 74.594421386937498, 34.916614531935103 ], [ 74.590492248918196, 34.914001465395401 ], [ 74.585662841866693, 34.910934448066399 ], [ 74.582893371531995, 34.909111023155198 ], [ 74.579216002316699, 34.906688690230901 ], [ 74.574005127134996, 34.903640747522601 ], [ 74.571884154330306, 34.904678344829797 ], [ 74.567947387362096, 34.905826568641203 ], [ 74.565963744631205, 34.907505035429097 ], [ 74.565757750419905, 34.909885405986699 ], [ 74.566986084040593, 34.913452147798402 ], [ 74.569557190012304, 34.917106628368202 ], [ 74.571144104017307, 34.920337676642497 ], [ 74.571769713801302, 34.923622131156499 ], [ 74.5719451895189, 34.925979613968103 ], [ 74.570549010928204, 34.927787780981397 ], [ 74.568511962856903, 34.9286804201653 ], [ 74.566436767343006, 34.929100036637401 ], [ 74.563377379862203, 34.9292564386338 ], [ 74.564811706794899, 34.930446624811999 ], [ 74.567848205630199, 34.932659149500203 ], [ 74.570327758819104, 34.935054778854997 ], [ 74.570350646565103, 34.9378967291508 ], [ 74.570419311601995, 34.9413642883313 ], [ 74.571968079063694, 34.943698883396799 ], [ 74.573547362320994, 34.945789336808502 ], [ 74.574699401955897, 34.947299956827599 ], [ 74.572692870579502, 34.948665618723403 ], [ 74.569137572640898, 34.949790954788803 ], [ 74.565696716130603, 34.953361511524598 ], [ 74.562713622635599, 34.956981658676703 ], [ 74.562751770078194, 34.960136413864497 ], [ 74.5646591188233, 34.962562560813602 ], [ 74.565986632377204, 34.963397979733003 ], [ 74.567680358861494, 34.964462279710503 ], [ 74.567260741490102, 34.966533661199499 ], [ 74.566421508545801, 34.9681549068235 ], [ 74.564872741983507, 34.970443726396901 ], [ 74.564689635518306, 34.973136901846601 ], [ 74.567573546382107, 34.9758262632715 ], [ 74.570617675964996, 34.978038787959697 ], [ 74.573020934268797, 34.984542846874902 ], [ 74.5718536376353, 34.988594055271498 ], [ 74.571319579734805, 34.991825104445098 ], [ 74.572189330273403, 34.993896484135497 ], [ 74.574119567663999, 34.995052337795201 ], [ 74.576683043787497, 34.996299744237803 ], [ 74.579040526599101, 34.9971046446637 ], [ 74.580589294060701, 34.998592376936699 ], [ 74.582160949268399, 35.000099182031697 ], [ 74.583496093569906, 35.001644135468602 ], [ 74.579879760442594, 35.0045127866359 ], [ 74.5778503413202, 35.008087158295801 ], [ 74.576339721301196, 35.011005401677998 ], [ 74.575477599711505, 35.014835357965502 ], [ 74.575439452268895, 35.016887664833902 ], [ 74.572547912456201, 35.019245147645499 ], [ 74.570625304914003, 35.019184113356197 ], [ 74.567878722325204, 35.018379211131702 ], [ 74.565483092970396, 35.017082214272797 ], [ 74.563629149565699, 35.015441894927598 ], [ 74.562271117518094, 35.012668609668602 ], [ 74.558036803555694, 35.012413025041099 ], [ 74.554260253507906, 35.013233185163401 ], [ 74.551033020157803, 35.016239166404397 ], [ 74.548477172983198, 35.017948150786602 ], [ 74.546646117324499, 35.019145965913602 ], [ 74.543144225625596, 35.021057128683601 ], [ 74.539863586035693, 35.023277283220096 ], [ 74.538078307667803, 35.025100708131198 ], [ 74.537864684507696, 35.027320861768402 ], [ 74.536506652460105, 35.029758453489897 ], [ 74.534133910851395, 35.031299591103298 ], [ 74.531227111342204, 35.033496856994397 ], [ 74.528533935892497, 35.035999297929301 ], [ 74.528366089123793, 35.038848877173997 ], [ 74.529037475299305, 35.0427589423713 ], [ 74.529953003128597, 35.047286987504499 ], [ 74.531188964799, 35.0510101322119 ], [ 74.532981873015103, 35.0529937740435 ], [ 74.535209655601193, 35.054615021466098 ], [ 74.5376129148042, 35.055912018325003 ], [ 74.537765502775798, 35.057956696244602 ], [ 74.5374832145787, 35.061912536934102 ], [ 74.536987305020105, 35.065567017503902 ], [ 74.534660338903606, 35.067737578926199 ], [ 74.532394408874893, 35.070850371747298 ], [ 74.529289245902007, 35.072902679515103 ], [ 74.525085448634599, 35.075794220227102 ], [ 74.519134520441796, 35.077854156044502 ], [ 74.515342711596901, 35.081043242851401 ], [ 74.511024474699795, 35.084888457936003 ], [ 74.508598327750704, 35.088481903317202 ], [ 74.507713317515694, 35.091999053813304 ], [ 74.507972717067304, 35.095455170020202 ], [ 74.509780884080598, 35.099151611158 ], [ 74.506813048483494, 35.100563049445199 ], [ 74.504028319351505, 35.101810454988502 ], [ 74.501144408487704, 35.104320525771698 ], [ 74.497657775585907, 35.1065483092571 ], [ 74.494346618401806, 35.1084518430782 ], [ 74.491607665661306, 35.109516143954899 ], [ 74.490791320463103, 35.109733582039198 ], [ 74.489410399770193, 35.110858917205299 ], [ 74.487136840792601, 35.111289978449797 ], [ 74.484718322792403, 35.112358093351403 ], [ 74.481880187420799, 35.112972260161698 ], [ 74.477828979024196, 35.112701415837698 ], [ 74.474510192891202, 35.111923218082097 ], [ 74.469398498541906, 35.110286712761599 ], [ 74.466346740909401, 35.110595702729498 ], [ 74.4622650149186, 35.1150627144727 ], [ 74.459312439017907, 35.119312286332999 ], [ 74.457138061772199, 35.123680115444998 ], [ 74.455215453330496, 35.128150940313702 ], [ 74.453704833311505, 35.131511687914099 ], [ 74.451942443589004, 35.133769988993798 ], [ 74.449615478371697, 35.134387969829 ], [ 74.446411132767594, 35.134468078738898 ], [ 74.442497252646106, 35.134658813253701 ], [ 74.439468383659104, 35.134109497455398 ], [ 74.435981749857902, 35.1285934454312 ], [ 74.434631347658595, 35.125778197805602 ], [ 74.431716918301206, 35.119548798138503 ], [ 74.430946349494505, 35.117328644501399 ], [ 74.430191039484995, 35.1139373784073 ], [ 74.429397582932197, 35.110359191823299 ], [ 74.424919127315903, 35.106834412378298 ], [ 74.419929503343994, 35.104946136455098 ], [ 74.413581847324494, 35.102024078148801 ], [ 74.409469603739296, 35.099708556804501 ], [ 74.404953002479104, 35.097774506288502 ], [ 74.402046203869205, 35.093963622822997 ], [ 74.398704529090793, 35.090171813978102 ], [ 74.396774291700197, 35.087745667028997 ], [ 74.390815734558501, 35.083610534798403 ], [ 74.386749267364806, 35.076370238695603 ], [ 74.379653930284704, 35.068759918335601 ], [ 74.375770568656904, 35.062686919765603 ], [ 74.375076293835903, 35.061256408656398 ], [ 74.366607665911104, 35.059131621826999 ], [ 74.357666015274404, 35.059276580849598 ], [ 74.350677489774398, 35.0589828487795 ], [ 74.337852477509898, 35.060974121358598 ], [ 74.331268310584093, 35.060321808005099 ], [ 74.320976256848795, 35.063781738236699 ], [ 74.315795897462706, 35.065727234424401 ], [ 74.305656432598397, 35.066619872708998 ], [ 74.299491882144693, 35.067394257339203 ], [ 74.295791626082703, 35.066074370935503 ], [ 74.291252135277901, 35.061786652532 ], [ 74.288833617277604, 35.059543610249499 ], [ 74.285743713101894, 35.054004668680598 ], [ 74.283821105559596, 35.049789429338801 ], [ 74.281631469516796, 35.046916962348 ], [ 74.279586791597197, 35.045135498004903 ], [ 74.274261474987199, 35.041725159088898 ], [ 74.270347594865697, 35.0407257083248 ], [ 74.266242981128798, 35.039875031507499 ], [ 74.260086059624001, 35.039394378947499 ], [ 74.253913878422793, 35.039024352891602 ], [ 74.248573303015604, 35.039360046429103 ], [ 74.245018005076901, 35.042224884470897 ], [ 74.243240355657903, 35.045089722512699 ], [ 74.239273071095397, 35.0487632750052 ], [ 74.2376251219019, 35.0510940551465 ], [ 74.237098693849703, 35.054454802747003 ], [ 74.237388610995694, 35.058197021175701 ], [ 74.238082885816596, 35.062931061419398 ], [ 74.237953185591095, 35.066013335746902 ], [ 74.236045836846003, 35.0699806212087 ], [ 74.234268187426906, 35.069213867326098 ], [ 74.2311477656569, 35.0666656491005 ], [ 74.227081298463204, 35.065441132202501 ], [ 74.222251891411702, 35.0655326840862 ], [ 74.218849181444597, 35.066265106349597 ], [ 74.215789794863198, 35.066982268916597 ], [ 74.2158584590007, 35.070388793807901 ], [ 74.215652465688805, 35.074802399311302 ], [ 74.215797423812106, 35.0792007451183 ], [ 74.216239928929596, 35.0830154417093 ], [ 74.216255187726802, 35.085712432982497 ], [ 74.216186522689995, 35.087135315142703 ], [ 74.213836669726604, 35.088104248312398 ], [ 74.211120604732201, 35.088802338057498 ], [ 74.207122802575299, 35.090984344252099 ], [ 74.206192016848107, 35.092449187879801 ], [ 74.205039978112595, 35.090797423762098 ], [ 74.205032348264297, 35.088241577486897 ], [ 74.203964232463406, 35.085453033430802 ], [ 74.2018203737113, 35.084419250148301 ], [ 74.198554992918702, 35.084716797142498 ], [ 74.195121764457895, 35.085025787110503 ], [ 74.189895629579695, 35.0844230650724 ], [ 74.186721801569902, 35.083580017204099 ], [ 74.182533263999005, 35.083072661973802 ], [ 74.179542541555094, 35.082221985156501 ], [ 74.177261352729303, 35.081760406317699 ], [ 74.175445556767102, 35.080570221038897 ], [ 74.1717910770966, 35.080177307237001 ], [ 74.168182372918196, 35.080490112128999 ], [ 74.164703368965405, 35.080230713476702 ], [ 74.160743712452401, 35.080421447991498 ], [ 74.159667968601894, 35.082317351964299 ], [ 74.157562255493801, 35.0842666630761 ], [ 74.155136107645305, 35.086654663482001 ], [ 74.152488707687795, 35.088344574142802 ], [ 74.149116515315001, 35.0895004269032 ], [ 74.146202086856903, 35.089923859198798 ], [ 74.142791747940905, 35.090511322439603 ], [ 74.142898559521001, 35.0944862368504 ], [ 74.142242432142595, 35.097499847040403 ], [ 74.141395568450804, 35.100238799780797 ], [ 74.138427733753005, 35.1013336182519 ], [ 74.115944697889603, 35.1230644341763 ], [ 74.115813593822296, 35.123045730975797 ], [ 74.107781161371605, 35.119930917377999 ], [ 74.102202822302402, 35.117767751080898 ], [ 74.093323243772701, 35.1130529302486 ], [ 74.089980305446801, 35.109719814317998 ], [ 74.084240762001599, 35.106639528391597 ], [ 74.082213947315907, 35.105551782189004 ], [ 74.071929745561405, 35.096655832400799 ], [ 74.070121905001997, 35.094686457414099 ], [ 74.065810300604895, 35.089989598741099 ], [ 74.061804969323902, 35.081473840045803 ], [ 74.061370755056402, 35.080550652690498 ], [ 74.061370511340101, 35.080550134680998 ], [ 74.060847819071597, 35.077810608173102 ], [ 74.060257290041903, 35.0747155454861 ], [ 74.060257290041903, 35.069444112655702 ], [ 74.062195605143103, 35.060548163766803 ], [ 74.070266462027604, 35.050270509076803 ], [ 74.077210999887797, 35.044157612983497 ], [ 74.084427293984504, 35.033608202056897 ], [ 74.0852190328321, 35.032025889883002 ], [ 74.086653737480006, 35.029158590396698 ], [ 74.087203799715695, 35.024993831800003 ], [ 74.087494046013504, 35.024879197017299 ], [ 74.088372682753203, 35.024532172022198 ], [ 74.089011038628598, 35.024279340219401 ], [ 74.089538290459799, 35.024070513143698 ], [ 74.089077309670202, 35.023453124062499 ], [ 74.082764010450802, 35.014997756641201 ], [ 74.078436542012895, 35.011190563993402 ], [ 74.075819472590595, 35.008888135878799 ], [ 74.071379682426496, 35.006943271914501 ], [ 74.068873864537295, 35.004637229424603 ], [ 74.068053114459701, 35.003881913119898 ], [ 74.063308826441201, 35.002218628686798 ], [ 74.057258324412203, 34.997278795679897 ], [ 74.055817500777096, 34.996102459061198 ], [ 74.055817338899104, 34.996101941951103 ], [ 74.0544292479115, 34.991662668897099 ], [ 74.054154216344003, 34.986381415469999 ], [ 74.054640598484895, 34.9798522852548 ], [ 74.055251066383704, 34.971657422652001 ], [ 74.051649467748803, 34.955551726730803 ], [ 74.033873939430805, 34.9344332591876 ], [ 74.0284098034697, 34.9300920041428 ], [ 74.023039674541394, 34.925825436894499 ], [ 74.010270368982404, 34.913321340507501 ], [ 74.007359661019606, 34.9093009356897 ], [ 74.004439051521004, 34.905266854881503 ], [ 73.998594639031396, 34.891381052693497 ], [ 73.991242796418007, 34.878239633752202 ], [ 73.989426932107307, 34.874993777241102 ], [ 73.986375395707995, 34.870544164681498 ], [ 73.977740108119605, 34.863686039978802 ], [ 73.975541130818598, 34.861939616819903 ], [ 73.971873357369603, 34.860448443740701 ], [ 73.966658277857306, 34.858328195789703 ], [ 73.951659253471803, 34.853606826993499 ], [ 73.949064113118396, 34.853282671757903 ], [ 73.947203093847705, 34.853050215894797 ], [ 73.937193922761395, 34.849435520432898 ], [ 73.933868311673294, 34.845825137220302 ], [ 73.9338673547946, 34.8458240985034 ], [ 73.9297026933247, 34.843322681896304 ], [ 73.929702595298593, 34.843322624339699 ], [ 73.923874554067496, 34.836937971110601 ], [ 73.912490226942495, 34.828880211952303 ], [ 73.907759034851594, 34.826660317319899 ], [ 73.898329394086304, 34.824715453355601 ], [ 73.886106875432006, 34.824440421788097 ], [ 73.873423708737207, 34.825156152634399 ], [ 73.866379936085295, 34.825553643985501 ], [ 73.845536498310807, 34.828605180384798 ], [ 73.8338771405177, 34.826941895951798 ], [ 73.831749232141405, 34.826141576672498 ], [ 73.829437350353501, 34.825272064454303 ], [ 73.827831326654504, 34.824083479968699 ], [ 73.8219296534308, 34.819715779459699 ], [ 73.818032951259696, 34.815820428070403 ], [ 73.812483641406999, 34.810273040968099 ], [ 73.802608052020005, 34.8052300278435 ], [ 73.799422933921306, 34.803603533776098 ], [ 73.794072501944498, 34.802799314137097 ], [ 73.788313637464498, 34.801933702278603 ], [ 73.7705381091465, 34.801658670711198 ], [ 73.760270276851799, 34.799438776078702 ], [ 73.760270120369796, 34.7994386834485 ], [ 73.739701871544199, 34.787216258323703 ], [ 73.729260800145894, 34.7778529083851 ], [ 73.726379228418693, 34.775268772136201 ], [ 73.722717359918306, 34.770220111269197 ], [ 73.720535136087705, 34.767211452746402 ], [ 73.720534815929099, 34.767211012078597 ], [ 73.7158199959961, 34.7519369579243 ], [ 73.714994901293693, 34.746383947361302 ], [ 73.713457681127096, 34.743872825270699 ], [ 73.711930268966796, 34.741377723703003 ], [ 73.711161178645497, 34.736464093343301 ], [ 73.711105229123106, 34.736106638011002 ], [ 73.711105174264404, 34.736106291772003 ], [ 73.7091537623363, 34.7322067432466 ], [ 73.704851527975705, 34.726401133805297 ], [ 73.703597477341802, 34.724708867819999 ], [ 73.6999958787069, 34.721100721221397 ], [ 73.698428430527699, 34.7184431022674 ], [ 73.6980280955203, 34.717764329959898 ], [ 73.693313274687895, 34.7155444362268 ], [ 73.688733329679494, 34.7124533440467 ], [ 73.682203979130406, 34.708046560800199 ], [ 73.6787078934546, 34.706297305676202 ], [ 73.672761240638806, 34.703321918471801 ], [ 73.667560903712797, 34.6982758989137 ], [ 73.663603357009407, 34.694435791078902 ], [ 73.661101881946394, 34.684158136388902 ], [ 73.6625225490764, 34.680904042987301 ], [ 73.663040197946799, 34.679718347124101 ], [ 73.666091733446805, 34.676660261861599 ], [ 73.671372987773196, 34.668884082234698 ], [ 73.674149493504402, 34.661101353744499 ], [ 73.674424525071899, 34.645827298690897 ], [ 73.6724862099707, 34.6349930338015 ], [ 73.668046419806501, 34.625550296209298 ], [ 73.654435650085205, 34.586937879879301 ], [ 73.652543513372507, 34.5829151736963 ], [ 73.6499925854895, 34.577491866956201 ], [ 73.644511658286405, 34.570990201136901 ], [ 73.641097267025302, 34.5669399298339 ], [ 73.641096635701203, 34.5669391824973 ], [ 73.637206908671899, 34.564994317633698 ], [ 73.633423360099997, 34.564273642314802 ], [ 73.631362495283, 34.563881097234898 ], [ 73.624984391816298, 34.563881097234898 ], [ 73.614425157594994, 34.568055678226997 ], [ 73.609042526291603, 34.572667881917297 ], [ 73.600814386974406, 34.579718310451703 ], [ 73.597253241643799, 34.581855837976597 ], [ 73.592484870680295, 34.584717985246897 ], [ 73.587203616353904, 34.586937879879301 ], [ 73.581663702617803, 34.587769521646202 ], [ 73.571211722443095, 34.586181307221601 ], [ 73.559707044444593, 34.584433131284001 ], [ 73.554429064549794, 34.5819382050841 ], [ 73.5494228417908, 34.581381593985398 ], [ 73.545258084093305, 34.578880119821697 ], [ 73.539112744057903, 34.577189994222898 ], [ 73.5260910275789, 34.573608688790003 ], [ 73.519441166976307, 34.572495467491898 ], [ 73.476379138086799, 34.572770498159997 ], [ 73.464706682567396, 34.571938856393203 ], [ 73.461043798732405, 34.570493876990902 ], [ 73.455552071570906, 34.568327435362903 ], [ 73.448319407114994, 34.563049455467997 ], [ 73.442750024394201, 34.5549916954105 ], [ 73.441361771528605, 34.549995295046898 ], [ 73.438310235129293, 34.528045185736801 ], [ 73.438035203561896, 34.5177675310468 ], [ 73.434831014439794, 34.496550800878801 ], [ 73.432203887899206, 34.479155114716797 ], [ 73.430815635033596, 34.474158714353202 ], [ 73.427944806607599, 34.468925305758297 ], [ 73.427764814494694, 34.468597188109797 ], [ 73.427764097734993, 34.468595881394897 ], [ 73.427362182618694, 34.467431356471998 ], [ 73.424699464508805, 34.459716301965798 ], [ 73.406937033017698, 34.424437002465801 ], [ 73.403489061970703, 34.413321954844399 ], [ 73.400817588061301, 34.404710061320301 ], [ 73.400569157540602, 34.403389299876302 ], [ 73.399720738021699, 34.398878743859001 ], [ 73.398688364876193, 34.382489582528201 ], [ 73.398146153722095, 34.3738818357781 ], [ 73.398041082330195, 34.372213813716598 ], [ 73.398540774437294, 34.365609063107797 ], [ 73.399154303628293, 34.357499645092602 ], [ 73.399154623786899, 34.357498682817997 ], [ 73.399405982500099, 34.356742828718602 ], [ 73.400542556493903, 34.353325064100503 ], [ 73.401930809359399, 34.344154082744801 ], [ 73.402948063102698, 34.342254015810198 ], [ 73.404160526387201, 34.339989325047398 ], [ 73.406098841488401, 34.331666356717101 ], [ 73.409713537849498, 34.323051986460101 ], [ 73.410326785552698, 34.3220918648477 ], [ 73.414153328013796, 34.316100899736803 ], [ 73.430540603466099, 34.299438592716903 ], [ 73.444976467889703, 34.2886043278275 ], [ 73.453322354543104, 34.283607928363303 ], [ 73.456241415409096, 34.280419512450599 ], [ 73.456373891841693, 34.280274810634097 ], [ 73.464706682567396, 34.275268588774402 ], [ 73.464117650908904, 34.270917174088403 ], [ 73.462264143675299, 34.257224576852799 ], [ 73.462265025010893, 34.257225113748099 ], [ 73.464994810062507, 34.2588878612858 ], [ 73.464994982732307, 34.258887419718697 ], [ 73.479430674486096, 34.221932180525698 ], [ 73.480000452558897, 34.219981321680699 ], [ 73.483323675947005, 34.2086029894365 ], [ 73.487763464312494, 34.184989594793997 ], [ 73.487975855401501, 34.180351344039401 ], [ 73.488310253915103, 34.1730486574696 ], [ 73.487197031717699, 34.1627644548158 ], [ 73.486646969482095, 34.137216020403102 ], [ 73.487312525352806, 34.131501627398201 ], [ 73.488038495879906, 34.1252685342155 ], [ 73.493591506442897, 34.111382732027501 ], [ 73.493765375971407, 34.110449724974899 ], [ 73.494308556594703, 34.1075349179022 ], [ 73.495817950837804, 34.099435244940601 ], [ 73.50138733176, 34.086106054750701 ], [ 73.506102152592305, 34.061661019240702 ], [ 73.506697333814898, 34.049520024129798 ], [ 73.507218648321995, 34.038885816127603 ], [ 73.508234481136498, 34.033009037037502 ], [ 73.5094287205591, 34.026100139310003 ], [ 73.512007528324801, 34.017673062761702 ], [ 73.513976557971802, 34.011238631157902 ], [ 73.516386356145503, 34.001105040665102 ], [ 73.529158936136099, 33.9780417100569 ], [ 73.5299199235657, 33.9758905982725 ], [ 73.538588576901404, 33.951386602309903 ], [ 73.538589391687097, 33.9513857398601 ], [ 73.538828186871399, 33.951133038458998 ], [ 73.539799203770301, 33.950105474887799 ], [ 73.562483549276394, 33.926100101738399 ], [ 73.569716215531002, 33.914712501081098 ], [ 73.569717069886906, 33.914711529813303 ], [ 73.573364122955994, 33.910563581344299 ], [ 73.574338982658006, 33.909454831475301 ], [ 73.577773975588599, 33.905548067689203 ], [ 73.583602017719002, 33.8944387721317 ], [ 73.585540332820202, 33.881934674845397 ], [ 73.5847152390171, 33.871375441523497 ], [ 73.582860386397797, 33.862144747881899 ], [ 73.582763827088996, 33.861664220327597 ], [ 73.575547532992303, 33.841102362983698 ], [ 73.573960096481301, 33.835551014367901 ], [ 73.572767752829606, 33.831381320291797 ], [ 73.571938881874004, 33.826862500404097 ], [ 73.5718601651146, 33.826433354715597 ], [ 73.570832711260707, 33.820831909365097 ], [ 73.568141199556706, 33.813595274402402 ], [ 73.567214741367295, 33.8111043169108 ], [ 73.5660851488106, 33.799995021353197 ], [ 73.566664679131705, 33.788885723996998 ], [ 73.571654530632102, 33.777213269376901 ], [ 73.577656105944598, 33.7684910802991 ], [ 73.583045336473205, 33.760658821647297 ], [ 73.592484870680295, 33.746940190837201 ], [ 73.595125350354706, 33.739492355487897 ], [ 73.597212787440199, 33.733604451784103 ], [ 73.599426135008201, 33.7216569664959 ], [ 73.598876071873306, 33.698600182952099 ], [ 73.596937756772107, 33.687765918062702 ], [ 73.5949561078382, 33.684466628332302 ], [ 73.593099935913401, 33.6813762475159 ], [ 73.591934808444705, 33.6794364008692 ], [ 73.591934449615195, 33.679436140065903 ], [ 73.581663702617803, 33.671935252809703 ], [ 73.575284403052805, 33.665786854179998 ], [ 73.573884248559295, 33.6644373782824 ], [ 73.573417289076701, 33.660021120678202 ], [ 73.572767752829606, 33.653878144061103 ], [ 73.576094320796301, 33.643325458703004 ], [ 73.571691008933001, 33.634509094419201 ], [ 73.571655262680295, 33.634437522773503 ], [ 73.571654530632102, 33.634436056878599 ], [ 73.568878025800302, 33.624161677519403 ], [ 73.568878375636601, 33.624161515641497 ], [ 73.589433333381706, 33.614715665495602 ], [ 73.598601040305795, 33.606942759400802 ], [ 73.598601252545805, 33.606942107392399 ], [ 73.602477670508193, 33.594991998781801 ], [ 73.606404916353895, 33.590523780148402 ], [ 73.610535430565704, 33.585824291857598 ], [ 73.619706411921399, 33.578879753997498 ], [ 73.626922706917497, 33.5688869532704 ], [ 73.6269223903561, 33.568886103411003 ], [ 73.6233047370241, 33.559159361715203 ], [ 73.623159420071303, 33.553218894436498 ], [ 73.623032979888194, 33.548050065258302 ], [ 73.626139580876995, 33.542920672251299 ], [ 73.629424181081205, 33.537497379900202 ], [ 73.630653920342198, 33.531366737485001 ], [ 73.631653898108993, 33.5263815363788 ], [ 73.6241983195968, 33.523237006482702 ], [ 73.619139978427299, 33.521103556484 ], [ 73.6136023948347, 33.515162092756398 ], [ 73.611373806456101, 33.512770965407697 ], [ 73.611373620296405, 33.512770764858899 ], [ 73.608322083897093, 33.491937151278499 ], [ 73.608322293439102, 33.491936758274797 ], [ 73.6147001882632, 33.479989665090997 ], [ 73.623032979888194, 33.470825231699102 ], [ 73.625609998902405, 33.4629051002902 ], [ 73.625891658473293, 33.462039456056097 ], [ 73.626647626786607, 33.459716087227697 ], [ 73.62664767535, 33.459715936141599 ], [ 73.622482916753299, 33.450544954785897 ], [ 73.613044088513902, 33.447097879463598 ], [ 73.608030681970405, 33.445266974890998 ], [ 73.602194313916499, 33.441969002667399 ], [ 73.597213417865007, 33.4391544349293 ], [ 73.597212787440199, 33.439154078797699 ], [ 73.594436282608399, 33.429436309638 ], [ 73.595824535473994, 33.417770402981802 ], [ 73.580550480420399, 33.401933188865598 ], [ 73.577786227052798, 33.3972809428613 ], [ 73.5752725005256, 33.393050335904299 ], [ 73.570832711260707, 33.383332566744599 ], [ 73.570562813922805, 33.373037011948597 ], [ 73.570541309334004, 33.372216722323898 ], [ 73.570541412756, 33.3722164813056 ], [ 73.574408422910395, 33.363197030318801 ], [ 73.579537153117201, 33.351234733196399 ], [ 73.5847152390171, 33.339157317456298 ], [ 73.584716681529699, 33.339157373214299 ], [ 73.595420375649894, 33.339578096751801 ], [ 73.598876071873306, 33.339713926756403 ], [ 73.601775336862403, 33.337492487088603 ], [ 73.607208862598995, 33.333329274426497 ], [ 73.607208168322401, 33.3333283112526 ], [ 73.600784919788296, 33.324410405415897 ], [ 73.600784879318795, 33.324410288504097 ], [ 73.598633782822901, 33.318051945840701 ], [ 73.607123542117805, 33.311503088996403 ], [ 73.608931081404407, 33.310108782794103 ], [ 73.609076215794801, 33.308191197066101 ], [ 73.609193017044205, 33.306647973025598 ], [ 73.6074057304901, 33.303250317248398 ], [ 73.6066129619187, 33.301743250450698 ], [ 73.606613180454005, 33.301742595744301 ], [ 73.607713086389893, 33.298462520928602 ], [ 73.615776705530607, 33.291414535852198 ], [ 73.6158752361533, 33.2913284158737 ], [ 73.6158756192645, 33.291328080426602 ], [ 73.614980399026294, 33.2896416960075 ], [ 73.612326407937402, 33.284642202875403 ], [ 73.612102591861202, 33.281881812096003 ], [ 73.611825457678805, 33.278463822647304 ], [ 73.617732751665201, 33.266831529051899 ], [ 73.623602686914495, 33.255272799100403 ], [ 73.623513051486199, 33.252526907190997 ], [ 73.6232359784577, 33.244039084136503 ], [ 73.628248750079806, 33.238463154351201 ], [ 73.635828995311996, 33.235265264080702 ], [ 73.642768781154402, 33.232337567025098 ], [ 73.642769742529694, 33.232337161430898 ], [ 73.640061994465597, 33.219168404897999 ], [ 73.641174579043593, 33.216121888514401 ], [ 73.641175216663001, 33.216120142031002 ], [ 73.649079012786302, 33.222557120514701 ], [ 73.649079090127898, 33.222557181668698 ], [ 73.649351555030293, 33.222579167394699 ], [ 73.654029651147496, 33.222956631743202 ], [ 73.657920962782299, 33.219976668788298 ], [ 73.660194933649294, 33.218235262947097 ], [ 73.660968160851994, 33.2179056191491 ], [ 73.662440007500393, 33.217278136077198 ], [ 73.667060891446994, 33.215308145054898 ], [ 73.668540736665705, 33.202853067115399 ], [ 73.669883235622905, 33.191553962445496 ], [ 73.669472098858293, 33.1809645910431 ], [ 73.6685801116828, 33.1579903328876 ], [ 73.665947502874999, 33.154896290931099 ], [ 73.661164091649496, 33.149274463345897 ], [ 73.643814207060103, 33.141812603968603 ], [ 73.637793728897506, 33.138708742314599 ], [ 73.637603084314904, 33.138610455408198 ], [ 73.637142635024603, 33.138399037385703 ], [ 73.631791413442997, 33.135941997825 ], [ 73.631790604952499, 33.135940755861299 ], [ 73.630087029093104, 33.133325208091897 ], [ 73.62664767535, 33.128044673223101 ], [ 73.626372643782503, 33.1149970616651 ], [ 73.625859358422701, 33.112584790355903 ], [ 73.624421232753704, 33.105826081208697 ], [ 73.626459048846101, 33.100002523097999 ], [ 73.628310959783093, 33.094710235888698 ], [ 73.639029266087803, 33.088453526509099 ], [ 73.643051322960204, 33.086105688027097 ], [ 73.656937123349607, 33.081109287663502 ], [ 73.695814749750994, 33.072769948973999 ], [ 73.708320818351098, 33.068240606119097 ], [ 73.750274201693102, 33.053046283159503 ], [ 73.755726527757105, 33.049232869001699 ], [ 73.758606992418805, 33.047218240129702 ], [ 73.764404133843797, 33.038186436055199 ], [ 73.773939982744096, 33.023329815718398 ], [ 73.778522623020706, 33.022295222146802 ], [ 73.778870898972897, 33.0222165944203 ], [ 73.789430132294896, 33.018051835823599 ], [ 73.789658768737198, 33.017923972913103 ], [ 73.802221883133498, 33.0108981678163 ], [ 73.805817408646504, 33.008887403331101 ], [ 73.815409379739194, 33.010055744077398 ], [ 73.817214832598495, 33.010275656196598 ], [ 73.8224960869249, 33.0119389397303 ], [ 73.825873025020101, 33.013554900038699 ], [ 73.848037972474501, 33.024161458384597 ], [ 73.857483985397707, 33.027769604983298 ], [ 73.8608093419776, 33.030273441665997 ], [ 73.860810553364402, 33.030274354477903 ], [ 73.873634474751299, 33.0335677401591 ], [ 73.880265736474598, 33.0352707539422 ], [ 73.886106875432006, 33.035827365040902 ], [ 73.886107406931302, 33.0358275422074 ], [ 73.887203858571297, 33.036194464702803 ], [ 73.891096727831794, 33.037497197437702 ], [ 73.897766235023795, 33.037772228105901 ], [ 73.902153075803895, 33.037554955496802 ], [ 73.9033192455868, 33.037497197437702 ], [ 73.921097092357002, 33.034164260472302 ], [ 73.921098048336304, 33.0341640815072 ], [ 73.942200144620998, 33.021935014889102 ], [ 73.945251681919601, 33.017770256292302 ], [ 73.949141408948904, 33.014718719892997 ], [ 73.949141999803501, 33.014717459942901 ], [ 73.950412400112199, 33.0120085499547 ], [ 73.951095871377404, 33.010551163505397 ], [ 73.951096094409294, 33.010550686864697 ], [ 73.951799240142904, 33.009851294901402 ], [ 73.954164002966394, 33.007499151364797 ], [ 73.9583284360086, 32.998328885869498 ], [ 73.958328760663804, 32.998328170009103 ], [ 73.974424635088894, 32.974708228302099 ], [ 73.980269047578503, 32.968048543505503 ], [ 73.982798513140906, 32.966057444495497 ], [ 73.984145677780901, 32.964997007106199 ], [ 73.986375395707995, 32.961663890276398 ], [ 73.9894734567347, 32.960331307244097 ], [ 73.990265122737298, 32.959990784347298 ], [ 73.9989894854764, 32.954182153183901 ], [ 74.002775767987401, 32.951661267153803 ], [ 74.027207706670396, 32.941102033831797 ], [ 74.031133359816707, 32.9398935473493 ], [ 74.041186242451204, 32.936798832699999 ], [ 74.048872962917002, 32.934432526639903 ], [ 74.067951779750899, 32.930036207005401 ], [ 74.077774158950305, 32.927772842742598 ], [ 74.084152262417007, 32.9252713676795 ], [ 74.099252265379803, 32.9177200581343 ], [ 74.103041013831799, 32.915825355655699 ], [ 74.110810644595603, 32.910544102228599 ], [ 74.1232207231579, 32.906000263201598 ], [ 74.130537585740996, 32.9033212592688 ], [ 74.143088737355399, 32.897674690434698 ], [ 74.144714789855698, 32.896943154003402 ], [ 74.147675067550395, 32.895021029397 ], [ 74.149429609788697, 32.893881795208799 ], [ 74.157102700129499, 32.891005234504 ], [ 74.160538905346201, 32.889717037511303 ], [ 74.168318360304099, 32.885827310482 ], [ 74.189148699453, 32.878326161523198 ], [ 74.190134095612095, 32.877823789436398 ], [ 74.195383468971997, 32.875147567106602 ], [ 74.203322630035402, 32.871100044131801 ], [ 74.213606831789903, 32.867210317102497 ], [ 74.221923252156401, 32.862495496270199 ], [ 74.222332782731797, 32.862358896445997 ], [ 74.226929474915394, 32.860825663873399 ], [ 74.258880656916901, 32.844154342948599 ], [ 74.258882206448703, 32.844153534458101 ], [ 74.262027044812299, 32.843010202059197 ], [ 74.274156261502299, 32.838600522995797 ], [ 74.278045988531602, 32.836105596795903 ], [ 74.289155284988496, 32.8319408390985 ], [ 74.298380727488606, 32.827706840798101 ], [ 74.302474652783104, 32.825827943005201 ], [ 74.306524922287394, 32.823581325018203 ], [ 74.314988572464699, 32.818886678677401 ], [ 74.321108608275694, 32.816892976129999 ], [ 74.326094594490002, 32.815268708783897 ], [ 74.328602241600194, 32.815376775817597 ], [ 74.332780472940598, 32.815556837178299 ], [ 74.334725336904896, 32.809722246184798 ], [ 74.337501548557697, 32.798889125233003 ], [ 74.337501841736596, 32.798887981295401 ], [ 74.342147394986299, 32.791804818337802 ], [ 74.343329883867099, 32.790001853902503 ], [ 74.350556002157802, 32.782222399843903 ], [ 74.359726982614205, 32.775834473082497 ], [ 74.366755836412807, 32.773052619982501 ], [ 74.371664646406401, 32.771109828955503 ], [ 74.378890763797799, 32.769721576989198 ], [ 74.387223554523501, 32.769168240322102 ], [ 74.400834325144004, 32.770556493187598 ], [ 74.412225201132202, 32.774442945785403 ], [ 74.419751017595402, 32.779855766430501 ], [ 74.421111327625695, 32.7808341469783 ], [ 74.422687209647094, 32.781884734992602 ], [ 74.430275761017597, 32.7869437686401 ], [ 74.440572627025205, 32.791551017965197 ], [ 74.440834994339596, 32.791668411867697 ], [ 74.441733252487694, 32.791872518402002 ], [ 74.446944616900595, 32.793056664733299 ], [ 74.454445764960198, 32.793056664733299 ], [ 74.461668608819295, 32.791691331090099 ], [ 74.461668727529798, 32.791691052300301 ], [ 74.4634175554759, 32.787582672202603 ], [ 74.466065834071102, 32.781361289991601 ], [ 74.477921642469894, 32.775330249291599 ], [ 74.479745361459294, 32.7726716141038 ], [ 74.502694096855095, 32.759876113991503 ], [ 74.511647217445201, 32.753931761641503 ], [ 74.531533082286003, 32.740728704066498 ], [ 74.541214836295694, 32.744670818403598 ], [ 74.5431062553495, 32.745440732503901 ], [ 74.567107059942899, 32.755210406035502 ], [ 74.5697810078873, 32.755350644516703 ], [ 74.573599760420706, 32.755550920838402 ], [ 74.574458855791605, 32.755207384313401 ], [ 74.579192061464497, 32.753314655846701 ], [ 74.580427623835803, 32.753606427394701 ], [ 74.594138697642805, 32.7568442232823 ], [ 74.614707103849796, 32.7576791394807 ], [ 74.632796953316799, 32.777664740035803 ], [ 74.641539016512496, 32.791884508163498 ], [ 74.637445400584895, 32.8098640683721 ], [ 74.637230194617899, 32.810809273829001 ], [ 74.637450864865599, 32.812901418865501 ], [ 74.637999626681506, 32.818104149786699 ], [ 74.641392310107094, 32.822172034311997 ], [ 74.641997401858603, 32.822897550681503 ], [ 74.661462408263603, 32.828028191947602 ], [ 74.674209466393805, 32.834722767741603 ], [ 74.680832462448194, 32.838201072921201 ], [ 74.695287420378193, 32.839551839346001 ], [ 74.697020013762696, 32.839713744293903 ], [ 74.7003858596198, 32.827029616223797 ], [ 74.700385871310999, 32.827029566761098 ], [ 74.694580749302204, 32.8095159731837 ], [ 74.688755134442005, 32.798182403794897 ], [ 74.687675501922897, 32.796082008378001 ], [ 74.677764555689706, 32.781570838323603 ], [ 74.6694830964678, 32.769435131226402 ], [ 74.667542562739101, 32.766591460527501 ], [ 74.667788793518099, 32.765023946697902 ], [ 74.668043512098393, 32.763402406995503 ], [ 74.664387899282204, 32.758311354785199 ], [ 74.661881504028301, 32.754820779255603 ], [ 74.650140290841804, 32.718411886299599 ], [ 74.654190451528194, 32.6924509049853 ], [ 74.662109936324597, 32.6804652767512 ], [ 74.662110695352297, 32.680464128316899 ], [ 74.6692810376898, 32.675094556968297 ], [ 74.669281152802995, 32.675094471532702 ], [ 74.669423776286294, 32.674885675033899 ], [ 74.675322016797693, 32.666250908153003 ], [ 74.675950011583794, 32.660413560737297 ], [ 74.676209319404606, 32.658003246352798 ], [ 74.669212395136, 32.645937888722599 ], [ 74.665038798901506, 32.642608918666703 ], [ 74.658453435877405, 32.637356260982699 ], [ 74.649252987335601, 32.625867160141397 ], [ 74.644907806749899, 32.616739256311703 ], [ 74.642197126895994, 32.611044942470201 ], [ 74.642455878935706, 32.607484209029003 ], [ 74.643293977834801, 32.5959509676631 ], [ 74.648025169925702, 32.571869366178298 ], [ 74.651122241698104, 32.563558617836001 ], [ 74.652389629278005, 32.560157681332001 ], [ 74.652389652660403, 32.560157621077401 ], [ 74.659995574436294, 32.553245824835003 ], [ 74.661288527943299, 32.552073749204197 ], [ 74.661956809659102, 32.551467944290302 ], [ 74.663109560657702, 32.550642893654697 ], [ 74.680511593335396, 32.538187866077202 ], [ 74.681064138599197, 32.536303175751002 ], [ 74.6830294387577, 32.529599689474097 ], [ 74.683029106907796, 32.5295984672955 ], [ 74.679175727777604, 32.515399566137098 ], [ 74.680494073642606, 32.508425534111097 ], [ 74.681366154324607, 32.503812240442599 ], [ 74.684208811487494, 32.498125193123201 ], [ 74.686735812008195, 32.4930696524425 ], [ 74.686736992817998, 32.4930688304622 ], [ 74.693557647267696, 32.488324193506799 ], [ 74.698417736489404, 32.484943379333501 ], [ 74.698418089922995, 32.484943133818597 ], [ 74.721098341715205, 32.4817377108267 ], [ 74.743575594038504, 32.481501969740201 ], [ 74.746257163737198, 32.480005577895099 ], [ 74.747694513291194, 32.479203495045297 ], [ 74.752567822546993, 32.479549492115403 ], [ 74.758024554389706, 32.479936911959001 ], [ 74.761383864873494, 32.482173176950603 ], [ 74.781859654399597, 32.483203585976703 ], [ 74.798859806135198, 32.4840590894554 ], [ 74.798860140683004, 32.484059105643297 ], [ 74.818573985001507, 32.496062252670903 ], [ 74.827524028111398, 32.496142679041398 ], [ 74.835334516874497, 32.496212865731202 ], [ 74.844603348066101, 32.494654389188803 ], [ 74.856423516332299, 32.492666927037099 ], [ 74.861511593585206, 32.489477875303699 ], [ 74.876654681268604, 32.485640534683 ], [ 74.882872351078205, 32.481819566219997 ], [ 74.885229761944004, 32.478411142859997 ], [ 74.890507776912401, 32.470769703259201 ], [ 74.890998868802797, 32.470058708242803 ], [ 74.899659076605104, 32.466126416301101 ], [ 74.924117209841398, 32.468248085181003 ], [ 74.931765625483294, 32.467700641771302 ], [ 74.933103831077005, 32.467604859476701 ], [ 74.933631979532294, 32.4675670564745 ], [ 74.943572392951594, 32.460710921072199 ], [ 74.946155811541502, 32.457498717192102 ], [ 74.948899485722706, 32.454087253224202 ], [ 74.958831401448094, 32.453051502225101 ], [ 74.9638755899866, 32.452525468075898 ], [ 74.967754437017703, 32.450594291793202 ], [ 74.973114713873002, 32.447925550024102 ], [ 74.973115329009303, 32.447925244254698 ], [ 74.979346094746504, 32.4477680832305 ], [ 74.984369865976603, 32.448824907143802 ], [ 74.987875336977297, 32.449562334134399 ], [ 74.993634611548103, 32.454103809743103 ], [ 74.999999628979793, 32.459122943169298 ], [ 75.001386924966695, 32.462884252406297 ], [ 75.001541309783704, 32.463302830161503 ], [ 75.001541767538598, 32.463304072125197 ], [ 75.002806408588896, 32.464900123242202 ], [ 75.006089605850704, 32.469043710898603 ], [ 75.011750664561603, 32.476184700263701 ], [ 75.020983050727196, 32.4849664208636 ], [ 75.0214094984497, 32.4853720519787 ], [ 75.030174480867601, 32.491756705207798 ], [ 75.031111578936205, 32.491801757645099 ], [ 75.036644263022396, 32.492067751925298 ], [ 75.0614003461491, 32.482012742394197 ], [ 75.071609241373395, 32.482962254704297 ], [ 75.082626685573103, 32.4800450059723 ], [ 75.082626860940906, 32.480044960106802 ], [ 75.098182494626499, 32.465874303955999 ], [ 75.106751026438801, 32.455040039066603 ], [ 75.109786192478893, 32.454038140347897 ], [ 75.118881866405005, 32.443763760089503 ], [ 75.1193436889602, 32.443242807109897 ], [ 75.120902036899594, 32.441484930185403 ], [ 75.121371751904903, 32.440127004257903 ], [ 75.127928430153005, 32.421171910755099 ], [ 75.139450272612095, 32.414603903747199 ], [ 75.147635724709005, 32.4133826343012 ], [ 75.153202619905002, 32.414747587531203 ], [ 75.160401756735695, 32.416512750762898 ], [ 75.1795426186969, 32.425438168636603 ], [ 75.180854421094693, 32.425298045268597 ], [ 75.188523657840605, 32.424478838427703 ], [ 75.188523697410702, 32.424478833931097 ], [ 75.192344666772996, 32.419842593161199 ], [ 75.195464960839303, 32.405308503884399 ], [ 75.200248539338702, 32.402322450720597 ], [ 75.219069754365705, 32.400435108293699 ], [ 75.223855385118, 32.399955218358699 ], [ 75.229467546789905, 32.399394958710502 ], [ 75.2315300645609, 32.399189058928002 ], [ 75.232721892901097, 32.398466612843897 ], [ 75.237158382553403, 32.395777362935 ], [ 75.253309916919207, 32.380012180917397 ], [ 75.280335007554598, 32.367262520149197 ], [ 75.283198567659795, 32.364084247689902 ], [ 75.289063973923305, 32.357574219074998 ], [ 75.311485565406599, 32.344840928666002 ], [ 75.317505413144403, 32.340666695711498 ], [ 75.330420154366706, 32.331711463513301 ], [ 75.331535547527594, 32.330085581884099 ], [ 75.333939898507595, 32.326580821347903 ], [ 75.342482236665901, 32.328332508238702 ], [ 75.361924323848498, 32.327491044076403 ], [ 75.367477334411504, 32.3280476542758 ], [ 75.386657487752899, 32.326659402309701 ], [ 75.405821268936506, 32.323607865010999 ], [ 75.422211818820401, 32.325552728075998 ], [ 75.426651608984599, 32.327491044076403 ], [ 75.442475725374507, 32.3311090139699 ], [ 75.464432383547702, 32.339988592499601 ], [ 75.474425183375601, 32.342215035995103 ], [ 75.4794314070339, 32.342765098230799 ], [ 75.492479017692602, 32.340545202698998 ], [ 75.4960937140537, 32.338325308965899 ], [ 75.501663095875202, 32.3311090139699 ], [ 75.502213158110806, 32.325827759643502 ], [ 75.499999811442194, 32.321381422414802 ], [ 75.486676054956007, 32.305190151504299 ], [ 75.4794314070339, 32.296386323769902 ], [ 75.477204963538298, 32.292496596740598 ], [ 75.475541680004596, 32.286940311746001 ], [ 75.476088467808594, 32.277487750859102 ], [ 75.477768122600807, 32.272491351394798 ], [ 75.4822079118657, 32.266106698165601 ], [ 75.485809510500602, 32.263055160867097 ], [ 75.490265671923297, 32.260825443839202 ], [ 75.496368744721806, 32.2594371909736 ], [ 75.501388064307804, 32.259993802072302 ], [ 75.511659171033898, 32.262770306904201 ], [ 75.524153445025505, 32.269989877231097 ], [ 75.529434698452604, 32.276940963054997 ], [ 75.533874488616803, 32.292771628308103 ], [ 75.533389647014602, 32.296933185318302 ], [ 75.533324425481894, 32.2974929971042 ], [ 75.534149519284895, 32.302770976999 ], [ 75.533874488616803, 32.308327261993597 ], [ 75.532486235751193, 32.312492019691 ], [ 75.531373013553804, 32.321381422414802 ], [ 75.531936173515604, 32.332497265936098 ], [ 75.5339661655062, 32.337601715346899 ], [ 75.550094781549006, 32.348219883940502 ], [ 75.557785833149794, 32.3562776430988 ], [ 75.560349516117299, 32.360671593919001 ], [ 75.564376758480705, 32.364335403156403 ], [ 75.579208798547299, 32.3744493479591 ], [ 75.589430791497904, 32.380270842125697 ], [ 75.595504398009595, 32.383607232487897 ], [ 75.608155833924599, 32.388741148185503 ], [ 75.615296821491199, 32.391304832052398 ], [ 75.639100117876197, 32.397162341368997 ], [ 75.652648678793497, 32.397712404503899 ], [ 75.678039953081495, 32.395829750242903 ], [ 75.685256248077494, 32.396065491329402 ], [ 75.691847173408405, 32.398629174297 ], [ 75.696974542041502, 32.401923000646001 ], [ 75.699721579687207, 32.406320225897801 ], [ 75.703568742703396, 32.410347468261101 ], [ 75.719130924352697, 32.419685433036399 ], [ 75.721877962897693, 32.424085931820301 ], [ 75.727005329732293, 32.427566386379702 ], [ 75.732512502749898, 32.436170934241296 ], [ 75.733245918764197, 32.441298301075797 ], [ 75.731965714046495, 32.447525794180102 ], [ 75.732695856528593, 32.453026418334602 ], [ 75.743317299553794, 32.459158959218598 ], [ 75.759429544338005, 32.463097799124199 ], [ 75.7733448137122, 32.467675103723103 ], [ 75.778105472989196, 32.471335638528899 ], [ 75.826095144575305, 32.493865278160101 ], [ 75.8299881460362, 32.497771376447901 ], [ 75.833052778363097, 32.502289744875902 ], [ 75.8347029659691, 32.506867051273403 ], [ 75.838797308549005, 32.514075720018504 ], [ 75.8400104139495, 32.516211563113202 ], [ 75.846487937468396, 32.521376053961802 ], [ 75.853562248399101, 32.527016360816397 ], [ 75.863646726914993, 32.533607287046699 ], [ 75.867493889031806, 32.537451174731999 ], [ 75.870237653145196, 32.541665046204997 ], [ 75.870787714481494, 32.546982315681298 ], [ 75.868224031513904, 32.559434027458401 ], [ 75.869140801306997, 32.564741473640197 ], [ 75.875548374657797, 32.578666566309003 ], [ 75.881409158406001, 32.587271114170598 ], [ 75.884994386681697, 32.591101905928298 ], [ 75.890013705368304, 32.594415377068003 ], [ 75.907776137758603, 32.603019924030299 ], [ 75.912536797934905, 32.606680458836102 ], [ 75.923904753801395, 32.611450941407902 ], [ 75.928040044312596, 32.6116637623728 ], [ 75.932204802909396, 32.620543340902501 ], [ 75.934418148678702, 32.6316591862225 ], [ 75.934706277073104, 32.636940439649599 ], [ 75.931366612279405, 32.645544987511201 ], [ 75.930816550043801, 32.649162958303897 ], [ 75.926376760778993, 32.656654283968102 ], [ 75.919144094524398, 32.673051381815903 ], [ 75.918594031389503, 32.677216140412597 ], [ 75.918043970053205, 32.682494120307503 ], [ 75.918869063856306, 32.687765552238503 ], [ 75.926926823014497, 32.700829534155702 ], [ 75.931091580711893, 32.703606038987601 ], [ 75.933042992640097, 32.706939155817501 ], [ 75.939971160140999, 32.713608662110097 ], [ 75.941925845601403, 32.7169352300768 ], [ 75.945252413568099, 32.719986767375502 ], [ 75.947203825496203, 32.725821358368997 ], [ 75.9474788570637, 32.730821032264899 ], [ 75.946640666433694, 32.735267370392897 ], [ 75.9433140984669, 32.743325128651797 ], [ 75.932754865144901, 32.757499059234199 ], [ 75.931366612279405, 32.761382238299703 ], [ 75.922212001282901, 32.776656292454 ], [ 75.914429273692093, 32.7869404951078 ], [ 75.912490958590894, 32.790833495669297 ], [ 75.903870039470803, 32.800826296396501 ], [ 75.882476542158798, 32.817773457379197 ], [ 75.871642276369997, 32.827491227438301 ], [ 75.857481443513805, 32.838043911897003 ], [ 75.853041653349706, 32.840270355392597 ], [ 75.843048853521907, 32.849997946947703 ], [ 75.839430883628395, 32.857499095906597 ], [ 75.838317661431006, 32.862213915839597 ], [ 75.838592692998404, 32.867491895734503 ], [ 75.840272347790702, 32.873319937864899 ], [ 75.842482420926999, 32.878326161523198 ], [ 75.845643935419304, 32.883063265757201 ], [ 75.847488642786701, 32.885827310482 ], [ 75.856934655709793, 32.895270048074302 ], [ 75.865539202672096, 32.899438080203304 ], [ 75.878861845797601, 32.903877870367502 ], [ 75.890547398143994, 32.906097764100601 ], [ 75.908601231561605, 32.9052661223337 ], [ 75.919144094524398, 32.9016579748357 ], [ 75.924497213675494, 32.899366032816197 ], [ 75.934706277073104, 32.894995017406202 ], [ 75.944702351332495, 32.8919369321438 ], [ 75.9586045238797, 32.884720637147701 ], [ 75.969147386842494, 32.880821086823701 ], [ 75.975266831798905, 32.879432833958198 ], [ 75.986922916059797, 32.879157803289999 ], [ 75.997207118713604, 32.880821086823701 ], [ 75.998252023911803, 32.881261592748302 ], [ 76.002488373039995, 32.883047530319303 ], [ 76.014999017390807, 32.889717037511303 ], [ 76.032211387545502, 32.904434479667501 ], [ 76.042754250508295, 32.911660597958303 ], [ 76.046372220401693, 32.916100387223103 ], [ 76.053588515397706, 32.920828304882399 ], [ 76.061096212320393, 32.927491263211301 ], [ 76.091369290860101, 32.946380012827397 ], [ 76.104705029913205, 32.9536061311181 ], [ 76.10803159788, 32.956657668416703 ], [ 76.111924598441504, 32.958327499914198 ], [ 76.120529146303099, 32.963883784908802 ], [ 76.123030620466807, 32.966385259971801 ], [ 76.146378805937204, 32.980821124395398 ], [ 76.153595100933202, 32.986937294020898 ], [ 76.161652860091493, 32.9919369679168 ], [ 76.1738753778465, 32.997771558910401 ], [ 76.185531462107306, 33.000273033074102 ], [ 76.207488119381296, 33.001664560371204 ], [ 76.213882595905105, 33.000832917704997 ], [ 76.232208186458706, 33.001104674840903 ], [ 76.243042451348103, 33.002777781669401 ], [ 76.256653221968705, 33.008049212701003 ], [ 76.266387362386894, 33.018883478489798 ], [ 76.272765466752901, 33.023879877954101 ], [ 76.288880985968802, 33.033607470408498 ], [ 76.296097280964801, 33.039717092070198 ], [ 76.311921397354595, 33.048881523663397 ], [ 76.321930568441005, 33.057495894819702 ], [ 76.326095327937097, 33.059715789452198 ], [ 76.328871832768897, 33.064155578716999 ], [ 76.338592876360195, 33.073883171171502 ], [ 76.342207571822001, 33.078879570635699 ], [ 76.370820639461002, 33.106657722975598 ], [ 76.3746939961311, 33.1091624706715 ], [ 76.377470501862206, 33.112770619068797 ], [ 76.385819663846505, 33.118880239831199 ], [ 76.396528255674497, 33.124924056300202 ], [ 76.396650653405004, 33.124993135924498 ], [ 76.414992616116393, 33.133047622449801 ], [ 76.426376944140699, 33.140273738942 ], [ 76.437757996834094, 33.149438172333802 ], [ 76.456938148376906, 33.161375836125998 ], [ 76.461656243640803, 33.162764088991501 ], [ 76.464707780939406, 33.165268836687503 ], [ 76.470535823069795, 33.166100479353702 ], [ 76.484146593690397, 33.170828396113599 ], [ 76.5019384923676, 33.171935070347303 ], [ 76.527480378816506, 33.170271785914203 ], [ 76.562759680115207, 33.171378459248601 ], [ 76.582214862326097, 33.169715174815501 ], [ 76.588042905355806, 33.170271785914203 ], [ 76.600540454678296, 33.169715174815501 ], [ 76.6271988359576, 33.166100479353702 ], [ 76.642210955371397, 33.159987583260403 ], [ 76.658035072660496, 33.144156918007397 ], [ 76.666092832718107, 33.139160517643802 ], [ 76.671370812613006, 33.137215653679498 ], [ 76.678315349573793, 33.136108981244497 ], [ 76.684706551666096, 33.135827400813902 ], [ 76.709718020670195, 33.142493634473702 ], [ 76.714157809935003, 33.143050244673098 ], [ 76.7477574555422, 33.154434571798099 ], [ 76.748614482472405, 33.154831231276397 ], [ 76.755553280859303, 33.158042720195503 ], [ 76.772215587879103, 33.160544194359098 ], [ 76.778593691345904, 33.1602691627917 ], [ 76.785263198537905, 33.1585993303948 ], [ 76.791651824072403, 33.156497873777901 ], [ 76.806365295721903, 33.151658066966299 ], [ 76.823607133062794, 33.146943246134001 ], [ 76.830276639355503, 33.140830350040702 ], [ 76.8377679659189, 33.1149970616651 ], [ 76.843871038717495, 33.103606185677002 ], [ 76.851928798775106, 33.093603563453797 ], [ 76.867752916064305, 33.081940930329701 ], [ 76.876648865852502, 33.077216287101997 ], [ 76.891097825304399, 33.071106665440297 ], [ 76.913316419117507, 33.0638805480489 ], [ 76.928729324099095, 33.0614210137688 ], [ 76.932480199401795, 33.060822462786497 ], [ 76.948317413517898, 33.054991146224502 ], [ 76.953048604709394, 33.048049881896603 ], [ 76.961381395435097, 33.0222165944203 ], [ 76.964707963401807, 33.014443688325599 ], [ 76.964948014039706, 33.012667036254797 ], [ 76.965271122464401, 33.010275656196598 ], [ 76.968322659763004, 33.001104674840903 ], [ 76.970824133926698, 32.998328170009103 ], [ 76.972762449027897, 32.994156863448502 ], [ 76.9810952397536, 32.983329146522898 ], [ 76.987761472513995, 32.977766312665302 ], [ 77.000275391296299, 32.970268438138 ], [ 77.012497909950596, 32.961379037212801 ], [ 77.021102457812205, 32.958045920383 ], [ 77.025267215509601, 32.954994383983703 ], [ 77.031098532071695, 32.952492908920597 ], [ 77.034713227533501, 32.949431550126 ], [ 77.038039795500197, 32.948043297260398 ], [ 77.062759862577593, 32.931662569771802 ], [ 77.067491053769203, 32.929717705807498 ], [ 77.070830718562902, 32.926941200975698 ], [ 77.092482877982505, 32.914437102790103 ], [ 77.097764131409605, 32.912492239725097 ], [ 77.1010906993764, 32.909712460461698 ], [ 77.114426438429504, 32.902489617501899 ], [ 77.1244192400559, 32.898881469104602 ], [ 77.144149454733594, 32.888885394845097 ], [ 77.155258750291097, 32.885552278914602 ], [ 77.1591484773205, 32.883332384282099 ], [ 77.169707711541704, 32.8799894450569 ], [ 77.204711980373602, 32.865828612200701 ], [ 77.209151769638495, 32.863327138037 ], [ 77.215271214594907, 32.861938885171497 ], [ 77.221099256725395, 32.859437411007796 ], [ 77.226380511051801, 32.858605769240903 ], [ 77.232035614452101, 32.856634714320599 ], [ 77.2630447898852, 32.845826640387202 ], [ 77.269151137115301, 32.8444351130901 ], [ 77.269376877740797, 32.844337515064304 ], [ 77.277187325135003, 32.840960697478202 ], [ 77.279435339769194, 32.8399887758613 ], [ 77.303588972453198, 32.834160732831599 ], [ 77.320330146419195, 32.831517280897799 ], [ 77.329985420790607, 32.829992700702597 ], [ 77.343871222079301, 32.828604447837101 ], [ 77.361374993261407, 32.829161058935803 ], [ 77.383505853712194, 32.831273157230498 ], [ 77.410811852984693, 32.8338791541997 ], [ 77.429703877931701, 32.831109197331699 ], [ 77.446091153384103, 32.824714720807798 ], [ 77.451660536104896, 32.823883079040897 ], [ 77.457763608903406, 32.823051437274003 ], [ 77.468047811557298, 32.825827943005201 ], [ 77.471924441759697, 32.827491227438301 ], [ 77.486923464346404, 32.839432164762599 ], [ 77.499421013668893, 32.852492873147597 ], [ 77.505265427057907, 32.861107243404597 ], [ 77.523879146005896, 32.880271025487502 ], [ 77.5322119367315, 32.883879172086097 ], [ 77.542479769026201, 32.885827310482 ], [ 77.599427598305098, 32.882490919220601 ], [ 77.616928096854195, 32.882765950787999 ], [ 77.633606775132606, 32.885827310482 ], [ 77.646651111359702, 32.891105290376899 ], [ 77.6616501348459, 32.902489617501899 ], [ 77.671096146869701, 32.911660597958303 ], [ 77.678040684729893, 32.9172136094206 ], [ 77.6849819490578, 32.924439726811997 ], [ 77.688308517024495, 32.926384589877003 ], [ 77.694427961081601, 32.933050822637398 ], [ 77.700272373571295, 32.941102033831797 ], [ 77.706375447269096, 32.9466550452942 ], [ 77.716720705796007, 32.958130033074603 ], [ 77.719148027259706, 32.960822426114099 ], [ 77.729707261480996, 32.971100079904801 ], [ 77.736402961427601, 32.975189531971402 ], [ 77.746094537832704, 32.979429597098303 ], [ 77.756941899549105, 32.980821124395398 ], [ 77.771531649666002, 32.9798748847182 ], [ 77.775542521670104, 32.976096480268403 ], [ 77.781098806664701, 32.966935322207398 ], [ 77.7883151016607, 32.943878538663697 ], [ 77.790266513588804, 32.939713780966301 ], [ 77.794434545717806, 32.925827978778301 ], [ 77.796372861718197, 32.912492239725097 ], [ 77.796372861718197, 32.903602838799998 ], [ 77.800812650983104, 32.883607414950298 ], [ 77.804702378012394, 32.878601192191297 ], [ 77.829985604152299, 32.853606094445702 ], [ 77.8344253925179, 32.847771504351499 ], [ 77.850540911733702, 32.8216631844085 ], [ 77.859986923757603, 32.8102723093196 ], [ 77.866089997455504, 32.804991054993302 ], [ 77.877762452974906, 32.7983313701966 ], [ 77.883040432869706, 32.793610001400502 ], [ 77.886658402763103, 32.789160388840898 ], [ 77.8902730991243, 32.783882409845397 ], [ 77.896651203490293, 32.769990059693598 ], [ 77.900819235619295, 32.758605731669199 ], [ 77.903870772917898, 32.753884362873102 ], [ 77.908035530615294, 32.7497163307441 ], [ 77.912766721806804, 32.748878140114101 ], [ 77.918319732369795, 32.749159719645398 ], [ 77.923309584769598, 32.746658246381003 ], [ 77.925536027365794, 32.742493486884896 ], [ 77.927765745293001, 32.732765896229203 ], [ 77.928040776860399, 32.717491841175601 ], [ 77.924697837635193, 32.712210586849203 ], [ 77.920533079937698, 32.707770798483601 ], [ 77.918594764836598, 32.703324460355603 ], [ 77.917756573307301, 32.698324784661096 ], [ 77.918319732369795, 32.693878448331802 ], [ 77.922484491865902, 32.689157078636299 ], [ 77.930267219456695, 32.684432435408603 ], [ 77.945816306077703, 32.677216140412597 ], [ 77.962770015024205, 32.664155432027599 ], [ 77.971374562885899, 32.655547610633803 ], [ 77.981933795308507, 32.640273556479499 ], [ 77.992629164404505, 32.627242260422001 ], [ 77.9947063770976, 32.624711373930801 ], [ 77.999709324525796, 32.620543340902501 ], [ 78.005265609520293, 32.618048414702599 ], [ 78.014999750837902, 32.617210224971998 ], [ 78.019989601438994, 32.618880057368798 ], [ 78.025267581333907, 32.622491479298397 ], [ 78.035263656492603, 32.631377605791897 ], [ 78.041091698623106, 32.635270607252799 ], [ 78.046936112012006, 32.6383286934145 ], [ 78.053864278613602, 32.640548587147599 ], [ 78.059708692002602, 32.641661809345102 ], [ 78.074707715488699, 32.636940439649599 ], [ 78.087205264811203, 32.637215471217097 ], [ 78.093871496672307, 32.639160335181401 ], [ 78.102767446460504, 32.647774705438302 ], [ 78.108870520158405, 32.648331315637698 ], [ 78.116653248648603, 32.639160335181401 ], [ 78.122481290779007, 32.635827218351501 ], [ 78.129150797970993, 32.635552186783997 ], [ 78.135270242028099, 32.636383829450203 ], [ 78.140273189456195, 32.640830166678903 ], [ 78.139710030393601, 32.669158381254398 ], [ 78.1422115054567, 32.673323138951702 ], [ 78.147764516918997, 32.677216140412597 ], [ 78.153045770346097, 32.679992646143802 ], [ 78.159715276638707, 32.681662477641297 ], [ 78.166093381904105, 32.681105868341199 ], [ 78.173034645332706, 32.678329361710702 ], [ 78.199706123438901, 32.660819041665498 ], [ 78.205262408433398, 32.659155758131803 ], [ 78.212203672761305, 32.658599147033001 ], [ 78.218873179953306, 32.659155758131803 ], [ 78.226089474949404, 32.6613756527642 ], [ 78.231658856770906, 32.664712043126301 ], [ 78.236373676703906, 32.669158381254398 ], [ 78.242476750401707, 32.678604393278199 ], [ 78.246641508998493, 32.687765552238503 ], [ 78.250550880818494, 32.6916585528 ], [ 78.256378922948997, 32.695266700297999 ], [ 78.266663125602804, 32.697768175360999 ], [ 78.272216137065101, 32.698043206029197 ], [ 78.283600463290796, 32.696936532694899 ], [ 78.293046477113293, 32.702492817689397 ], [ 78.296936204142597, 32.7080458291517 ], [ 78.308029128441603, 32.727769494966203 ], [ 78.311918855470907, 32.731934254462303 ], [ 78.316941449488397, 32.735267370392897 ], [ 78.326465354492598, 32.737889813264303 ], [ 78.328047471513699, 32.738325454756001 ], [ 78.339431798638699, 32.739716982053203 ], [ 78.3708180975772, 32.7463832139142 ], [ 78.382477456269697, 32.746658246381003 ], [ 78.388321869658597, 32.743325128651797 ], [ 78.3913734069572, 32.7377688436572 ], [ 78.392761659822796, 32.7219316313398 ], [ 78.401657608711702, 32.706939155817501 ], [ 78.403045861577297, 32.703049428788198 ], [ 78.401932640279199, 32.696379922495503 ], [ 78.396101323717204, 32.686102267805403 ], [ 78.386108523889305, 32.6630487586933 ], [ 78.384153837529695, 32.653877778236897 ], [ 78.383882080393704, 32.643325092878797 ], [ 78.386108523889305, 32.633047439088102 ], [ 78.388321869658597, 32.628601100960097 ], [ 78.393049786418601, 32.6236047014958 ], [ 78.404159083774701, 32.620543340902501 ], [ 78.406935588606601, 32.616385131168897 ], [ 78.4060973988759, 32.611938793940197 ], [ 78.395263133986504, 32.605825897846898 ], [ 78.322219429383196, 32.573051346042803 ], [ 78.315811856931703, 32.569443197645498 ], [ 78.309983814801299, 32.564993585985199 ], [ 78.305815782672298, 32.560547247857201 ], [ 78.300262772109306, 32.548049699434202 ], [ 78.297761297046307, 32.524711337258502 ], [ 78.294981517782901, 32.509162250637402 ], [ 78.287202063724294, 32.486105468892298 ], [ 78.282759000027895, 32.476652908005299 ], [ 78.281370746262994, 32.471931539209201 ], [ 78.282947354037205, 32.463329351168703 ], [ 78.283050401954497, 32.462767105817299 ], [ 78.286927032156896, 32.458327317451797 ], [ 78.317488237292395, 32.436933818341103 ], [ 78.327209280883693, 32.4355455654755 ], [ 78.332762291446699, 32.439988629171999 ], [ 78.335542071609396, 32.444434967299998 ], [ 78.342483335937303, 32.464158633114501 ], [ 78.349152843129303, 32.473319792074797 ], [ 78.359712075551897, 32.480270877898803 ], [ 78.371093130044002, 32.484160604928 ], [ 78.374694728678804, 32.4883286379563 ], [ 78.379700950538506, 32.502496018776299 ], [ 78.3833320181582, 32.506385745805602 ], [ 78.393599849553496, 32.513886894764397 ], [ 78.394348255467705, 32.514861108753202 ], [ 78.399123392930306, 32.521076996106601 ], [ 78.396215919828904, 32.524501788926401 ], [ 78.393246237923606, 32.533021207862497 ], [ 78.394113895739693, 32.538145302064102 ], [ 78.401474254933007, 32.544513584034704 ], [ 78.406051559531903, 32.550459496708498 ], [ 78.408327115903703, 32.554417981404796 ], [ 78.408769130890704, 32.556389038123598 ], [ 78.413369354712003, 32.560367168510098 ], [ 78.417036437481698, 32.564731652144097 ], [ 78.422451932710601, 32.568326701915801 ], [ 78.436491620591895, 32.571198158967903 ], [ 78.446900242652106, 32.5725274774612 ], [ 78.448484946123401, 32.573080813228998 ], [ 78.453438781574604, 32.575896609441003 ], [ 78.455285419786406, 32.576695508690797 ], [ 78.461676621878695, 32.578443922049402 ], [ 78.463035406658804, 32.578522502111802 ], [ 78.470657699693206, 32.578502857320998 ], [ 78.473175545115396, 32.577726876394301 ], [ 78.480611209939497, 32.576292785084 ], [ 78.497738450269296, 32.583518902475397 ], [ 78.5064706919689, 32.593036947497197 ], [ 78.516528975931607, 32.608867611850897 ], [ 78.525811278967396, 32.610910700668299 ], [ 78.5355781610034, 32.611378909309302 ], [ 78.5428239240849, 32.609329270729297 ], [ 78.546713651114104, 32.614220898275903 ], [ 78.555498278322901, 32.619407200382099 ], [ 78.563896552284106, 32.617108724787897 ], [ 78.575886603384106, 32.617835593737702 ], [ 78.578047562744899, 32.620821646901597 ], [ 78.577671031892706, 32.634930093349197 ], [ 78.580961583810094, 32.636256136511498 ], [ 78.610327714052801, 32.630873382000999 ], [ 78.611411467265398, 32.630935591704301 ], [ 78.626089620739407, 32.6329131972863 ], [ 78.632087920721006, 32.638469482280797 ], [ 78.637634383320204, 32.642444338235698 ], [ 78.645466224686601, 32.650767305666598 ], [ 78.655187267378494, 32.656346510782903 ], [ 78.665864372143105, 32.659568305033297 ], [ 78.672903860424896, 32.6612217661716 ], [ 78.674635902524898, 32.663834562914801 ], [ 78.684271818089996, 32.6829230384675 ], [ 78.696775914476902, 32.682415540245003 ], [ 78.698609456761105, 32.683433810222198 ], [ 78.699928951959606, 32.683970776530103 ], [ 78.709535398539899, 32.689127611450097 ], [ 78.715438746301203, 32.698400092090601 ], [ 78.720749468713095, 32.703124735318298 ], [ 78.730499979490503, 32.707007914383802 ], [ 78.7329392448503, 32.707354977150501 ], [ 78.739654589587701, 32.706182819681402 ], [ 78.742368885615605, 32.695099716878502 ], [ 78.743806250458107, 32.691242732366298 ], [ 78.7456954535824, 32.687244957189101 ], [ 78.745754388853996, 32.6801563551317 ], [ 78.744411974433206, 32.673850281965002 ], [ 78.742598078738396, 32.667930562945202 ], [ 78.741707500800601, 32.663199371753599 ], [ 78.740401102429004, 32.657711844426103 ], [ 78.743187430555494, 32.653367006482199 ], [ 78.746962561473097, 32.647087126969403 ], [ 78.756343090261495, 32.638482579107801 ], [ 78.769020718931102, 32.624773582734697 ], [ 78.774262682776595, 32.617740642416798 ], [ 78.779370405719703, 32.610658589222602 ], [ 78.779265632003401, 32.598704554171903 ], [ 78.775801547803297, 32.5917370970894 ], [ 78.771656434896599, 32.586989533740102 ], [ 78.766227842840706, 32.5805099300892 ], [ 78.761526118835405, 32.574328276328899 ], [ 78.758337067102005, 32.566434226158599 ], [ 78.762970032541006, 32.5468448012466 ], [ 78.768306947707501, 32.537591965396899 ], [ 78.779285276794198, 32.505521362421 ], [ 78.778417618977997, 32.498036583821303 ], [ 78.780395223660705, 32.483279850284902 ], [ 78.787415068051004, 32.476823165856402 ], [ 78.793508318454201, 32.469770579848401 ], [ 78.799637585805996, 32.458186526786797 ], [ 78.801837835647603, 32.454034865916299 ], [ 78.8043622290337, 32.447977630663203 ], [ 78.808523712299504, 32.439219197108301 ], [ 78.8142306103545, 32.432870559928503 ], [ 78.819361252519798, 32.429746991430498 ], [ 78.827880671455901, 32.427438693440997 ], [ 78.834049228389205, 32.422272036125598 ], [ 78.838547952925794, 32.417121749169397 ], [ 78.844097689956499, 32.412161364855102 ], [ 78.855246276894206, 32.411038321161598 ], [ 78.861745525335806, 32.411071061880101 ], [ 78.866535652698204, 32.410187032805403 ], [ 78.871034376335402, 32.408094832010903 ], [ 78.876201034550107, 32.4016938084226 ], [ 78.881531401752895, 32.398550594234599 ], [ 78.887503508080499, 32.394968640390502 ], [ 78.897142696278493, 32.393135099005697 ], [ 78.901346744456703, 32.3892159038909 ], [ 78.902322450420797, 32.382133850696697 ], [ 78.902351918506298, 32.377802108680399 ], [ 78.907030722390004, 32.371918405709899 ], [ 78.914947692681906, 32.367229779430801 ], [ 78.928077158733998, 32.361080867288301 ], [ 78.930090779465999, 32.359581291843199 ], [ 78.945914896755099, 32.351241953153597 ], [ 78.958314220325093, 32.341563474474803 ], [ 78.959754859599201, 32.340492816290499 ], [ 78.968496923694104, 32.334785919134902 ], [ 78.972206570476899, 32.335195190705498 ], [ 78.973090599551597, 32.342287068093697 ], [ 78.975382525383296, 32.3470215328176 ], [ 78.983194721958895, 32.359656598373299 ], [ 78.989638310459696, 32.368739176371903 ], [ 79.003972674699199, 32.377854495988203 ], [ 79.016342531082998, 32.379386813050999 ], [ 79.021243980125604, 32.379494861198999 ], [ 79.026495765467203, 32.379514505989697 ], [ 79.036989515553799, 32.381040274189303 ], [ 79.052139152100295, 32.383823327884301 ], [ 79.053222905312893, 32.383878988724398 ], [ 79.065749921821507, 32.383397684155803 ], [ 79.067717705008107, 32.382579139215999 ], [ 79.0688178294793, 32.382412155796402 ], [ 79.079193709921796, 32.3779036088645 ], [ 79.082867340655298, 32.375385763442303 ], [ 79.089841345701601, 32.372651821724197 ], [ 79.100488982380696, 32.372347322970597 ], [ 79.1032753105072, 32.377422304295997 ], [ 79.102767812284696, 32.387264491962803 ], [ 79.102266862925404, 32.395924700664501 ], [ 79.107325472992201, 32.406375886737898 ], [ 79.122592978283393, 32.418631146110499 ], [ 79.122550414270293, 32.428080433465297 ], [ 79.119233668698897, 32.444215597471903 ], [ 79.119845940637703, 32.452253710940099 ], [ 79.128434118140106, 32.465504321966897 ], [ 79.133505824134502, 32.474577076670798 ], [ 79.142513095602993, 32.479059430848103 ], [ 79.151687351390194, 32.485954855831999 ], [ 79.158527115534, 32.490794096070701 ], [ 79.165491299084195, 32.491992446294397 ], [ 79.178024863556701, 32.495567852174702 ], [ 79.183473100403305, 32.501192894836301 ], [ 79.186351105419206, 32.506222036817597 ], [ 79.188646306581902, 32.514102991060199 ], [ 79.194222236367196, 32.5145122635302 ], [ 79.200266374793401, 32.513343381391998 ], [ 79.204915711490997, 32.512567400465201 ], [ 79.208173521790599, 32.511395242996102 ], [ 79.212822859387501, 32.510615987637799 ], [ 79.2151442533047, 32.509882570724102 ], [ 79.217334680750994, 32.510259102475601 ], [ 79.220710361593902, 32.514571197902498 ], [ 79.221627131386995, 32.518906214350402 ], [ 79.224871845759097, 32.5220625253653 ], [ 79.229521182456693, 32.521286544438503 ], [ 79.236966669676093, 32.518153151746603 ], [ 79.243014082533904, 32.516195191854599 ], [ 79.2497425249976, 32.519243454721703 ], [ 79.253678089572205, 32.523336181219904 ], [ 79.257711880798695, 32.529707736722699 ], [ 79.259231101034501, 32.533554899738903 ], [ 79.263873889768306, 32.535925407431598 ], [ 79.266192010153205, 32.538292639793497 ], [ 79.269439998057507, 32.541052775165497 ], [ 79.273611303718695, 32.5457872398893 ], [ 79.274053318705697, 32.555040075738901 ], [ 79.270232348444196, 32.5634743657494 ], [ 79.273558916410906, 32.568041848852303 ], [ 79.277723675906998, 32.574341373155903 ], [ 79.283754716606893, 32.5806539942865 ], [ 79.295338769668504, 32.5991793098773 ], [ 79.305970035089103, 32.599343018865298 ], [ 79.307351739990807, 32.601196205940198 ], [ 79.306012600001594, 32.611008926420901 ], [ 79.302276758665499, 32.618090980514403 ], [ 79.298072710487304, 32.625173032809201 ], [ 79.297247616684203, 32.639838090355603 ], [ 79.290496255897594, 32.646995450079999 ], [ 79.282965638853199, 32.653278603125102 ], [ 79.277075387918899, 32.663323790260797 ], [ 79.274233398952305, 32.66805170792 ], [ 79.270942847034803, 32.680644207664102 ], [ 79.273722625398904, 32.686557378720103 ], [ 79.2830245750242, 32.690116414241203 ], [ 79.286272562029197, 32.6944547042213 ], [ 79.282982010111695, 32.707440105176801 ], [ 79.285293581633496, 32.715321059419402 ], [ 79.293557614692205, 32.7187491266709 ], [ 79.300178009007993, 32.724007460875697 ], [ 79.299231771129399, 32.731092789400698 ], [ 79.293154891085393, 32.7393535480279 ], [ 79.285251017620396, 32.752731851094097 ], [ 79.282395931826798, 32.757053769815698 ], [ 79.278064189810607, 32.765884237267798 ], [ 79.274518252015795, 32.7777629648889 ], [ 79.273188934421896, 32.781472611671703 ], [ 79.261807881728402, 32.788908277395102 ], [ 79.252947947989497, 32.7896809838903 ], [ 79.237110733873394, 32.786498480120798 ], [ 79.226852724873396, 32.786475560898403 ], [ 79.224505136402996, 32.791982733016802 ], [ 79.224547701315402, 32.803367061041001 ], [ 79.225850826154797, 32.809705874926202 ], [ 79.230015583852193, 32.819950787998501 ], [ 79.230922532149194, 32.828614271131698 ], [ 79.2311975628173, 32.857705368907702 ], [ 79.233584440869294, 32.873902743516801 ], [ 79.232147076026806, 32.8868914189039 ], [ 79.230202212062494, 32.895836480669097 ], [ 79.2306278557909, 32.900967122834501 ], [ 79.251209357925603, 32.939258670051601 ], [ 79.251635000754703, 32.944458068984801 ], [ 79.2483837393182, 32.951019528028802 ], [ 79.236599962118603, 32.959745219966003 ], [ 79.217550777046796, 32.967917576135299 ], [ 79.212600215127907, 32.968405428667701 ], [ 79.209876096704505, 32.969073362345902 ], [ 79.208229183530094, 32.970206229334003 ], [ 79.207947603998804, 32.971352192249903 ], [ 79.207381170504704, 32.973408377894401 ], [ 79.207610362728104, 32.976849541972904 ], [ 79.206513512688502, 32.977756490269897 ], [ 79.205148179045295, 32.978434246343497 ], [ 79.198013738543196, 32.984108400982002 ], [ 79.191985971375502, 32.987955563998099 ], [ 79.184907191713606, 32.988587480727702 ], [ 79.182844458105293, 32.988666060790102 ], [ 79.181374350745699, 32.988325545987202 ], [ 79.179724164039001, 32.989684331666602 ], [ 79.178620765136301, 32.9915113250876 ], [ 79.178312991951103, 32.993799977387098 ], [ 79.178306443087905, 32.994720022511103 ], [ 79.177720364803093, 32.997925445503 ], [ 79.177435510840198, 32.999068133987201 ], [ 79.176040710010795, 33.002270283446897 ], [ 79.175484098912094, 33.003180506175397 ], [ 79.169714992053301, 33.0081736321075 ], [ 79.168893172681805, 33.0090871283683 ], [ 79.165062380924198, 33.011097474668802 ], [ 79.140453636426201, 33.102938252898099 ], [ 79.137297325411296, 33.119639850398798 ], [ 79.137709872312797, 33.126695709939099 ], [ 79.139880654968294, 33.135241323428403 ], [ 79.143377479886894, 33.146337522158902 ], [ 79.152145736736401, 33.158671362493401 ], [ 79.156107495864305, 33.1623941061032 ], [ 79.159676352881405, 33.168235245060501 ], [ 79.158245536002795, 33.174531494932602 ], [ 79.155151434691007, 33.181145341284498 ], [ 79.149804697129099, 33.186397127525503 ], [ 79.146664757372704, 33.188263410528002 ], [ 79.145453310322097, 33.189615647344297 ], [ 79.131462734417696, 33.198472306651702 ], [ 79.117986205598996, 33.197745439500501 ], [ 79.106922748486099, 33.202538840395199 ], [ 79.093934073099007, 33.212528365791499 ], [ 79.086881487091006, 33.218019166651302 ], [ 79.077022927266299, 33.222711069160503 ], [ 79.069960518862899, 33.230559280886098 ], [ 79.070693935776504, 33.2367605803366 ], [ 79.0727239277671, 33.240411290948401 ], [ 79.081590409469896, 33.247529361091203 ], [ 79.080172689418106, 33.2502796731684 ], [ 79.071525577543397, 33.251514039441403 ], [ 79.065756470684605, 33.255348104731297 ], [ 79.053635453113699, 33.259768250104699 ], [ 79.052214457731097, 33.260387070007297 ], [ 79.046203061821899, 33.2637496540233 ], [ 79.039301087974906, 33.270609062957902 ], [ 79.036888016269003, 33.283987366024199 ], [ 79.035846827069506, 33.304061369936299 ], [ 79.0362953900203, 33.307607307731097 ], [ 79.035339328847002, 33.3111466984614 ], [ 79.031095991087199, 33.3158549704306 ], [ 79.024429757427399, 33.321836899153602 ], [ 79.020258450866905, 33.325657868515897 ], [ 79.016021661070894, 33.326302882072397 ], [ 79.014656327427602, 33.326227576441603 ], [ 79.008988719853605, 33.327975988001498 ], [ 78.9874282373233, 33.325923076788598 ], [ 78.975687025036194, 33.328630824852702 ], [ 78.966735413508601, 33.335283959886901 ], [ 78.960488276512805, 33.345427372775099 ], [ 78.957688851559297, 33.353324698276303 ], [ 78.954437590122694, 33.367403675739098 ], [ 78.947931792818096, 33.378686504478701 ], [ 78.937909524904697, 33.382189878260299 ], [ 78.926322197411494, 33.389239188937502 ], [ 78.918189131723096, 33.3975916253533 ], [ 78.898475287404693, 33.411375927357199 ], [ 78.8946019316339, 33.414908769224397 ], [ 78.888829550343502, 33.4152034446833 ], [ 78.873810882965898, 33.416742309709903 ], [ 78.862311958829906, 33.418795220922703 ], [ 78.860360546901802, 33.419148833451999 ], [ 78.848288641307803, 33.422406642852401 ], [ 78.845168346342206, 33.423614816370701 ], [ 78.839867448124295, 33.427540559449298 ], [ 78.835980994627306, 33.432684296642996 ], [ 78.835146078428807, 33.441393619120298 ], [ 78.831619785424806, 33.449441555883098 ], [ 78.824537733129901, 33.4540221349137 ], [ 78.820002991644799, 33.458416085733802 ], [ 78.815710541008698, 33.465812460976302 ], [ 78.814872349479401, 33.474521781655 ], [ 78.814803592711698, 33.483558522108197 ], [ 78.810144432719397, 33.4883715677936 ], [ 78.796209518554505, 33.497333001716697 ], [ 78.769498749967397, 33.521480087336201 ], [ 78.758759435499599, 33.533669861674802 ], [ 78.744919472655596, 33.549958913173398 ], [ 78.739949265945896, 33.555462810860099 ], [ 78.736714374868498, 33.563137492101603 ], [ 78.7370450672761, 33.569270032985699 ], [ 78.737719548918093, 33.580569231185102 ], [ 78.745266535422303, 33.599975302318398 ], [ 78.753229343259605, 33.615835434757599 ], [ 78.755131644110094, 33.619073600266503 ], [ 78.7554787068769, 33.623591970493102 ], [ 78.749565535820906, 33.624394144174502 ], [ 78.730941993578199, 33.622796343876203 ], [ 78.721928174146001, 33.622743957467698 ], [ 78.711110279615696, 33.6249376584462 ], [ 78.700993059482201, 33.634553928321203 ], [ 78.693203783927501, 33.642572396998602 ], [ 78.689304233603593, 33.647385442684097 ], [ 78.683047273313093, 33.6565433281121 ], [ 78.683309208952906, 33.669774293448903 ], [ 78.690044198481004, 33.678604759102399 ], [ 78.695345097598207, 33.681607183524797 ], [ 78.701867267060805, 33.685843974220099 ], [ 78.761643989378697, 33.7246593900189 ], [ 78.762347939106206, 33.7251145009335 ], [ 78.778849810670295, 33.737631695046701 ], [ 78.776096225060797, 33.745024794958397 ], [ 78.770235440413302, 33.755014322153301 ], [ 78.765736715876798, 33.761670732518297 ], [ 78.762560760071096, 33.769450185677599 ], [ 78.760367059092601, 33.777213269376901 ], [ 78.757207473646105, 33.785261206139801 ], [ 78.755982930667699, 33.792998096185201 ], [ 78.7589755317954, 33.8049521312359 ], [ 78.764318994925802, 33.8251472792236 ], [ 78.765523894012603, 33.840745476922301 ], [ 78.761997601008503, 33.859496712103599 ], [ 78.757286054607803, 33.867858970015497 ], [ 78.754483356121995, 33.879459394335598 ], [ 78.755982930667699, 33.884950195195401 ], [ 78.761355861883601, 33.8901463214956 ], [ 78.763634691787701, 33.894998656762603 ], [ 78.763608498133706, 33.898223725444602 ], [ 78.763958835332105, 33.902742094771902 ], [ 78.763137015960595, 33.908547217680002 ], [ 78.760484929635894, 33.911435045990601 ], [ 78.7472113993866, 33.915550690811699 ], [ 78.738158288574198, 33.918729921049099 ], [ 78.732340068839207, 33.922033569793498 ], [ 78.734929946359998, 33.931702226076901 ], [ 78.735738668904503, 33.944520645411501 ], [ 78.736449166595804, 33.951943213408597 ], [ 78.737955290004706, 33.9567922751434 ], [ 78.741265486712905, 33.976817166179302 ], [ 78.743527945358395, 33.984249557471202 ], [ 78.741910500269498, 33.991983173085004 ], [ 78.736419698510403, 34.000014739488698 ], [ 78.727464813450396, 34.005122461532402 ], [ 78.718513202822095, 34.0099093144634 ], [ 78.707613453797904, 34.015648953236699 ], [ 78.703707356409396, 34.019171971809101 ], [ 78.6998143549486, 34.021404963268502 ], [ 78.691664918900898, 34.022645878404603 ], [ 78.687012306872504, 34.022937280331298 ], [ 78.682755871386405, 34.022266073120797 ], [ 78.672661571374505, 34.024459774099299 ], [ 78.667599687775393, 34.027327956719901 ], [ 78.660985842322802, 34.029865446932902 ], [ 78.654375270402397, 34.032402937145903 ], [ 78.650839155902403, 34.037543401706699 ], [ 78.650757300508999, 34.045928578840901 ], [ 78.651078170521203, 34.052706134180802 ], [ 78.659528831790198, 34.060829377473901 ], [ 78.661529356594599, 34.063576415119499 ], [ 78.663729605536901, 34.0676298511368 ], [ 78.661748726422601, 34.072135123637104 ], [ 78.656660648270403, 34.076938347826598 ], [ 78.658156949283907, 34.082756566662297 ], [ 78.659649976765095, 34.088895657308797 ], [ 78.665432179551502, 34.092484159116701 ], [ 78.673191988819298, 34.091888258436398 ], [ 78.679154272751504, 34.086705229862503 ], [ 78.683197886373407, 34.0837617407118 ], [ 78.6872153063414, 34.084881510873103 ], [ 78.692214981136502, 34.089429348285798 ], [ 78.700400434132803, 34.092202580484802 ], [ 78.713523350422307, 34.091338196200901 ], [ 78.725546144039299, 34.091410228299402 ], [ 78.734877559951499, 34.091691806931401 ], [ 78.748154363732993, 34.094586183205799 ], [ 78.755013772667596, 34.099098005468598 ], [ 78.756333267866097, 34.099857615136898 ], [ 78.757384279460993, 34.100604127978201 ], [ 78.760687929104705, 34.104464386921997 ], [ 78.761444264341407, 34.1054269969584 ], [ 78.766876130828805, 34.110367736481898 ], [ 78.779203421400794, 34.120599551827901 ], [ 78.786115218542506, 34.129348162987398 ], [ 78.791350633524999, 34.134180854363002 ], [ 78.8000042933635, 34.139105223527302 ], [ 78.805832336393294, 34.137844662701099 ], [ 78.811287122103096, 34.134969932116697 ], [ 78.816741907812897, 34.131774331520297 ], [ 78.827071948911396, 34.127603024959697 ], [ 78.831803140102906, 34.1274000254908 ], [ 78.833116086438295, 34.128388828281899 ], [ 78.836485218418105, 34.131329043001003 ], [ 78.839801964888807, 34.1409060223951 ], [ 78.843812835993603, 34.1435319150659 ], [ 78.849634329260894, 34.142916368695502 ], [ 78.854673294536994, 34.1439084459181 ], [ 78.859797387839293, 34.1536262150778 ], [ 78.861107060642397, 34.158088924464302 ], [ 78.864639901610204, 34.1633014202244 ], [ 78.869583914665995, 34.165982974634602 ], [ 78.876593936660896, 34.164977801484397 ], [ 78.881344772643203, 34.157912117750101 ], [ 78.885254145362595, 34.1537375376573 ], [ 78.891092009888396, 34.151183676185802 ], [ 78.904322976124504, 34.145440762980897 ], [ 78.908206153391305, 34.145136264227297 ], [ 78.914747967644601, 34.148325315960598 ], [ 78.920955815058903, 34.153259507520303 ], [ 78.924030270680504, 34.157790973674501 ], [ 78.925159864136504, 34.163278501002097 ], [ 78.926633245028299, 34.175222712758 ], [ 78.927363387510297, 34.182645281654501 ], [ 78.929282057820799, 34.1858801727318 ], [ 78.933112848679102, 34.193636706668698 ], [ 78.937159736732497, 34.204470972457401 ], [ 78.939193004054005, 34.2143098856927 ], [ 78.941098576638097, 34.217109310646201 ], [ 78.944978480372598, 34.220786215811202 ], [ 78.951923019132096, 34.227589964805098 ], [ 78.956163083359698, 34.232769718947402 ], [ 78.9584353644006, 34.242133877376602 ], [ 78.959178604608894, 34.247945548248502 ], [ 78.963376104823496, 34.260380886968399 ], [ 78.968749036039199, 34.271372312882001 ], [ 78.969495548880602, 34.276051117664998 ], [ 78.971024590612402, 34.280412326867499 ], [ 78.974089224737995, 34.287681009171301 ], [ 78.975218816395298, 34.293816824486903 ], [ 78.975582250420601, 34.298331920282003 ], [ 78.974000821380898, 34.302680031758101 ], [ 78.973640661787101, 34.304281107387197 ], [ 78.973604645737893, 34.310220471197901 ], [ 78.974469030021794, 34.315046613710301 ], [ 78.976246909667196, 34.316909623180599 ], [ 78.979910718904605, 34.320344239295302 ], [ 78.981574002438293, 34.320429367321502 ], [ 78.991691221672596, 34.3188937758271 ], [ 79.017465574776494, 34.315112096945803 ], [ 79.026404088577905, 34.3154657094749 ], [ 79.033387916918898, 34.318071957355002 ], [ 79.037627982045805, 34.321293750706097 ], [ 79.043717958017396, 34.325288252351001 ], [ 79.043930779881606, 34.326218118970999 ], [ 79.043852199819199, 34.327134889663498 ], [ 79.042260947484806, 34.330844537345598 ], [ 79.039530281097697, 34.333093900063503 ], [ 79.039068620420593, 34.3353923747583 ], [ 79.037261272689605, 34.336266581437698 ], [ 79.020045629902, 34.340762030643198 ], [ 79.014201216513001, 34.3426774274214 ], [ 78.996651605986898, 34.351963004888802 ], [ 78.988109267828506, 34.353884948731398 ], [ 78.981423389377994, 34.359048332514597 ], [ 78.980277426462095, 34.359447783488498 ], [ 78.972458682821994, 34.363632185976599 ], [ 78.971243961339795, 34.364948406743601 ], [ 78.9667419623717, 34.372986521111102 ], [ 78.963320443983406, 34.382730483924703 ], [ 78.956758984939199, 34.3882474793377 ], [ 78.950924393945698, 34.387576272127298 ], [ 78.945400850568802, 34.385251602879201 ], [ 78.939602275624594, 34.381889018863198 ], [ 78.931868660909998, 34.3745941438047 ], [ 78.924907751791395, 34.369948080639503 ], [ 78.918388856760401, 34.365498468979197 ], [ 78.914515500989594, 34.363222913506704 ], [ 78.910065888429997, 34.361716790097802 ], [ 78.909057441747606, 34.360285973219199 ], [ 78.897696032945603, 34.357201694302802 ], [ 78.890528850825902, 34.357912191994103 ], [ 78.880195535295798, 34.363799169396202 ], [ 78.876129002451506, 34.369345631995401 ], [ 78.872939950718205, 34.377125086053901 ], [ 78.875981664722104, 34.390126859167303 ], [ 78.876404034019004, 34.393469797493204 ], [ 78.869482415381199, 34.404850851085897 ], [ 78.867989388799302, 34.406150701493701 ], [ 78.859270244826007, 34.410272894278698 ], [ 78.853871119956295, 34.413769720096603 ], [ 78.848936929295903, 34.4150433759511 ], [ 78.836835556515794, 34.416467644866003 ], [ 78.828758151667401, 34.418651524348398 ], [ 78.825163100996306, 34.420115082844902 ], [ 78.823820686575502, 34.423327053800598 ], [ 78.821777597758, 34.424594161691303 ], [ 78.820608715619798, 34.425222804888598 ], [ 78.820268200816898, 34.426123205221799 ], [ 78.810295044880505, 34.432714131452002 ], [ 78.809096694656802, 34.433801159096298 ], [ 78.807341733334397, 34.434855446022098 ], [ 78.796402694728599, 34.439553894696502 ], [ 78.795256731812799, 34.439953344771098 ], [ 78.787621341951393, 34.4416068068087 ], [ 78.785620817147006, 34.442192885093597 ], [ 78.782225490613996, 34.442923028475001 ], [ 78.778122942619703, 34.441872015081501 ], [ 78.770343488561195, 34.440860293068098 ], [ 78.764885428419902, 34.4417967094506 ], [ 78.761378781105904, 34.442422078216403 ], [ 78.757469408386598, 34.444010056119197 ], [ 78.749398552401303, 34.449887211125898 ], [ 78.747352189152295, 34.451154319016702 ], [ 78.740823472625195, 34.456317701900502 ], [ 78.743318397925805, 34.4593659647675 ], [ 78.746428869596699, 34.462355292362901 ], [ 78.749987905117806, 34.465344619059003 ], [ 78.751372883551795, 34.467237095715497 ], [ 78.753759761603803, 34.468746492656599 ], [ 78.754797676371695, 34.4697221995199 ], [ 78.755468883582196, 34.471824222709699 ], [ 78.756896426928606, 34.474892131266898 ], [ 78.757325345088603, 34.4765259467151 ], [ 78.7572336672999, 34.477668636098699 ], [ 78.756506800148799, 34.483378807685902 ], [ 78.755272432976497, 34.484920947143998 ], [ 78.749703051154896, 34.488525821109803 ], [ 78.748275508707806, 34.488912174357402 ], [ 78.729396580587803, 34.493191529065903 ], [ 78.7211063538752, 34.498007849182898 ], [ 78.719947294132396, 34.498633217948701 ], [ 78.718781685526395, 34.499258585815099 ], [ 78.714021027148803, 34.503138491348302 ], [ 78.713110803520806, 34.504012697128303 ], [ 78.713019126631394, 34.505158660044202 ], [ 78.711807679580801, 34.509912771357399 ], [ 78.711699631432893, 34.511287927395998 ], [ 78.711296907826096, 34.512879178831099 ], [ 78.709273463799406, 34.521611420530697 ], [ 78.706444571659702, 34.523900071930797 ], [ 78.693865167843299, 34.526791173773702 ], [ 78.687565643539699, 34.528975053256097 ], [ 78.676361396661207, 34.5318857998898 ], [ 78.674085840289393, 34.5324522333839 ], [ 78.672111510038206, 34.532802571481596 ], [ 78.670981916582306, 34.532972828433302 ], [ 78.665032729476906, 34.534256306683197 ], [ 78.663277769053906, 34.535307319177498 ], [ 78.661535904558406, 34.5361324129805 ], [ 78.660651875483694, 34.536777425637801 ], [ 78.649352676385007, 34.538686274452097 ], [ 78.647378346133806, 34.539036610750998 ], [ 78.645377821329504, 34.539616141072102 ], [ 78.636740531850094, 34.539596496281298 ], [ 78.634491170031595, 34.539933736652699 ], [ 78.633102916266594, 34.539855157489598 ], [ 78.618735810409305, 34.538371953302999 ], [ 78.617622589111207, 34.538309742700498 ], [ 78.615684274010107, 34.538204968984203 ], [ 78.609031138076602, 34.535690397993498 ], [ 78.599231513523605, 34.529312294526797 ], [ 78.593462406664798, 34.523520266646997 ], [ 78.587280753803796, 34.513864708089798 ], [ 78.582159934933102, 34.508292051836698 ], [ 78.579733765500904, 34.507280329823402 ], [ 78.573444064491994, 34.508531067354902 ], [ 78.565428869346903, 34.511959133707101 ], [ 78.564299276790194, 34.512126117126698 ], [ 78.561287030871796, 34.514948462201801 ], [ 78.560920321515695, 34.516078053859097 ], [ 78.559623746438803, 34.5217554838285 ], [ 78.559823471476093, 34.522685351347903 ], [ 78.558422121783593, 34.529760855679001 ], [ 78.559175183487994, 34.543126062817599 ], [ 78.559532069549405, 34.551848482121798 ], [ 78.557983382127404, 34.559143357180197 ], [ 78.557616673670594, 34.5602729488376 ], [ 78.556411774583793, 34.561356702949503 ], [ 78.556336468953006, 34.562266925678102 ], [ 78.551749341059306, 34.567302616522603 ], [ 78.549935444465206, 34.5690412056871 ], [ 78.547469986350805, 34.571893017948497 ], [ 78.545937669287994, 34.573647979270902 ], [ 78.542732246296197, 34.575304713941399 ], [ 78.541573186553407, 34.575930082707202 ], [ 78.540404303515899, 34.5765521770414 ], [ 78.533927973397297, 34.5773445292267 ], [ 78.527199531833006, 34.577884769066898 ], [ 78.524383735621001, 34.578189267820498 ], [ 78.522720452087199, 34.5780943173989 ], [ 78.511490011554798, 34.579076571326802 ], [ 78.510062469107694, 34.579456375711203 ], [ 78.508078314662598, 34.579803439377301 ], [ 78.501362969925196, 34.579053652104399 ], [ 78.497319355404002, 34.579394166008001 ], [ 78.490777542049997, 34.580062098786897 ], [ 78.485339127598706, 34.578084494104203 ], [ 78.477186417119498, 34.574780845359797 ], [ 78.466912036861103, 34.570989344083003 ], [ 78.462888068929303, 34.569843380267898 ], [ 78.459325759875995, 34.5675874704854 ], [ 78.456670399119702, 34.564411513780399 ], [ 78.454483246104999, 34.559938982897798 ], [ 78.451883545289405, 34.552126787221503 ], [ 78.445669150810701, 34.546878275412197 ], [ 78.440767701768095, 34.544242559446602 ], [ 78.437185747924005, 34.5438398349404 ], [ 78.434026162477494, 34.545300119904603 ], [ 78.432005992882296, 34.5490654284268 ], [ 78.431639284425501, 34.550188472120297 ], [ 78.429429213087801, 34.566854052672397 ], [ 78.429252406373493, 34.568910239216201 ], [ 78.429694420461203, 34.5703148633403 ], [ 78.429085423853294, 34.581090192058802 ], [ 78.429412841829205, 34.583866697789901 ], [ 78.429727162978196, 34.5868723957445 ], [ 78.426322014949093, 34.594272045418599 ], [ 78.425375777070499, 34.595594814149401 ], [ 78.419875152916006, 34.598040627472997 ], [ 78.417861530385395, 34.598846076485302 ], [ 78.403785826454794, 34.603796638404198 ], [ 78.394873505408, 34.606969318879003 ], [ 78.393495075837194, 34.606887464384997 ], [ 78.392342564058197, 34.6072803664958 ], [ 78.380011999054503, 34.607958121670002 ], [ 78.359495980155401, 34.606553498445201 ], [ 78.357603503498893, 34.605754598296102 ], [ 78.3556684628293, 34.605643275716702 ], [ 78.347260365573405, 34.606078741840498 ], [ 78.345597082039802, 34.6059837914189 ], [ 78.343675137297794, 34.605643275716702 ], [ 78.334006481014299, 34.6078500744214 ], [ 78.332824502049206, 34.608698087446797 ], [ 78.331658892543899, 34.609320180881703 ], [ 78.325958543352201, 34.611147174302701 ], [ 78.320130502121103, 34.613717406133503 ], [ 78.318702958774594, 34.614093936985697 ], [ 78.316443773661305, 34.614424629393199 ], [ 78.306434602574896, 34.616215605865598 ], [ 78.288560848504403, 34.621562344326797 ], [ 78.2845172348825, 34.621893035835001 ], [ 78.278640079875899, 34.624807056900202 ], [ 78.273879420598902, 34.6296692163613 ], [ 78.271797041300502, 34.631162242943198 ], [ 78.270631432694501, 34.631781062845803 ], [ 78.266280046786804, 34.637045945913698 ], [ 78.265847855094506, 34.638859842507799 ], [ 78.265075147700003, 34.641344946312302 ], [ 78.265297792858902, 34.647687033729603 ], [ 78.263261252005194, 34.652968288056101 ], [ 78.263804765377699, 34.6580596397406 ], [ 78.266211289119795, 34.664179083797698 ], [ 78.266928334774903, 34.665603352712601 ], [ 78.267111688553697, 34.666762413354697 ], [ 78.270569223890604, 34.672020746660202 ], [ 78.273558550586699, 34.676332843885703 ], [ 78.274475321279098, 34.678686980319902 ], [ 78.274756901709694, 34.6819218713973 ], [ 78.274367274030496, 34.683280656177402 ], [ 78.274252677918795, 34.684655812216 ], [ 78.273663324303001, 34.691551237199903 ], [ 78.271826508486598, 34.694501274314398 ], [ 78.269180971024994, 34.698387726912102 ], [ 78.268470473333707, 34.700188526679199 ], [ 78.268074297690802, 34.701540763495501 ], [ 78.265104615785503, 34.706890775488901 ], [ 78.263601766808193, 34.7081840770336 ], [ 78.257714788506703, 34.7117496605185 ], [ 78.254054254600206, 34.712142561729898 ], [ 78.244588597785594, 34.714277328336102 ], [ 78.236023339505493, 34.716045384686801 ], [ 78.221168381115902, 34.717754508463798 ], [ 78.215019468973395, 34.717721765946798 ], [ 78.210808871931903, 34.719506195354697 ], [ 78.207207272397696, 34.724446933978903 ], [ 78.205465408801601, 34.729878800466302 ], [ 78.205334440532098, 34.738905716725498 ], [ 78.205874680372204, 34.7493274347134 ], [ 78.208038915063895, 34.753927660333297 ], [ 78.211823867477605, 34.761969048232999 ], [ 78.221282976328297, 34.768962698969503 ], [ 78.227690548779805, 34.775772995927099 ], [ 78.228905270262103, 34.777911036065497 ], [ 78.229966105151703, 34.785107686270699 ], [ 78.230293523127699, 34.7911027109214 ], [ 78.230322990313795, 34.794095312049102 ], [ 78.230493247265599, 34.801920605451599 ], [ 78.230162555757403, 34.809032125831997 ], [ 78.230270603905296, 34.8143264769854 ], [ 78.231223390647003, 34.826110254184897 ], [ 78.233976977155805, 34.846279210317299 ], [ 78.235077101626999, 34.874653262438201 ], [ 78.235627163862603, 34.882704472733302 ], [ 78.235253907441901, 34.883834066189202 ], [ 78.228178401312206, 34.888025016641301 ], [ 78.219115469003697, 34.889334690343702 ], [ 78.208680653289605, 34.8903365890624 ], [ 78.207246562878694, 34.890713119914601 ], [ 78.203942914134302, 34.893280078213103 ], [ 78.203566383281995, 34.894409669870399 ], [ 78.204139364739902, 34.898351784207499 ], [ 78.201621519317698, 34.909935837269103 ], [ 78.199571882536404, 34.916038910067698 ], [ 78.191281655823801, 34.920793021380902 ], [ 78.1806209223178, 34.926810966153198 ], [ 78.179281782328502, 34.932337783062302 ], [ 78.179641942821405, 34.938277147772197 ], [ 78.182310399505397, 34.940533058453902 ], [ 78.189123970894599, 34.945300265694797 ], [ 78.194703176010805, 34.948849477921101 ], [ 78.198789353645793, 34.953312187307603 ], [ 78.201673906625601, 34.958943777933001 ], [ 78.201791778068198, 34.963544002653599 ], [ 78.201251537328602, 34.969476819399702 ], [ 78.199355787139893, 34.975763245977099 ], [ 78.196602200631105, 34.979073442685298 ], [ 78.189559437018502, 34.983326603739798 ], [ 78.181622821935704, 34.9861554967788 ], [ 78.175752215792201, 34.9868365263846 ], [ 78.168974660452207, 34.987880990015697 ], [ 78.165801979977502, 34.9889614696961 ], [ 78.158088009154397, 34.992219279995801 ], [ 78.148121402081102, 35.002886562364999 ], [ 78.127860769958602, 35.028634720915697 ], [ 78.126907984116301, 35.029954216114199 ], [ 78.120398911480706, 35.038005427308697 ], [ 78.122363419336395, 35.045817622984899 ], [ 78.128780815082607, 35.049966011222502 ], [ 78.137123427304402, 35.054677556723902 ], [ 78.144424852125297, 35.064107198388598 ], [ 78.148308030291403, 35.070573706111702 ], [ 78.141641797530994, 35.091803496234398 ], [ 78.128450122675105, 35.107460629204702 ], [ 78.122144049508293, 35.109326912207301 ], [ 78.099061074109301, 35.105207992954497 ], [ 78.0760697747004, 35.100954831899998 ], [ 78.062842083795204, 35.109340009034298 ], [ 78.060029562014705, 35.115616614115503 ], [ 78.059836384941306, 35.154559722853001 ], [ 78.057587023122693, 35.1812410242539 ], [ 78.055347482800101, 35.1862865374937 ], [ 78.049303344373897, 35.195568840529603 ], [ 78.034523691615107, 35.210515476707897 ], [ 78.024586552627298, 35.217207903122301 ], [ 78.0145610093832, 35.229342018419501 ], [ 78.011889278267603, 35.238028419875697 ], [ 78.011715746884207, 35.248040865393598 ], [ 78.013699900430098, 35.2641956741911 ], [ 78.015386104085493, 35.271447985236399 ], [ 78.016424018853499, 35.290006043344199 ], [ 78.018693026362101, 35.316176572091202 ], [ 78.015697150802893, 35.351799661725103 ], [ 78.011093652550102, 35.361343899501399 ], [ 78.011008523624497, 35.3622573957622 ], [ 78.010880830685807, 35.366746297903397 ], [ 78.011696102093495, 35.367450246731501 ], [ 78.014433316444496, 35.369116804696802 ], [ 78.018860009781704, 35.370816105179202 ], [ 78.024367181900004, 35.373455094676999 ], [ 78.030388401103906, 35.377482337939497 ], [ 78.037277278123995, 35.3806124553007 ], [ 78.044126864663198, 35.385111178937798 ], [ 78.048370202423001, 35.3923078291431 ], [ 78.051781899315202, 35.3992523670032 ], [ 78.056061254922994, 35.4029685626491 ], [ 78.056951831961598, 35.403718349922002 ], [ 78.067877773740307, 35.411972561484603 ], [ 78.072464901634007, 35.417568136060702 ], [ 78.075454228330003, 35.421572459201698 ], [ 78.077903316085198, 35.422495777857897 ], [ 78.082009138510998, 35.425334493292297 ], [ 78.088036905678706, 35.429355187691797 ], [ 78.095259749537902, 35.431113423445801 ], [ 78.100462422902496, 35.434662634772799 ], [ 78.104551875868395, 35.437953186690301 ], [ 78.106346126772394, 35.443263908202901 ], [ 78.107023881946603, 35.448548436960799 ], [ 78.107079542786707, 35.455650134945799 ], [ 78.108582391764003, 35.461409420308499 ], [ 78.111457122348398, 35.467656557304302 ], [ 78.115746299452198, 35.473929887954 ], [ 78.121741325901596, 35.479096546168698 ], [ 78.128220929552299, 35.486794144834001 ], [ 78.133629876817395, 35.493090394706002 ], [ 78.137938698712006, 35.495490370484298 ], [ 78.133692086520597, 35.496024061461299 ], [ 78.131770141778702, 35.496253253684699 ], [ 78.129340699713595, 35.496557753337697 ], [ 78.125699810597794, 35.497094718746297 ], [ 78.117160746870994, 35.497310815042098 ], [ 78.109908435825702, 35.4972322340804 ], [ 78.104921857857505, 35.497179846772603 ], [ 78.098563397382904, 35.497851053982998 ], [ 78.090869073149193, 35.497025961079302 ], [ 78.082267799719304, 35.496191044880803 ], [ 78.068715963471007, 35.493074024346797 ], [ 78.064659253921505, 35.491669401122003 ], [ 78.061836909745594, 35.491734884357498 ], [ 78.051680400030506, 35.491820013282997 ], [ 78.050256132014994, 35.491967351012498 ], [ 78.046061905332706, 35.492081947124198 ], [ 78.043403271044099, 35.488342833155301 ], [ 78.041255407611004, 35.481273875888697 ], [ 78.039091173818704, 35.475314866387997 ], [ 78.033312244564499, 35.4685766024283 ], [ 78.0269341392992, 35.470357756505301 ], [ 78.021865707736296, 35.475108593386999 ], [ 78.017258935051899, 35.4794305121085 ], [ 78.016014746383505, 35.480740184012298 ], [ 78.009253562302106, 35.490222212984797 ], [ 78.008009373633797, 35.491528611356401 ], [ 78.007652487572301, 35.492429010790303 ], [ 78.000000726452399, 35.491967351012498 ], [ 77.995675533299305, 35.490012664652802 ], [ 77.991320872960003, 35.488719364007501 ], [ 77.980126448476895, 35.488657154304299 ], [ 77.972176736567206, 35.489040233120299 ], [ 77.966911853499298, 35.4848656521282 ], [ 77.962822401432703, 35.480831860901702 ], [ 77.955887685967994, 35.479600769060298 ], [ 77.949214906143098, 35.479597495527997 ], [ 77.939680489862795, 35.483536335433598 ], [ 77.931832279036499, 35.4886604278365 ], [ 77.924354048400701, 35.493607716223103 ], [ 77.918801037837696, 35.494806066446898 ], [ 77.915255100042899, 35.4920786726926 ], [ 77.916427256612707, 35.475730686821798 ], [ 77.912756899411406, 35.465914692808902 ], [ 77.904990543079194, 35.465407195485703 ], [ 77.896526784983195, 35.469139761490801 ], [ 77.890666000335699, 35.473514067520199 ], [ 77.884412314476805, 35.478952481971497 ], [ 77.873276824366002, 35.491905142208601 ], [ 77.868064328605996, 35.4964333339313 ], [ 77.861195096376704, 35.4969572034123 ], [ 77.854207994503398, 35.488506542143298 ], [ 77.843337713564694, 35.4972256861166 ], [ 77.834880503432501, 35.501305314888398 ] ] ] } }
]
}
